{"level":"error","time":"2026-06-10T13:45:07.772+0530","caller":"globalconfigvalidator/setup.go:54","msg":"2026-06-10T13:45:07+05:30    error    \u001b[91mERR::NO::USER\u001b[0m     Unable to find LT username.    Unable to parse LT username. Use --user cli flag or LT_USERNAME environment variable"}
{"level":"error","time":"2026-06-10T13:45:07.775+0530","caller":"cmd/bin.go:127","msg":"2026-06-10T13:45:07+05:30    error    \u001b[91mERR::NO::USER\u001b[0m     Unable to find LT username."}
{"level":"error","time":"2026-06-10T13:46:17.146+0530","caller":"globalconfigvalidator/setup.go:54","msg":"2026-06-10T13:46:17+05:30    error    \u001b[91mERR::NO::USER\u001b[0m     Unable to find LT username.    Unable to parse LT username. Use --user cli flag or LT_USERNAME environment variable"}
{"level":"error","time":"2026-06-10T13:46:17.147+0530","caller":"cmd/bin.go:127","msg":"2026-06-10T13:46:17+05:30    error    \u001b[91mERR::NO::USER\u001b[0m     Unable to find LT username."}
{"level":"debug","time":"2026-06-10T13:48:28.479+0530","caller":"cmd/bin.go:145","msg":"cli os: windows, cli arch: amd64"}
{"level":"error","time":"2026-06-10T13:48:29.591+0530","caller":"cmd/bin.go:151","msg":"2026-06-10T13:48:27+05:30    error    \u001b[91mERR::UP::VER\u001b[0m     Unable to fetch latest version from upstream  \u001b[91mERR::HTTP::RESP\u001b[0m     non-20x status code 401    Invalid user/key credentials"}
{"level":"error","time":"2026-06-10T14:37:00.971+0530","caller":"globalconfigvalidator/setup.go:54","msg":"2026-06-10T14:37:00+05:30    error    \u001b[91mERR::NO::USER\u001b[0m     Unable to find LT username.    Unable to parse LT username. Use --user cli flag or LT_USERNAME environment variable"}
{"level":"error","time":"2026-06-10T14:37:00.982+0530","caller":"cmd/bin.go:127","msg":"2026-06-10T14:37:00+05:30    error    \u001b[91mERR::NO::USER\u001b[0m     Unable to find LT username."}
{"level":"error","time":"2026-06-10T14:40:09.962+0530","caller":"globalconfigvalidator/setup.go:54","msg":"2026-06-10T14:40:09+05:30    error    \u001b[91mERR::NO::USER\u001b[0m     Unable to find LT username.    Unable to parse LT username. Use --user cli flag or LT_USERNAME environment variable"}
{"level":"error","time":"2026-06-10T14:40:09.964+0530","caller":"cmd/bin.go:127","msg":"2026-06-10T14:40:09+05:30    error    \u001b[91mERR::NO::USER\u001b[0m     Unable to find LT username."}
{"level":"error","time":"2026-06-10T14:41:41.897+0530","caller":"globalconfigvalidator/setup.go:54","msg":"2026-06-10T14:41:41+05:30    error    \u001b[91mERR::NO::USER\u001b[0m     Unable to find LT username.    Unable to parse LT username. Use --user cli flag or LT_USERNAME environment variable"}
{"level":"error","time":"2026-06-10T14:41:41.899+0530","caller":"cmd/bin.go:127","msg":"2026-06-10T14:41:41+05:30    error    \u001b[91mERR::NO::USER\u001b[0m     Unable to find LT username."}
{"level":"error","time":"2026-06-10T14:43:31.725+0530","caller":"globalconfigvalidator/setup.go:54","msg":"2026-06-10T14:43:31+05:30    error    \u001b[91mERR::NO::USER\u001b[0m     Unable to find LT username.    Unable to parse LT username. Use --user cli flag or LT_USERNAME environment variable"}
{"level":"error","time":"2026-06-10T14:43:31.726+0530","caller":"cmd/bin.go:127","msg":"2026-06-10T14:43:31+05:30    error    \u001b[91mERR::NO::USER\u001b[0m     Unable to find LT username."}
{"level":"debug","time":"2026-06-10T14:45:11.042+0530","caller":"cmd/bin.go:145","msg":"cli os: windows, cli arch: amd64"}
{"level":"debug","time":"2026-06-10T14:45:11.824+0530","caller":"cmd/bin.go:154","msg":"Upstream version details: {Name:cli Min:0.2.265 Max:0.2.342} "}
{"level":"info","time":"2026-06-10T14:45:11.824+0530","caller":"cmd/bin.go:202","msg":"Generating TraceID for tracking request: 01KTRD0VBDQSTE29YNFTRMNABK \n"}
{"level":"warn","time":"2026-06-10T14:45:11.858+0530","caller":"globalconfigvalidator/setup.go:45","msg":"Found user credentials in env and cli flag both, credentials in env will be ignored"}
{"level":"warn","time":"2026-06-10T14:45:11.859+0530","caller":"globalconfigvalidator/setup.go:50","msg":"Found key credentials in env and cli flag both, credentials in env will be ignored"}
{"level":"debug","time":"2026-06-10T14:45:15.907+0530","caller":"core/lifecycle.go:123","msg":"Setting environment"}
{"level":"debug","time":"2026-06-10T14:45:15.907+0530","caller":"core/lifecycle.go:126","msg":"Parsing config"}
{"level":"debug","time":"2026-06-10T14:45:15.907+0530","caller":"yamlconfigmanager/setup.go:725","msg":"Custom location for .hyperexecute.yaml specified. Using: RELATIVE_PATH_OF_YOUR_YAML_FILE"}
{"level":"error","time":"2026-06-10T14:45:15.908+0530","caller":"core/lifecycle.go:131","msg":"2026-06-10T14:45:10+05:30    error    \u001b[91mERR::NO::HTY\u001b[0m     Unable to find hyperexecute config file.    No file found at location RELATIVE_PATH_OF_YOUR_YAML_FILE"}
{"level":"debug","time":"2026-06-10T14:45:15.908+0530","caller":"core/lifecycle.go:75","msg":"Quit requested from main goroutine...."}
{"level":"debug","time":"2026-06-10T14:45:15.908+0530","caller":"core/lifecycle.go:76","msg":"Waiting for the goroutines to exit"}
{"level":"debug","time":"2026-06-10T14:45:15.908+0530","caller":"core/lifecycle.go:79","msg":"All lifecycle goroutines exited"}
{"level":"debug","time":"2026-06-10T14:45:15.908+0530","caller":"cmd/bin.go:361","msg":"main: all goroutines have finished."}
{"level":"debug","time":"2026-06-10T14:45:15.908+0530","caller":"cmd/bin.go:400","msg":"Exiting application due to error \u001b[91mERR::NO::HTY\u001b[0m     Unable to find hyperexecute config file.    No file found at location RELATIVE_PATH_OF_YOUR_YAML_FILE"}
{"level":"debug","time":"2026-06-10T14:46:29.256+0530","caller":"cmd/bin.go:145","msg":"cli os: windows, cli arch: amd64"}
{"level":"debug","time":"2026-06-10T14:46:29.987+0530","caller":"cmd/bin.go:154","msg":"Upstream version details: {Name:cli Min:0.2.265 Max:0.2.342} "}
{"level":"info","time":"2026-06-10T14:46:29.988+0530","caller":"cmd/bin.go:202","msg":"Generating TraceID for tracking request: 01KTRD37P5T8HHGHR2T2B2HCTS \n"}
{"level":"warn","time":"2026-06-10T14:46:29.993+0530","caller":"globalconfigvalidator/setup.go:45","msg":"Found user credentials in env and cli flag both, credentials in env will be ignored"}
{"level":"warn","time":"2026-06-10T14:46:29.995+0530","caller":"globalconfigvalidator/setup.go:50","msg":"Found key credentials in env and cli flag both, credentials in env will be ignored"}
{"level":"debug","time":"2026-06-10T14:46:34.103+0530","caller":"core/lifecycle.go:123","msg":"Setting environment"}
{"level":"debug","time":"2026-06-10T14:46:34.103+0530","caller":"core/lifecycle.go:126","msg":"Parsing config"}
{"level":"debug","time":"2026-06-10T14:46:34.103+0530","caller":"yamlconfigmanager/setup.go:725","msg":"Custom location for .hyperexecute.yaml specified. Using: ./yaml/win/.hyperexecute_autosplits.yaml"}
{"level":"debug","time":"2026-06-10T14:46:34.104+0530","caller":"yamlconfigmanager/setup.go:117","msg":"using hyperexecute config from : ./yaml/win/.hyperexecute_autosplits.yaml"}
{"level":"debug","time":"2026-06-10T14:46:36.126+0530","caller":"yamlconfigmanager/setup.go:2153","msg":"Autodetecting test type in files of path : C:\\PW102\\HyperExecute-Playwright-Vanilla-Javascript-main"}
{"level":"debug","time":"2026-06-10T14:46:36.169+0530","caller":"yamlconfigmanager/setup.go:2195","msg":"File in which test type is detected - C:\\PW102\\HyperExecute-Playwright-Vanilla-Javascript-main/package.json"}
{"level":"debug","time":"2026-06-10T14:46:36.169+0530","caller":"yamlconfigmanager/setup.go:2196","msg":"Pre command in which test type is detected - npx playwright install"}
{"level":"debug","time":"2026-06-10T14:46:36.169+0530","caller":"yamlconfigmanager/setup.go:515","msg":"Automatic test type detected - playwright"}
{"level":"debug","time":"2026-06-10T14:46:36.170+0530","caller":"yamlconfigmanager/setup.go:547","msg":"Tunnel: false"}
{"level":"info","time":"2026-06-10T14:46:36.170+0530","caller":"models/HypertestYamlConfig.go:974","msg":"\n\u001b[4m\u001b[1m\u001b[97mExecution Plan\u001b[0m\u001b[22m\u001b[24m"}
{"level":"info","time":"2026-06-10T14:46:36.170+0530","caller":"models/HypertestYamlConfig.go:775","msg":"Mode:    \u001b[36mautosplit\u001b[0m"}
{"level":"info","time":"2026-06-10T14:46:36.171+0530","caller":"models/HypertestYamlConfig.go:835","msg":"Runson:    \u001b[36mwin\u001b[0m"}
{"level":"info","time":"2026-06-10T14:46:36.171+0530","caller":"models/HypertestYamlConfig.go:843","msg":"Concurrency:    \u001b[36m2\u001b[0m"}
{"level":"info","time":"2026-06-10T14:46:36.171+0530","caller":"models/HypertestYamlConfig.go:907","msg":"Report:    \u001b[36mdisabled\u001b[0m"}
{"level":"info","time":"2026-06-10T14:46:36.171+0530","caller":"models/HypertestYamlConfig.go:939","msg":"Cache Directories:"}
{"level":"info","time":"2026-06-10T14:46:36.171+0530","caller":"models/HypertestYamlConfig.go:941","msg":"    \u001b[36mnode_modules\u001b[0m"}
{"level":"info","time":"2026-06-10T14:46:36.171+0530","caller":"models/HypertestYamlConfig.go:987","msg":""}
{"level":"debug","time":"2026-06-10T14:46:36.171+0530","caller":"filevalidator/setup.go:49","msg":"Warning: Checking data.json file in current directory, no dataJsonPath found in .hyperexecute.yaml"}
{"level":"debug","time":"2026-06-10T14:46:36.172+0530","caller":"filevalidator/setup.go:53","msg":"Warning: data.json file doesn't exist"}
{"level":"info","time":"2026-06-10T14:46:42.922+0530","caller":"core/lifecycle.go:457","msg":"\u001b[102m\u001b[1m\u001b[30mYou've consumed 0.00 % of your limit. Free trial mins left - 300.00\u001b[0m\u001b[22m\u001b[0m"}
{"level":"debug","time":"2026-06-10T14:46:42.922+0530","caller":"core/lifecycle.go:536","msg":"Job ID: e9977f52-562b-4a50-8c7b-3e257759b84d"}
{"level":"debug","time":"2026-06-10T14:46:42.922+0530","caller":"core/lifecycle.go:539","msg":"User - musharrafali17696, triggered job with ID e9977f52-562b-4a50-8c7b-3e257759b84d from CLI"}
{"level":"debug","time":"2026-06-10T14:46:42.922+0530","caller":"core/lifecycle.go:542","msg":"User has provided playwright as test type for the job with ID e9977f52-562b-4a50-8c7b-3e257759b84d"}
{"level":"debug","time":"2026-06-10T14:46:42.922+0530","caller":"events/manager.go:97","msg":"Starting event manager"}
{"level":"debug","time":"2026-06-10T14:46:42.922+0530","caller":"events/manager.go:99","msg":"SSE enabled, getting SSE connection"}
{"level":"debug","time":"2026-06-10T14:46:42.924+0530","caller":"archivemanager/setup.go:339","msg":"digestMap: map[]"}
{"level":"debug","time":"2026-06-10T14:46:42.924+0530","caller":"archivemanager/setup.go:345","msg":"Creating archive of target directory: C:\\PW102\\HyperExecute-Playwright-Vanilla-Javascript-main"}
{"level":"debug","time":"2026-06-10T14:46:43.841+0530","caller":"core/lifecycle.go:693","msg":"Zip file size: 209.12 kB"}
{"level":"debug","time":"2026-06-10T14:46:43.841+0530","caller":"core/lifecycle.go:703","msg":"Archive location: C:\\PW102\\HyperExecute-Playwright-Vanilla-Javascript-main\\hyperexecute-code-e9977f52-562b-4a50-8c7b-3e257759b84d.zip\n"}
{"level":"debug","time":"2026-06-10T14:46:43.868+0530","caller":"storage/azure.go:60","msg":"Payload size: 209.12 kB, source path C:\\PW102\\HyperExecute-Playwright-Vanilla-Javascript-main\\hyperexecute-code-e9977f52-562b-4a50-8c7b-3e257759b84d.zip"}
{"level":"debug","time":"2026-06-10T14:46:43.870+0530","caller":"utils/azcopy.go:133","msg":"Downloading dependency binary ..................."}
{"level":"debug","time":"2026-06-10T14:46:47.919+0530","caller":"utils/azcopy.go:90","msg":"Downloading dependency to upload files"}
{"level":"debug","time":"2026-06-10T14:47:12.922+0530","caller":"events/manager.go:356","msg":"No new messages received from SSE for jobID: e9977f52-562b-4a50-8c7b-3e257759b84d. Fetching from APIs"}
{"level":"debug","time":"2026-06-10T14:47:45.668+0530","caller":"events/manager.go:356","msg":"No new messages received from SSE for jobID: e9977f52-562b-4a50-8c7b-3e257759b84d. Fetching from APIs"}
{"level":"debug","time":"2026-06-10T14:48:17.179+0530","caller":"events/manager.go:356","msg":"No new messages received from SSE for jobID: e9977f52-562b-4a50-8c7b-3e257759b84d. Fetching from APIs"}
{"level":"debug","time":"2026-06-10T14:48:48.944+0530","caller":"events/manager.go:356","msg":"No new messages received from SSE for jobID: e9977f52-562b-4a50-8c7b-3e257759b84d. Fetching from APIs"}
{"level":"debug","time":"2026-06-10T14:48:49.666+0530","caller":"events/manager.go:279","msg":"SSE connection completed. Reconnecting!!"}
{"level":"debug","time":"2026-06-10T14:49:20.615+0530","caller":"events/manager.go:356","msg":"No new messages received from SSE for jobID: e9977f52-562b-4a50-8c7b-3e257759b84d. Fetching from APIs"}
{"level":"debug","time":"2026-06-10T14:49:52.236+0530","caller":"events/manager.go:356","msg":"No new messages received from SSE for jobID: e9977f52-562b-4a50-8c7b-3e257759b84d. Fetching from APIs"}
{"level":"info","time":"2026-06-10T14:50:07.268+0530","caller":"utils/azcopy.go:108","msg":"✔ Dependency binary downloaded successfully"}
{"level":"debug","time":"2026-06-10T14:50:07.268+0530","caller":"utils/azcopy.go:184","msg":"returning from fallback"}
{"level":"debug","time":"2026-06-10T14:50:17.418+0530","caller":"storage/azure.go:84","msg":"Azcopy output: \n\r0.0 %, 0 Done, 0 Failed, 1 Pending, 0 Skipped, 1 Total, \r0.0 %, 0 Done, 0 Failed, 1 Pending, 0 Skipped, 1 Total, 2-sec Throughput (Mb/s): 0.8362\r0.0 %, 0 Done, 0 Failed, 1 Pending, 0 Skipped, 1 Total,                                \r100.0 %, 1 Done, 0 Failed, 0 Pending, 0 Skipped, 1 Total, \nTotal time taken to upload(min) :0.1334\n, stderr: "}
{"level":"info","time":"2026-06-10T14:50:17.418+0530","caller":"storage/azure.go:123","msg":"File: C:\\PW102\\HyperExecute-Playwright-Vanilla-Javascript-main\\hyperexecute-code-e9977f52-562b-4a50-8c7b-3e257759b84d.zip upload completed in 3m33.5780034s"}
{"level":"debug","time":"2026-06-10T14:50:17.419+0530","caller":"receptionmanager/setup.go:274","msg":"number of entries in runtimes: 0, switching to new yaml format"}
{"level":"debug","time":"2026-06-10T14:50:17.419+0530","caller":"receptionmanager/setup.go:303","msg":"number of entries in partialreports: 0, switching to new yaml format"}
{"level":"debug","time":"2026-06-10T14:50:17.421+0530","caller":"receptionmanager/setup.go:188","msg":"Uploading yaml : C:\\PW102\\HyperExecute-Playwright-Vanilla-Javascript-main\\.updatedhyperexecute.yaml"}
{"level":"debug","time":"2026-06-10T14:50:17.448+0530","caller":"storage/azure.go:60","msg":"Payload size: 3.84 kB, source path C:\\PW102\\HyperExecute-Playwright-Vanilla-Javascript-main\\.updatedhyperexecute.yaml"}
{"level":"debug","time":"2026-06-10T14:50:21.654+0530","caller":"storage/azure.go:84","msg":"Azcopy output: \n\r100.0 %, 1 Done, 0 Failed, 0 Pending, 0 Skipped, 1 Total, 2-sec Throughput (Mb/s): 0.0154\nTotal time taken to upload(min) :0.0333\n, stderr: "}
{"level":"info","time":"2026-06-10T14:50:21.654+0530","caller":"storage/azure.go:123","msg":"File: C:\\PW102\\HyperExecute-Playwright-Vanilla-Javascript-main\\.updatedhyperexecute.yaml upload completed in 4.2334893s"}
{"level":"debug","time":"2026-06-10T14:50:21.657+0530","caller":"core/lifecycle.go:730","msg":"Successfully deleted code archive: C:\\PW102\\HyperExecute-Playwright-Vanilla-Javascript-main\\hyperexecute-code-e9977f52-562b-4a50-8c7b-3e257759b84d.zip\n"}
{"level":"debug","time":"2026-06-10T14:50:21.689+0530","caller":"storage/azure.go:60","msg":"Payload size: 467 B, source path yaml\\win\\mask-e9977f52-562b-4a50-8c7b-3e257759b84d.yaml"}
{"level":"debug","time":"2026-06-10T14:50:23.946+0530","caller":"events/manager.go:356","msg":"No new messages received from SSE for jobID: e9977f52-562b-4a50-8c7b-3e257759b84d. Fetching from APIs"}
{"level":"debug","time":"2026-06-10T14:50:28.148+0530","caller":"storage/azure.go:84","msg":"Azcopy output: \n\r100.0 %, 0 Done, 0 Failed, 1 Pending, 0 Skipped, 1 Total, 2-sec Throughput (Mb/s): 0.0019\r100.0 %, 1 Done, 0 Failed, 0 Pending, 0 Skipped, 1 Total,                                \nTotal time taken to upload(min) :0.0667\n, stderr: "}
{"level":"info","time":"2026-06-10T14:50:28.148+0530","caller":"storage/azure.go:123","msg":"File: yaml\\win\\mask-e9977f52-562b-4a50-8c7b-3e257759b84d.yaml upload completed in 6.4876255s"}
{"level":"info","time":"2026-06-10T14:50:29.555+0530","caller":"jobmanager/sse_setup.go:86","msg":"\nJob e9977f52-562b-4a50-8c7b-3e257759b84d has INITIATED"}
{"level":"info","time":"2026-06-10T14:50:29.556+0530","caller":"jobmanager/manager.go:138","msg":"Job Link: https://hyperexecute.lambdatest.com/hyperexecute/task?jobId=e9977f52-562b-4a50-8c7b-3e257759b84d\n"}
{"level":"debug","time":"2026-06-10T14:50:55.720+0530","caller":"events/manager.go:356","msg":"No new messages received from SSE for jobID: e9977f52-562b-4a50-8c7b-3e257759b84d. Fetching from APIs"}
{"level":"info","time":"2026-06-10T14:50:57.521+0530","caller":"terminal/terminal.go:187","msg":"✔ [1]  cache-download (0s)\n"}
{"level":"info","time":"2026-06-10T14:50:57.523+0530","caller":"terminal/terminal.go:187","msg":"✔ [2]  cache-download (0s)\n"}
{"level":"debug","time":"2026-06-10T14:51:27.520+0530","caller":"events/manager.go:356","msg":"No new messages received from SSE for jobID: e9977f52-562b-4a50-8c7b-3e257759b84d. Fetching from APIs"}
{"level":"info","time":"2026-06-10T14:51:29.179+0530","caller":"terminal/terminal.go:187","msg":"✔ [1]  pre (44s)\n"}
{"level":"info","time":"2026-06-10T14:51:29.181+0530","caller":"terminal/terminal.go:187","msg":"✔ [1]  discovery (0s)\n"}
{"level":"info","time":"2026-06-10T14:51:29.183+0530","caller":"terminal/terminal.go:187","msg":"✔ [2]  pre (32s)\n"}
{"level":"info","time":"2026-06-10T14:51:29.185+0530","caller":"terminal/terminal.go:187","msg":"✔ [2]  discovery (0s)\n"}
{"level":"debug","time":"2026-06-10T14:51:59.178+0530","caller":"events/manager.go:356","msg":"No new messages received from SSE for jobID: e9977f52-562b-4a50-8c7b-3e257759b84d. Fetching from APIs"}
{"level":"info","time":"2026-06-10T14:52:01.104+0530","caller":"terminal/terminal.go:187","msg":"✔ [1]  tests/test_1.spec.js (28s)\n"}
{"level":"info","time":"2026-06-10T14:52:01.106+0530","caller":"terminal/terminal.go:187","msg":"✔ [2]  tests/test_2.spec.js (26s)\n"}
{"level":"info","time":"2026-06-10T14:52:01.108+0530","caller":"terminal/terminal.go:187","msg":"✔ [2]  tests/test_4.spec.js (15s)\n"}
{"level":"debug","time":"2026-06-10T14:52:31.103+0530","caller":"events/manager.go:356","msg":"No new messages received from SSE for jobID: e9977f52-562b-4a50-8c7b-3e257759b84d. Fetching from APIs"}
{"level":"info","time":"2026-06-10T14:52:32.827+0530","caller":"terminal/terminal.go:187","msg":"✔ [1]  tests/test_3.spec.js (16s)\n"}
{"level":"debug","time":"2026-06-10T14:53:02.826+0530","caller":"events/manager.go:356","msg":"No new messages received from SSE for jobID: e9977f52-562b-4a50-8c7b-3e257759b84d. Fetching from APIs"}
{"level":"debug","time":"2026-06-10T14:53:04.732+0530","caller":"jobmanager/sse_setup.go:134","msg":"\n\nJob status"}
{"level":"info","time":"2026-06-10T14:53:05.461+0530","caller":"jobmanager/JobSummaryManager.go:54","msg":"\n COMPLETED \n"}
{"level":"info","time":"2026-06-10T14:53:05.461+0530","caller":"jobmanager/JobSummaryManager.go:113","msg":"    Test Execution Time:                  42s"}
{"level":"info","time":"2026-06-10T14:53:05.461+0530","caller":"jobmanager/JobSummaryManager.go:113","msg":"    Job Duration Time:                    2m14s"}
{"level":"info","time":"2026-06-10T14:53:05.462+0530","caller":"jobmanager/JobSummaryManager.go:113","msg":"    Total Tasks:                          2"}
{"level":"info","time":"2026-06-10T14:53:05.462+0530","caller":"jobmanager/JobSummaryManager.go:113","msg":"    Cumulative Time Consumed:             4m13s"}
{"level":"info","time":"2026-06-10T14:53:05.462+0530","caller":"jobmanager/JobSummaryManager.go:113","msg":"    Total Stages:                         8"}
{"level":"info","time":"2026-06-10T14:53:05.462+0530","caller":"jobmanager/JobSummaryManager.go:113","msg":"    Pass discovery stage percentage:      100.00%"}
{"level":"info","time":"2026-06-10T14:53:05.462+0530","caller":"jobmanager/JobSummaryManager.go:113","msg":"    Failed discovery stage percentage:    0.00%"}
{"level":"info","time":"2026-06-10T14:53:05.462+0530","caller":"jobmanager/JobSummaryManager.go:113","msg":"    Pass pre stage percentage:            100.00%"}
{"level":"info","time":"2026-06-10T14:53:05.463+0530","caller":"jobmanager/JobSummaryManager.go:113","msg":"    Failed pre stage percentage:          0.00%"}
{"level":"info","time":"2026-06-10T14:53:05.463+0530","caller":"jobmanager/JobSummaryManager.go:113","msg":"    Pass test stage percentage:           100.00%"}
{"level":"info","time":"2026-06-10T14:53:05.463+0530","caller":"jobmanager/JobSummaryManager.go:113","msg":"    Failed test stage percentage:         0.00%"}
{"level":"info","time":"2026-06-10T14:53:05.463+0530","caller":"jobmanager/JobSummaryManager.go:113","msg":"    Pass post stage percentage:           0.00%"}
{"level":"info","time":"2026-06-10T14:53:05.463+0530","caller":"jobmanager/JobSummaryManager.go:113","msg":"    Failed post stage percentage:         0.00%"}
{"level":"info","time":"2026-06-10T14:53:05.463+0530","caller":"jobmanager/JobSummaryManager.go:113","msg":"    Failed Tasks:                         0"}
{"level":"info","time":"2026-06-10T14:53:05.464+0530","caller":"jobmanager/JobSummaryManager.go:58","msg":""}
{"level":"debug","time":"2026-06-10T14:53:05.467+0530","caller":"core/lifecycle.go:933","msg":"Context canceled"}
{"level":"info","time":"2026-06-10T14:53:05.467+0530","caller":"events/manager.go:338","msg":"context done and stopping SSE"}
{"level":"debug","time":"2026-06-10T14:53:05.467+0530","caller":"events/manager.go:256","msg":"Stopping event manager"}
{"level":"info","time":"2026-06-10T14:53:05.467+0530","caller":"core/lifecycle.go:936","msg":"Stopping pipeline gracefully"}
{"level":"info","time":"2026-06-10T14:53:05.468+0530","caller":"jobmanager/manager.go:138","msg":"Job Link: https://hyperexecute.lambdatest.com/hyperexecute/task?jobId=e9977f52-562b-4a50-8c7b-3e257759b84d\n"}
{"level":"debug","time":"2026-06-10T14:53:05.468+0530","caller":"core/lifecycle.go:75","msg":"Quit requested from main goroutine...."}
{"level":"debug","time":"2026-06-10T14:53:05.468+0530","caller":"core/lifecycle.go:76","msg":"Waiting for the goroutines to exit"}
{"level":"debug","time":"2026-06-10T14:53:05.468+0530","caller":"core/lifecycle.go:79","msg":"All lifecycle goroutines exited"}
{"level":"debug","time":"2026-06-10T14:53:05.468+0530","caller":"cmd/bin.go:361","msg":"main: all goroutines have finished."}
{"level":"debug","time":"2026-06-10T15:06:38.404+0530","caller":"cmd/bin.go:145","msg":"cli os: windows, cli arch: amd64"}
{"level":"debug","time":"2026-06-10T15:06:39.215+0530","caller":"cmd/bin.go:154","msg":"Upstream version details: {Name:cli Min:0.2.265 Max:0.2.342} "}
{"level":"info","time":"2026-06-10T15:06:39.216+0530","caller":"cmd/bin.go:202","msg":"Generating TraceID for tracking request: 01KTRE84F20JC6K5AM1QQQRGT5 \n"}
{"level":"warn","time":"2026-06-10T15:06:39.257+0530","caller":"globalconfigvalidator/setup.go:45","msg":"Found user credentials in env and cli flag both, credentials in env will be ignored"}
{"level":"warn","time":"2026-06-10T15:06:39.258+0530","caller":"globalconfigvalidator/setup.go:50","msg":"Found key credentials in env and cli flag both, credentials in env will be ignored"}
{"level":"debug","time":"2026-06-10T15:06:41.955+0530","caller":"core/lifecycle.go:123","msg":"Setting environment"}
{"level":"debug","time":"2026-06-10T15:06:41.955+0530","caller":"core/lifecycle.go:126","msg":"Parsing config"}
{"level":"debug","time":"2026-06-10T15:06:41.955+0530","caller":"yamlconfigmanager/setup.go:725","msg":"Custom location for .hyperexecute.yaml specified. Using: ./yaml/win/.hyperexecute_autosplits.yaml"}
{"level":"debug","time":"2026-06-10T15:06:41.956+0530","caller":"yamlconfigmanager/setup.go:117","msg":"using hyperexecute config from : ./yaml/win/.hyperexecute_autosplits.yaml"}
{"level":"debug","time":"2026-06-10T15:06:43.936+0530","caller":"yamlconfigmanager/setup.go:2153","msg":"Autodetecting test type in files of path : C:\\PW102\\HyperExecute-Playwright-Vanilla-Javascript-main"}
{"level":"debug","time":"2026-06-10T15:06:43.984+0530","caller":"yamlconfigmanager/setup.go:2195","msg":"File in which test type is detected - C:\\PW102\\HyperExecute-Playwright-Vanilla-Javascript-main/package.json"}
{"level":"debug","time":"2026-06-10T15:06:43.984+0530","caller":"yamlconfigmanager/setup.go:2196","msg":"Pre command in which test type is detected - npx playwright install"}
{"level":"debug","time":"2026-06-10T15:06:43.985+0530","caller":"yamlconfigmanager/setup.go:515","msg":"Automatic test type detected - playwright"}
{"level":"debug","time":"2026-06-10T15:06:43.985+0530","caller":"yamlconfigmanager/setup.go:547","msg":"Tunnel: false"}
{"level":"info","time":"2026-06-10T15:06:43.985+0530","caller":"models/HypertestYamlConfig.go:974","msg":"\n\u001b[4m\u001b[1m\u001b[97mExecution Plan\u001b[0m\u001b[22m\u001b[24m"}
{"level":"info","time":"2026-06-10T15:06:43.985+0530","caller":"models/HypertestYamlConfig.go:775","msg":"Mode:    \u001b[36mautosplit\u001b[0m"}
{"level":"info","time":"2026-06-10T15:06:43.986+0530","caller":"models/HypertestYamlConfig.go:835","msg":"Runson:    \u001b[36mwin\u001b[0m"}
{"level":"info","time":"2026-06-10T15:06:43.986+0530","caller":"models/HypertestYamlConfig.go:843","msg":"Concurrency:    \u001b[36m2\u001b[0m"}
{"level":"info","time":"2026-06-10T15:06:43.986+0530","caller":"models/HypertestYamlConfig.go:907","msg":"Report:    \u001b[36mdisabled\u001b[0m"}
{"level":"info","time":"2026-06-10T15:06:43.986+0530","caller":"models/HypertestYamlConfig.go:939","msg":"Cache Directories:"}
{"level":"info","time":"2026-06-10T15:06:43.986+0530","caller":"models/HypertestYamlConfig.go:941","msg":"    \u001b[36mnode_modules\u001b[0m"}
{"level":"info","time":"2026-06-10T15:06:43.986+0530","caller":"models/HypertestYamlConfig.go:987","msg":""}
{"level":"debug","time":"2026-06-10T15:06:43.986+0530","caller":"filevalidator/setup.go:49","msg":"Warning: Checking data.json file in current directory, no dataJsonPath found in .hyperexecute.yaml"}
{"level":"debug","time":"2026-06-10T15:06:43.987+0530","caller":"filevalidator/setup.go:53","msg":"Warning: data.json file doesn't exist"}
{"level":"info","time":"2026-06-10T15:06:48.597+0530","caller":"core/lifecycle.go:457","msg":"\u001b[102m\u001b[1m\u001b[30mYou've consumed 1.33 % of your limit. Free trial mins left - 296.00\u001b[0m\u001b[22m\u001b[0m"}
{"level":"debug","time":"2026-06-10T15:06:48.597+0530","caller":"core/lifecycle.go:536","msg":"Job ID: 9f54e84e-ac8d-4c66-a29a-e9d6bc15c384"}
{"level":"debug","time":"2026-06-10T15:06:48.597+0530","caller":"core/lifecycle.go:539","msg":"User - musharrafali17696, triggered job with ID 9f54e84e-ac8d-4c66-a29a-e9d6bc15c384 from CLI"}
{"level":"debug","time":"2026-06-10T15:06:48.597+0530","caller":"core/lifecycle.go:542","msg":"User has provided playwright as test type for the job with ID 9f54e84e-ac8d-4c66-a29a-e9d6bc15c384"}
{"level":"debug","time":"2026-06-10T15:06:48.597+0530","caller":"events/manager.go:97","msg":"Starting event manager"}
{"level":"debug","time":"2026-06-10T15:06:48.597+0530","caller":"events/manager.go:99","msg":"SSE enabled, getting SSE connection"}
{"level":"debug","time":"2026-06-10T15:06:48.599+0530","caller":"archivemanager/setup.go:339","msg":"digestMap: map[]"}
{"level":"debug","time":"2026-06-10T15:06:48.599+0530","caller":"archivemanager/setup.go:345","msg":"Creating archive of target directory: C:\\PW102\\HyperExecute-Playwright-Vanilla-Javascript-main"}
{"level":"debug","time":"2026-06-10T15:06:49.381+0530","caller":"core/lifecycle.go:693","msg":"Zip file size: 205.68 kB"}
{"level":"debug","time":"2026-06-10T15:06:49.381+0530","caller":"core/lifecycle.go:703","msg":"Archive location: C:\\PW102\\HyperExecute-Playwright-Vanilla-Javascript-main\\hyperexecute-code-9f54e84e-ac8d-4c66-a29a-e9d6bc15c384.zip\n"}
{"level":"debug","time":"2026-06-10T15:06:49.418+0530","caller":"storage/azure.go:60","msg":"Payload size: 205.68 kB, source path C:\\PW102\\HyperExecute-Playwright-Vanilla-Javascript-main\\hyperexecute-code-9f54e84e-ac8d-4c66-a29a-e9d6bc15c384.zip"}
{"level":"debug","time":"2026-06-10T15:06:57.839+0530","caller":"storage/azure.go:84","msg":"Azcopy output: \n\r0.0 %, 0 Done, 0 Failed, 1 Pending, 0 Skipped, 1 Total, 2-sec Throughput (Mb/s): 0.8225\r0.0 %, 0 Done, 0 Failed, 1 Pending, 0 Skipped, 1 Total,                                \r100.0 %, 1 Done, 0 Failed, 0 Pending, 0 Skipped, 1 Total, \nTotal time taken to upload(min) :0.1\n, stderr: "}
{"level":"info","time":"2026-06-10T15:06:57.839+0530","caller":"storage/azure.go:123","msg":"File: C:\\PW102\\HyperExecute-Playwright-Vanilla-Javascript-main\\hyperexecute-code-9f54e84e-ac8d-4c66-a29a-e9d6bc15c384.zip upload completed in 8.4565906s"}
{"level":"debug","time":"2026-06-10T15:06:57.840+0530","caller":"receptionmanager/setup.go:274","msg":"number of entries in runtimes: 0, switching to new yaml format"}
{"level":"debug","time":"2026-06-10T15:06:57.840+0530","caller":"receptionmanager/setup.go:303","msg":"number of entries in partialreports: 0, switching to new yaml format"}
{"level":"debug","time":"2026-06-10T15:06:57.842+0530","caller":"receptionmanager/setup.go:188","msg":"Uploading yaml : C:\\PW102\\HyperExecute-Playwright-Vanilla-Javascript-main\\.updatedhyperexecute.yaml"}
{"level":"debug","time":"2026-06-10T15:06:57.871+0530","caller":"storage/azure.go:60","msg":"Payload size: 3.84 kB, source path C:\\PW102\\HyperExecute-Playwright-Vanilla-Javascript-main\\.updatedhyperexecute.yaml"}
{"level":"debug","time":"2026-06-10T15:07:02.173+0530","caller":"storage/azure.go:84","msg":"Azcopy output: \n\r100.0 %, 1 Done, 0 Failed, 0 Pending, 0 Skipped, 1 Total, 2-sec Throughput (Mb/s): 0.0154\nTotal time taken to upload(min) :0.0333\n, stderr: "}
{"level":"info","time":"2026-06-10T15:07:02.173+0530","caller":"storage/azure.go:123","msg":"File: C:\\PW102\\HyperExecute-Playwright-Vanilla-Javascript-main\\.updatedhyperexecute.yaml upload completed in 4.3311768s"}
{"level":"debug","time":"2026-06-10T15:07:02.175+0530","caller":"core/lifecycle.go:730","msg":"Successfully deleted code archive: C:\\PW102\\HyperExecute-Playwright-Vanilla-Javascript-main\\hyperexecute-code-9f54e84e-ac8d-4c66-a29a-e9d6bc15c384.zip\n"}
{"level":"debug","time":"2026-06-10T15:07:02.208+0530","caller":"storage/azure.go:60","msg":"Payload size: 467 B, source path yaml\\win\\mask-9f54e84e-ac8d-4c66-a29a-e9d6bc15c384.yaml"}
{"level":"debug","time":"2026-06-10T15:07:06.491+0530","caller":"storage/azure.go:84","msg":"Azcopy output: \n\r100.0 %, 1 Done, 0 Failed, 0 Pending, 0 Skipped, 1 Total, 2-sec Throughput (Mb/s): 0.0019\nTotal time taken to upload(min) :0.0333\n, stderr: "}
{"level":"info","time":"2026-06-10T15:07:06.492+0530","caller":"storage/azure.go:123","msg":"File: yaml\\win\\mask-9f54e84e-ac8d-4c66-a29a-e9d6bc15c384.yaml upload completed in 4.3149611s"}
{"level":"debug","time":"2026-06-10T15:07:18.597+0530","caller":"events/manager.go:356","msg":"No new messages received from SSE for jobID: 9f54e84e-ac8d-4c66-a29a-e9d6bc15c384. Fetching from APIs"}
{"level":"info","time":"2026-06-10T15:07:19.381+0530","caller":"jobmanager/sse_setup.go:84","msg":"\nJob 9f54e84e-ac8d-4c66-a29a-e9d6bc15c384 has started RUNNING"}
{"level":"info","time":"2026-06-10T15:07:19.382+0530","caller":"jobmanager/manager.go:138","msg":"Job Link: https://hyperexecute.lambdatest.com/hyperexecute/task?jobId=9f54e84e-ac8d-4c66-a29a-e9d6bc15c384\n"}
{"level":"info","time":"2026-06-10T15:07:20.109+0530","caller":"terminal/terminal.go:187","msg":"✔ [1]  cache-download (1s)\n"}
{"level":"info","time":"2026-06-10T15:07:20.112+0530","caller":"terminal/terminal.go:187","msg":"✔ [2]  cache-download (1s)\n"}
{"level":"debug","time":"2026-06-10T15:07:50.108+0530","caller":"events/manager.go:356","msg":"No new messages received from SSE for jobID: 9f54e84e-ac8d-4c66-a29a-e9d6bc15c384. Fetching from APIs"}
{"level":"debug","time":"2026-06-10T15:08:22.110+0530","caller":"events/manager.go:356","msg":"No new messages received from SSE for jobID: 9f54e84e-ac8d-4c66-a29a-e9d6bc15c384. Fetching from APIs"}
{"level":"info","time":"2026-06-10T15:08:23.707+0530","caller":"terminal/terminal.go:187","msg":"✔ [1]  pre (42s)\n"}
{"level":"info","time":"2026-06-10T15:08:23.709+0530","caller":"terminal/terminal.go:187","msg":"x [1]  discovery (1s)\n"}
{"level":"info","time":"2026-06-10T15:08:23.712+0530","caller":"terminal/terminal.go:187","msg":"✔ [2]  pre (43s)\n"}
{"level":"info","time":"2026-06-10T15:08:23.714+0530","caller":"terminal/terminal.go:187","msg":"x [2]  discovery (0s)\n"}
{"level":"debug","time":"2026-06-10T15:08:23.900+0530","caller":"jobmanager/sse_setup.go:134","msg":"\n\nJob status"}
{"level":"info","time":"2026-06-10T15:08:23.901+0530","caller":"core/lifecycle.go:820","msg":"taskId:HYPW-3042128-1781084227508413458QAV has failed with remark: Job failed at test_discovery step. Please check your Yaml configuration.\n"}
{"level":"info","time":"2026-06-10T15:08:23.901+0530","caller":"core/lifecycle.go:820","msg":"taskId:HYPW-3042128-1781084227513333243TYJ has failed with remark: Job failed at test_discovery step. Please check your Yaml configuration.\n"}
{"level":"info","time":"2026-06-10T15:08:24.697+0530","caller":"jobmanager/JobSummaryManager.go:54","msg":"\n FAILED \n"}
{"level":"info","time":"2026-06-10T15:08:24.697+0530","caller":"jobmanager/JobSummaryManager.go:113","msg":"    Test Execution Time:                  0s"}
{"level":"info","time":"2026-06-10T15:08:24.697+0530","caller":"jobmanager/JobSummaryManager.go:113","msg":"    Job Duration Time:                    44s"}
{"level":"info","time":"2026-06-10T15:08:24.697+0530","caller":"jobmanager/JobSummaryManager.go:113","msg":"    Total Tasks:                          2"}
{"level":"info","time":"2026-06-10T15:08:24.697+0530","caller":"jobmanager/JobSummaryManager.go:113","msg":"    Cumulative Time Consumed:             1m28s"}
{"level":"info","time":"2026-06-10T15:08:24.698+0530","caller":"jobmanager/JobSummaryManager.go:113","msg":"    Total Stages:                         4"}
{"level":"info","time":"2026-06-10T15:08:24.698+0530","caller":"jobmanager/JobSummaryManager.go:113","msg":"    Pass discovery stage percentage:      0.00%"}
{"level":"info","time":"2026-06-10T15:08:24.698+0530","caller":"jobmanager/JobSummaryManager.go:113","msg":"    Failed discovery stage percentage:    100.00%"}
{"level":"info","time":"2026-06-10T15:08:24.698+0530","caller":"jobmanager/JobSummaryManager.go:113","msg":"    Pass pre stage percentage:            100.00%"}
{"level":"info","time":"2026-06-10T15:08:24.698+0530","caller":"jobmanager/JobSummaryManager.go:113","msg":"    Failed pre stage percentage:          0.00%"}
{"level":"info","time":"2026-06-10T15:08:24.698+0530","caller":"jobmanager/JobSummaryManager.go:113","msg":"    Pass test stage percentage:           0.00%"}
{"level":"info","time":"2026-06-10T15:08:24.698+0530","caller":"jobmanager/JobSummaryManager.go:113","msg":"    Failed test stage percentage:         0.00%"}
{"level":"info","time":"2026-06-10T15:08:24.699+0530","caller":"jobmanager/JobSummaryManager.go:113","msg":"    Pass post stage percentage:           0.00%"}
{"level":"info","time":"2026-06-10T15:08:24.699+0530","caller":"jobmanager/JobSummaryManager.go:113","msg":"    Failed post stage percentage:         0.00%"}
{"level":"info","time":"2026-06-10T15:08:24.699+0530","caller":"jobmanager/JobSummaryManager.go:113","msg":"    Failed Tasks:                         2"}
{"level":"info","time":"2026-06-10T15:08:24.699+0530","caller":"jobmanager/JobSummaryManager.go:58","msg":""}
{"level":"debug","time":"2026-06-10T15:08:24.702+0530","caller":"core/lifecycle.go:933","msg":"Context canceled"}
{"level":"info","time":"2026-06-10T15:08:24.702+0530","caller":"core/lifecycle.go:936","msg":"Stopping pipeline gracefully"}
{"level":"info","time":"2026-06-10T15:08:24.703+0530","caller":"events/manager.go:338","msg":"context done and stopping SSE"}
{"level":"error","time":"2026-06-10T15:08:24.703+0530","caller":"core/lifecycle.go:939","msg":"2026-06-10T15:06:37+05:30    error    Exiting with error: Failed tasks found."}
{"level":"debug","time":"2026-06-10T15:08:24.703+0530","caller":"events/manager.go:256","msg":"Stopping event manager"}
{"level":"info","time":"2026-06-10T15:08:24.703+0530","caller":"jobmanager/manager.go:138","msg":"Job Link: https://hyperexecute.lambdatest.com/hyperexecute/task?jobId=9f54e84e-ac8d-4c66-a29a-e9d6bc15c384\n"}
{"level":"debug","time":"2026-06-10T15:08:24.704+0530","caller":"core/lifecycle.go:75","msg":"Quit requested from main goroutine...."}
{"level":"debug","time":"2026-06-10T15:08:24.704+0530","caller":"core/lifecycle.go:76","msg":"Waiting for the goroutines to exit"}
{"level":"debug","time":"2026-06-10T15:08:24.704+0530","caller":"core/lifecycle.go:79","msg":"All lifecycle goroutines exited"}
{"level":"debug","time":"2026-06-10T15:08:24.704+0530","caller":"cmd/bin.go:361","msg":"main: all goroutines have finished."}
{"level":"debug","time":"2026-06-10T15:08:24.704+0530","caller":"cmd/bin.go:400","msg":"Exiting application due to error Failed tasks found."}
{"level":"debug","time":"2026-06-10T15:16:39.951+0530","caller":"cmd/bin.go:145","msg":"cli os: windows, cli arch: amd64"}
{"level":"debug","time":"2026-06-10T15:16:40.776+0530","caller":"cmd/bin.go:154","msg":"Upstream version details: {Name:cli Min:0.2.265 Max:0.2.342} "}
{"level":"info","time":"2026-06-10T15:16:40.776+0530","caller":"cmd/bin.go:202","msg":"Generating TraceID for tracking request: 01KTRETFYN2FZQTPB1ZPDMQR6N \n"}
{"level":"warn","time":"2026-06-10T15:16:40.808+0530","caller":"globalconfigvalidator/setup.go:45","msg":"Found user credentials in env and cli flag both, credentials in env will be ignored"}
{"level":"warn","time":"2026-06-10T15:16:40.809+0530","caller":"globalconfigvalidator/setup.go:50","msg":"Found key credentials in env and cli flag both, credentials in env will be ignored"}
{"level":"debug","time":"2026-06-10T15:16:46.236+0530","caller":"core/lifecycle.go:123","msg":"Setting environment"}
{"level":"debug","time":"2026-06-10T15:16:46.236+0530","caller":"core/lifecycle.go:126","msg":"Parsing config"}
{"level":"debug","time":"2026-06-10T15:16:46.236+0530","caller":"yamlconfigmanager/setup.go:725","msg":"Custom location for .hyperexecute.yaml specified. Using: ./yaml/win/.hyperexecute_autosplits.yaml"}
{"level":"debug","time":"2026-06-10T15:16:46.236+0530","caller":"yamlconfigmanager/setup.go:117","msg":"using hyperexecute config from : ./yaml/win/.hyperexecute_autosplits.yaml"}
{"level":"debug","time":"2026-06-10T15:16:48.234+0530","caller":"yamlconfigmanager/setup.go:2153","msg":"Autodetecting test type in files of path : C:\\PW102\\HyperExecute-Playwright-Vanilla-Javascript-main"}
{"level":"debug","time":"2026-06-10T15:16:48.263+0530","caller":"yamlconfigmanager/setup.go:2195","msg":"File in which test type is detected - C:\\PW102\\HyperExecute-Playwright-Vanilla-Javascript-main/package.json"}
{"level":"debug","time":"2026-06-10T15:16:48.263+0530","caller":"yamlconfigmanager/setup.go:2196","msg":"Pre command in which test type is detected - npx playwright install"}
{"level":"debug","time":"2026-06-10T15:16:48.263+0530","caller":"yamlconfigmanager/setup.go:515","msg":"Automatic test type detected - playwright"}
{"level":"debug","time":"2026-06-10T15:16:48.265+0530","caller":"yamlconfigmanager/setup.go:547","msg":"Tunnel: false"}
{"level":"info","time":"2026-06-10T15:16:48.265+0530","caller":"models/HypertestYamlConfig.go:974","msg":"\n\u001b[4m\u001b[1m\u001b[97mExecution Plan\u001b[0m\u001b[22m\u001b[24m"}
{"level":"info","time":"2026-06-10T15:16:48.265+0530","caller":"models/HypertestYamlConfig.go:775","msg":"Mode:    \u001b[36mautosplit\u001b[0m"}
{"level":"info","time":"2026-06-10T15:16:48.265+0530","caller":"models/HypertestYamlConfig.go:835","msg":"Runson:    \u001b[36mwin\u001b[0m"}
{"level":"info","time":"2026-06-10T15:16:48.265+0530","caller":"models/HypertestYamlConfig.go:843","msg":"Concurrency:    \u001b[36m2\u001b[0m"}
{"level":"info","time":"2026-06-10T15:16:48.265+0530","caller":"models/HypertestYamlConfig.go:907","msg":"Report:    \u001b[36mdisabled\u001b[0m"}
{"level":"info","time":"2026-06-10T15:16:48.265+0530","caller":"models/HypertestYamlConfig.go:939","msg":"Cache Directories:"}
{"level":"info","time":"2026-06-10T15:16:48.266+0530","caller":"models/HypertestYamlConfig.go:941","msg":"    \u001b[36mnode_modules\u001b[0m"}
{"level":"info","time":"2026-06-10T15:16:48.266+0530","caller":"models/HypertestYamlConfig.go:987","msg":""}
{"level":"debug","time":"2026-06-10T15:16:48.266+0530","caller":"filevalidator/setup.go:49","msg":"Warning: Checking data.json file in current directory, no dataJsonPath found in .hyperexecute.yaml"}
{"level":"debug","time":"2026-06-10T15:16:48.266+0530","caller":"filevalidator/setup.go:53","msg":"Warning: data.json file doesn't exist"}
{"level":"info","time":"2026-06-10T15:16:51.891+0530","caller":"core/lifecycle.go:457","msg":"\u001b[102m\u001b[1m\u001b[30mYou've consumed 1.67 % of your limit. Free trial mins left - 295.00\u001b[0m\u001b[22m\u001b[0m"}
{"level":"debug","time":"2026-06-10T15:16:51.891+0530","caller":"core/lifecycle.go:536","msg":"Job ID: 7361b649-c4b6-4c89-96ec-d3daf6fdff0f"}
{"level":"debug","time":"2026-06-10T15:16:51.891+0530","caller":"core/lifecycle.go:539","msg":"User - musharrafali17696, triggered job with ID 7361b649-c4b6-4c89-96ec-d3daf6fdff0f from CLI"}
{"level":"debug","time":"2026-06-10T15:16:51.891+0530","caller":"core/lifecycle.go:542","msg":"User has provided playwright as test type for the job with ID 7361b649-c4b6-4c89-96ec-d3daf6fdff0f"}
{"level":"debug","time":"2026-06-10T15:16:51.891+0530","caller":"events/manager.go:97","msg":"Starting event manager"}
{"level":"debug","time":"2026-06-10T15:16:51.891+0530","caller":"events/manager.go:99","msg":"SSE enabled, getting SSE connection"}
{"level":"debug","time":"2026-06-10T15:16:51.893+0530","caller":"archivemanager/setup.go:339","msg":"digestMap: map[]"}
{"level":"debug","time":"2026-06-10T15:16:51.893+0530","caller":"archivemanager/setup.go:345","msg":"Creating archive of target directory: C:\\PW102\\HyperExecute-Playwright-Vanilla-Javascript-main"}
{"level":"debug","time":"2026-06-10T15:16:52.637+0530","caller":"core/lifecycle.go:693","msg":"Zip file size: 205.78 kB"}
{"level":"debug","time":"2026-06-10T15:16:52.637+0530","caller":"core/lifecycle.go:703","msg":"Archive location: C:\\PW102\\HyperExecute-Playwright-Vanilla-Javascript-main\\hyperexecute-code-7361b649-c4b6-4c89-96ec-d3daf6fdff0f.zip\n"}
{"level":"debug","time":"2026-06-10T15:16:52.672+0530","caller":"storage/azure.go:60","msg":"Payload size: 205.78 kB, source path C:\\PW102\\HyperExecute-Playwright-Vanilla-Javascript-main\\hyperexecute-code-7361b649-c4b6-4c89-96ec-d3daf6fdff0f.zip"}
{"level":"debug","time":"2026-06-10T15:17:01.273+0530","caller":"storage/azure.go:84","msg":"Azcopy output: \n\r0.0 %, 0 Done, 0 Failed, 1 Pending, 0 Skipped, 1 Total, 2-sec Throughput (Mb/s): 0.8229\r0.0 %, 0 Done, 0 Failed, 1 Pending, 0 Skipped, 1 Total,                                \r100.0 %, 1 Done, 0 Failed, 0 Pending, 0 Skipped, 1 Total, \nTotal time taken to upload(min) :0.1\n, stderr: "}
{"level":"info","time":"2026-06-10T15:17:01.273+0530","caller":"storage/azure.go:123","msg":"File: C:\\PW102\\HyperExecute-Playwright-Vanilla-Javascript-main\\hyperexecute-code-7361b649-c4b6-4c89-96ec-d3daf6fdff0f.zip upload completed in 8.6356054s"}
{"level":"debug","time":"2026-06-10T15:17:01.274+0530","caller":"receptionmanager/setup.go:274","msg":"number of entries in runtimes: 0, switching to new yaml format"}
{"level":"debug","time":"2026-06-10T15:17:01.274+0530","caller":"receptionmanager/setup.go:303","msg":"number of entries in partialreports: 0, switching to new yaml format"}
{"level":"debug","time":"2026-06-10T15:17:01.277+0530","caller":"receptionmanager/setup.go:188","msg":"Uploading yaml : C:\\PW102\\HyperExecute-Playwright-Vanilla-Javascript-main\\.updatedhyperexecute.yaml"}
{"level":"debug","time":"2026-06-10T15:17:01.307+0530","caller":"storage/azure.go:60","msg":"Payload size: 3.84 kB, source path C:\\PW102\\HyperExecute-Playwright-Vanilla-Javascript-main\\.updatedhyperexecute.yaml"}
{"level":"debug","time":"2026-06-10T15:17:05.723+0530","caller":"storage/azure.go:84","msg":"Azcopy output: \n\r100.0 %, 1 Done, 0 Failed, 0 Pending, 0 Skipped, 1 Total, 2-sec Throughput (Mb/s): 0.0154\nTotal time taken to upload(min) :0.0333\n, stderr: "}
{"level":"info","time":"2026-06-10T15:17:05.723+0530","caller":"storage/azure.go:123","msg":"File: C:\\PW102\\HyperExecute-Playwright-Vanilla-Javascript-main\\.updatedhyperexecute.yaml upload completed in 4.4460626s"}
{"level":"debug","time":"2026-06-10T15:17:05.725+0530","caller":"core/lifecycle.go:730","msg":"Successfully deleted code archive: C:\\PW102\\HyperExecute-Playwright-Vanilla-Javascript-main\\hyperexecute-code-7361b649-c4b6-4c89-96ec-d3daf6fdff0f.zip\n"}
{"level":"debug","time":"2026-06-10T15:17:05.758+0530","caller":"storage/azure.go:60","msg":"Payload size: 467 B, source path yaml\\win\\mask-7361b649-c4b6-4c89-96ec-d3daf6fdff0f.yaml"}
{"level":"debug","time":"2026-06-10T15:17:10.120+0530","caller":"storage/azure.go:84","msg":"Azcopy output: \n\r100.0 %, 1 Done, 0 Failed, 0 Pending, 0 Skipped, 1 Total, 2-sec Throughput (Mb/s): 0.0019\nTotal time taken to upload(min) :0.0333\n, stderr: "}
{"level":"info","time":"2026-06-10T15:17:10.120+0530","caller":"storage/azure.go:123","msg":"File: yaml\\win\\mask-7361b649-c4b6-4c89-96ec-d3daf6fdff0f.yaml upload completed in 4.3917578s"}
{"level":"debug","time":"2026-06-10T15:17:21.891+0530","caller":"events/manager.go:356","msg":"No new messages received from SSE for jobID: 7361b649-c4b6-4c89-96ec-d3daf6fdff0f. Fetching from APIs"}
{"level":"info","time":"2026-06-10T15:17:22.773+0530","caller":"jobmanager/sse_setup.go:84","msg":"\nJob 7361b649-c4b6-4c89-96ec-d3daf6fdff0f has started RUNNING"}
{"level":"info","time":"2026-06-10T15:17:22.773+0530","caller":"jobmanager/manager.go:138","msg":"Job Link: https://hyperexecute.lambdatest.com/hyperexecute/task?jobId=7361b649-c4b6-4c89-96ec-d3daf6fdff0f\n"}
{"level":"info","time":"2026-06-10T15:17:23.481+0530","caller":"terminal/terminal.go:187","msg":"✔ [1]  cache-download (1s)\n"}
{"level":"info","time":"2026-06-10T15:17:23.484+0530","caller":"terminal/terminal.go:187","msg":"✔ [2]  cache-download (1s)\n"}
{"level":"debug","time":"2026-06-10T15:17:53.480+0530","caller":"events/manager.go:356","msg":"No new messages received from SSE for jobID: 7361b649-c4b6-4c89-96ec-d3daf6fdff0f. Fetching from APIs"}
{"level":"info","time":"2026-06-10T15:17:55.093+0530","caller":"terminal/terminal.go:187","msg":"✔ [1]  pre (39s)\n"}
{"level":"info","time":"2026-06-10T15:17:55.095+0530","caller":"terminal/terminal.go:187","msg":"✔ [1]  discovery (1s)\n"}
{"level":"info","time":"2026-06-10T15:17:55.097+0530","caller":"terminal/terminal.go:187","msg":"✔ [2]  pre (40s)\n"}
{"level":"info","time":"2026-06-10T15:17:55.099+0530","caller":"terminal/terminal.go:187","msg":"✔ [2]  discovery (0s)\n"}
{"level":"debug","time":"2026-06-10T15:18:25.091+0530","caller":"events/manager.go:356","msg":"No new messages received from SSE for jobID: 7361b649-c4b6-4c89-96ec-d3daf6fdff0f. Fetching from APIs"}
{"level":"info","time":"2026-06-10T15:18:27.219+0530","caller":"terminal/terminal.go:187","msg":"x [1]  tests/test_1.spec.js (2s)\n"}
{"level":"info","time":"2026-06-10T15:18:27.222+0530","caller":"terminal/terminal.go:187","msg":"✔ [1]  tests/test_3.spec.js (19s)\n"}
{"level":"info","time":"2026-06-10T15:18:27.225+0530","caller":"terminal/terminal.go:187","msg":"x [2]  tests/test_2.spec.js (19s)\n"}
{"level":"debug","time":"2026-06-10T15:18:57.216+0530","caller":"events/manager.go:356","msg":"No new messages received from SSE for jobID: 7361b649-c4b6-4c89-96ec-d3daf6fdff0f. Fetching from APIs"}
{"level":"debug","time":"2026-06-10T15:19:29.098+0530","caller":"events/manager.go:356","msg":"No new messages received from SSE for jobID: 7361b649-c4b6-4c89-96ec-d3daf6fdff0f. Fetching from APIs"}
{"level":"debug","time":"2026-06-10T15:19:30.763+0530","caller":"jobmanager/sse_setup.go:134","msg":"\n\nJob status"}
{"level":"info","time":"2026-06-10T15:19:30.763+0530","caller":"core/lifecycle.go:820","msg":"taskId:HYPW-3042128-1781084831165773846VZD has failed with remark: Job failed as encountered a Test level failure\n"}
{"level":"info","time":"2026-06-10T15:19:30.763+0530","caller":"core/lifecycle.go:820","msg":"taskId:HYPW-3042128-1781084831170496424QIF has failed with remark: Job failed as encountered a Test level failure\n"}
{"level":"info","time":"2026-06-10T15:19:33.606+0530","caller":"jobmanager/JobSummaryManager.go:54","msg":"\n FAILED \n"}
{"level":"info","time":"2026-06-10T15:19:33.607+0530","caller":"jobmanager/JobSummaryManager.go:113","msg":"    Test Execution Time:                  5s"}
{"level":"info","time":"2026-06-10T15:19:33.607+0530","caller":"jobmanager/JobSummaryManager.go:113","msg":"    Job Duration Time:                    1m48s"}
{"level":"info","time":"2026-06-10T15:19:33.607+0530","caller":"jobmanager/JobSummaryManager.go:113","msg":"    Total Tasks:                          2"}
{"level":"info","time":"2026-06-10T15:19:33.608+0530","caller":"jobmanager/JobSummaryManager.go:113","msg":"    Cumulative Time Consumed:             3m34s"}
{"level":"info","time":"2026-06-10T15:19:33.608+0530","caller":"jobmanager/JobSummaryManager.go:113","msg":"    Total Stages:                         7"}
{"level":"info","time":"2026-06-10T15:19:33.608+0530","caller":"jobmanager/JobSummaryManager.go:113","msg":"    Pass discovery stage percentage:      100.00%"}
{"level":"info","time":"2026-06-10T15:19:33.608+0530","caller":"jobmanager/JobSummaryManager.go:113","msg":"    Failed discovery stage percentage:    0.00%"}
{"level":"info","time":"2026-06-10T15:19:33.608+0530","caller":"jobmanager/JobSummaryManager.go:113","msg":"    Pass pre stage percentage:            100.00%"}
{"level":"info","time":"2026-06-10T15:19:33.608+0530","caller":"jobmanager/JobSummaryManager.go:113","msg":"    Failed pre stage percentage:          0.00%"}
{"level":"info","time":"2026-06-10T15:19:33.608+0530","caller":"jobmanager/JobSummaryManager.go:113","msg":"    Pass test stage percentage:           33.33%"}
{"level":"info","time":"2026-06-10T15:19:33.609+0530","caller":"jobmanager/JobSummaryManager.go:113","msg":"    Failed test stage percentage:         66.67%"}
{"level":"info","time":"2026-06-10T15:19:33.609+0530","caller":"jobmanager/JobSummaryManager.go:113","msg":"    Pass post stage percentage:           0.00%"}
{"level":"info","time":"2026-06-10T15:19:33.609+0530","caller":"jobmanager/JobSummaryManager.go:113","msg":"    Failed post stage percentage:         0.00%"}
{"level":"info","time":"2026-06-10T15:19:33.609+0530","caller":"jobmanager/JobSummaryManager.go:113","msg":"    Failed Tasks:                         2"}
{"level":"info","time":"2026-06-10T15:19:33.610+0530","caller":"jobmanager/JobSummaryManager.go:58","msg":""}
{"level":"debug","time":"2026-06-10T15:19:33.612+0530","caller":"core/lifecycle.go:933","msg":"Context canceled"}
{"level":"info","time":"2026-06-10T15:19:33.613+0530","caller":"events/manager.go:338","msg":"context done and stopping SSE"}
{"level":"debug","time":"2026-06-10T15:19:33.613+0530","caller":"events/manager.go:256","msg":"Stopping event manager"}
{"level":"info","time":"2026-06-10T15:19:33.613+0530","caller":"core/lifecycle.go:936","msg":"Stopping pipeline gracefully"}
{"level":"error","time":"2026-06-10T15:19:33.614+0530","caller":"core/lifecycle.go:939","msg":"2026-06-10T15:16:38+05:30    error    Exiting with error: Failed tasks found."}
{"level":"info","time":"2026-06-10T15:19:33.614+0530","caller":"jobmanager/manager.go:138","msg":"Job Link: https://hyperexecute.lambdatest.com/hyperexecute/task?jobId=7361b649-c4b6-4c89-96ec-d3daf6fdff0f\n"}
{"level":"debug","time":"2026-06-10T15:19:33.614+0530","caller":"core/lifecycle.go:75","msg":"Quit requested from main goroutine...."}
{"level":"debug","time":"2026-06-10T15:19:33.614+0530","caller":"core/lifecycle.go:76","msg":"Waiting for the goroutines to exit"}
{"level":"debug","time":"2026-06-10T15:19:33.614+0530","caller":"core/lifecycle.go:79","msg":"All lifecycle goroutines exited"}
{"level":"debug","time":"2026-06-10T15:19:33.614+0530","caller":"cmd/bin.go:361","msg":"main: all goroutines have finished."}
{"level":"debug","time":"2026-06-10T15:19:33.614+0530","caller":"cmd/bin.go:400","msg":"Exiting application due to error Failed tasks found."}
{"level":"debug","time":"2026-06-10T16:25:10.571+0530","caller":"cmd/bin.go:145","msg":"cli os: windows, cli arch: amd64"}
{"level":"debug","time":"2026-06-10T16:25:11.256+0530","caller":"cmd/bin.go:154","msg":"Upstream version details: {Name:cli Min:0.2.265 Max:0.2.342} "}
{"level":"info","time":"2026-06-10T16:25:11.256+0530","caller":"cmd/bin.go:202","msg":"Generating TraceID for tracking request: 01KTRJQYANHMS4MVPMHJ1ACMR2 \n"}
{"level":"warn","time":"2026-06-10T16:25:11.296+0530","caller":"globalconfigvalidator/setup.go:45","msg":"Found user credentials in env and cli flag both, credentials in env will be ignored"}
{"level":"warn","time":"2026-06-10T16:25:11.298+0530","caller":"globalconfigvalidator/setup.go:50","msg":"Found key credentials in env and cli flag both, credentials in env will be ignored"}
{"level":"debug","time":"2026-06-10T16:25:15.432+0530","caller":"core/lifecycle.go:123","msg":"Setting environment"}
{"level":"debug","time":"2026-06-10T16:25:15.432+0530","caller":"core/lifecycle.go:126","msg":"Parsing config"}
{"level":"debug","time":"2026-06-10T16:25:15.432+0530","caller":"yamlconfigmanager/setup.go:725","msg":"Custom location for .hyperexecute.yaml specified. Using: ./yaml/win/.hyperexecute_autosplits.yaml"}
{"level":"debug","time":"2026-06-10T16:25:15.432+0530","caller":"yamlconfigmanager/setup.go:117","msg":"using hyperexecute config from : ./yaml/win/.hyperexecute_autosplits.yaml"}
{"level":"debug","time":"2026-06-10T16:25:17.489+0530","caller":"yamlconfigmanager/setup.go:2153","msg":"Autodetecting test type in files of path : C:\\PW102\\HyperExecute-Playwright-Vanilla-Javascript-main"}
{"level":"debug","time":"2026-06-10T16:25:17.536+0530","caller":"yamlconfigmanager/setup.go:2195","msg":"File in which test type is detected - C:\\PW102\\HyperExecute-Playwright-Vanilla-Javascript-main/package.json"}
{"level":"debug","time":"2026-06-10T16:25:17.536+0530","caller":"yamlconfigmanager/setup.go:2196","msg":"Pre command in which test type is detected - npx playwright install"}
{"level":"debug","time":"2026-06-10T16:25:17.536+0530","caller":"yamlconfigmanager/setup.go:515","msg":"Automatic test type detected - playwright"}
{"level":"debug","time":"2026-06-10T16:25:17.537+0530","caller":"yamlconfigmanager/setup.go:547","msg":"Tunnel: false"}
{"level":"info","time":"2026-06-10T16:25:17.537+0530","caller":"models/HypertestYamlConfig.go:974","msg":"\n\u001b[4m\u001b[1m\u001b[97mExecution Plan\u001b[0m\u001b[22m\u001b[24m"}
{"level":"info","time":"2026-06-10T16:25:17.537+0530","caller":"models/HypertestYamlConfig.go:775","msg":"Mode:    \u001b[36mautosplit\u001b[0m"}
{"level":"info","time":"2026-06-10T16:25:17.538+0530","caller":"models/HypertestYamlConfig.go:835","msg":"Runson:    \u001b[36mwin\u001b[0m"}
{"level":"info","time":"2026-06-10T16:25:17.538+0530","caller":"models/HypertestYamlConfig.go:843","msg":"Concurrency:    \u001b[36m2\u001b[0m"}
{"level":"info","time":"2026-06-10T16:25:17.538+0530","caller":"models/HypertestYamlConfig.go:907","msg":"Report:    \u001b[36mdisabled\u001b[0m"}
{"level":"info","time":"2026-06-10T16:25:17.538+0530","caller":"models/HypertestYamlConfig.go:939","msg":"Cache Directories:"}
{"level":"info","time":"2026-06-10T16:25:17.538+0530","caller":"models/HypertestYamlConfig.go:941","msg":"    \u001b[36mnode_modules\u001b[0m"}
{"level":"info","time":"2026-06-10T16:25:17.538+0530","caller":"models/HypertestYamlConfig.go:987","msg":""}
{"level":"debug","time":"2026-06-10T16:25:17.538+0530","caller":"filevalidator/setup.go:49","msg":"Warning: Checking data.json file in current directory, no dataJsonPath found in .hyperexecute.yaml"}
{"level":"debug","time":"2026-06-10T16:25:17.539+0530","caller":"filevalidator/setup.go:53","msg":"Warning: data.json file doesn't exist"}
{"level":"info","time":"2026-06-10T16:25:21.442+0530","caller":"core/lifecycle.go:457","msg":"\u001b[102m\u001b[1m\u001b[30mYou've consumed 3.00 % of your limit. Free trial mins left - 291.00\u001b[0m\u001b[22m\u001b[0m"}
{"level":"debug","time":"2026-06-10T16:25:21.442+0530","caller":"core/lifecycle.go:536","msg":"Job ID: 78342ab2-a8b6-4219-9b69-f22bf7a4cf13"}
{"level":"debug","time":"2026-06-10T16:25:21.442+0530","caller":"core/lifecycle.go:539","msg":"User - musharrafali17696, triggered job with ID 78342ab2-a8b6-4219-9b69-f22bf7a4cf13 from CLI"}
{"level":"debug","time":"2026-06-10T16:25:21.442+0530","caller":"events/manager.go:97","msg":"Starting event manager"}
{"level":"debug","time":"2026-06-10T16:25:21.442+0530","caller":"events/manager.go:99","msg":"SSE enabled, getting SSE connection"}
{"level":"debug","time":"2026-06-10T16:25:21.442+0530","caller":"core/lifecycle.go:542","msg":"User has provided playwright as test type for the job with ID 78342ab2-a8b6-4219-9b69-f22bf7a4cf13"}
{"level":"debug","time":"2026-06-10T16:25:21.444+0530","caller":"archivemanager/setup.go:339","msg":"digestMap: map[]"}
{"level":"debug","time":"2026-06-10T16:25:21.444+0530","caller":"archivemanager/setup.go:345","msg":"Creating archive of target directory: C:\\PW102\\HyperExecute-Playwright-Vanilla-Javascript-main"}
{"level":"debug","time":"2026-06-10T16:25:22.184+0530","caller":"core/lifecycle.go:693","msg":"Zip file size: 205.84 kB"}
{"level":"debug","time":"2026-06-10T16:25:22.184+0530","caller":"core/lifecycle.go:703","msg":"Archive location: C:\\PW102\\HyperExecute-Playwright-Vanilla-Javascript-main\\hyperexecute-code-78342ab2-a8b6-4219-9b69-f22bf7a4cf13.zip\n"}
{"level":"debug","time":"2026-06-10T16:25:22.218+0530","caller":"storage/azure.go:60","msg":"Payload size: 205.84 kB, source path C:\\PW102\\HyperExecute-Playwright-Vanilla-Javascript-main\\hyperexecute-code-78342ab2-a8b6-4219-9b69-f22bf7a4cf13.zip"}
{"level":"debug","time":"2026-06-10T16:25:28.499+0530","caller":"storage/azure.go:84","msg":"Azcopy output: \n\r0.0 %, 0 Done, 0 Failed, 1 Pending, 0 Skipped, 1 Total, 2-sec Throughput (Mb/s): 0.8233\r100.0 %, 1 Done, 0 Failed, 0 Pending, 0 Skipped, 1 Total,                              \nTotal time taken to upload(min) :0.0667\n, stderr: "}
{"level":"info","time":"2026-06-10T16:25:28.499+0530","caller":"storage/azure.go:123","msg":"File: C:\\PW102\\HyperExecute-Playwright-Vanilla-Javascript-main\\hyperexecute-code-78342ab2-a8b6-4219-9b69-f22bf7a4cf13.zip upload completed in 6.3150083s"}
{"level":"debug","time":"2026-06-10T16:25:28.500+0530","caller":"receptionmanager/setup.go:274","msg":"number of entries in runtimes: 0, switching to new yaml format"}
{"level":"debug","time":"2026-06-10T16:25:28.500+0530","caller":"receptionmanager/setup.go:303","msg":"number of entries in partialreports: 0, switching to new yaml format"}
{"level":"debug","time":"2026-06-10T16:25:28.502+0530","caller":"receptionmanager/setup.go:188","msg":"Uploading yaml : C:\\PW102\\HyperExecute-Playwright-Vanilla-Javascript-main\\.updatedhyperexecute.yaml"}
{"level":"debug","time":"2026-06-10T16:25:28.529+0530","caller":"storage/azure.go:60","msg":"Payload size: 3.84 kB, source path C:\\PW102\\HyperExecute-Playwright-Vanilla-Javascript-main\\.updatedhyperexecute.yaml"}
{"level":"debug","time":"2026-06-10T16:25:32.657+0530","caller":"storage/azure.go:84","msg":"Azcopy output: \n\r100.0 %, 1 Done, 0 Failed, 0 Pending, 0 Skipped, 1 Total, 2-sec Throughput (Mb/s): 0.0154\nTotal time taken to upload(min) :0.0333\n, stderr: "}
{"level":"info","time":"2026-06-10T16:25:32.657+0530","caller":"storage/azure.go:123","msg":"File: C:\\PW102\\HyperExecute-Playwright-Vanilla-Javascript-main\\.updatedhyperexecute.yaml upload completed in 4.154654s"}
{"level":"debug","time":"2026-06-10T16:25:32.659+0530","caller":"core/lifecycle.go:730","msg":"Successfully deleted code archive: C:\\PW102\\HyperExecute-Playwright-Vanilla-Javascript-main\\hyperexecute-code-78342ab2-a8b6-4219-9b69-f22bf7a4cf13.zip\n"}
{"level":"debug","time":"2026-06-10T16:25:32.692+0530","caller":"storage/azure.go:60","msg":"Payload size: 467 B, source path yaml\\win\\mask-78342ab2-a8b6-4219-9b69-f22bf7a4cf13.yaml"}
{"level":"debug","time":"2026-06-10T16:25:36.790+0530","caller":"storage/azure.go:84","msg":"Azcopy output: \n\r100.0 %, 1 Done, 0 Failed, 0 Pending, 0 Skipped, 1 Total, 2-sec Throughput (Mb/s): 0.0019\nTotal time taken to upload(min) :0.0333\n, stderr: "}
{"level":"info","time":"2026-06-10T16:25:36.790+0530","caller":"storage/azure.go:123","msg":"File: yaml\\win\\mask-78342ab2-a8b6-4219-9b69-f22bf7a4cf13.yaml upload completed in 4.1281645s"}
{"level":"debug","time":"2026-06-10T16:25:51.442+0530","caller":"events/manager.go:356","msg":"No new messages received from SSE for jobID: 78342ab2-a8b6-4219-9b69-f22bf7a4cf13. Fetching from APIs"}
{"level":"info","time":"2026-06-10T16:25:52.457+0530","caller":"jobmanager/sse_setup.go:84","msg":"\nJob 78342ab2-a8b6-4219-9b69-f22bf7a4cf13 has started RUNNING"}
{"level":"info","time":"2026-06-10T16:25:52.458+0530","caller":"jobmanager/manager.go:138","msg":"Job Link: https://hyperexecute.lambdatest.com/hyperexecute/task?jobId=78342ab2-a8b6-4219-9b69-f22bf7a4cf13\n"}
{"level":"info","time":"2026-06-10T16:25:53.221+0530","caller":"terminal/terminal.go:187","msg":"✔ [1]  cache-download (1s)\n"}
{"level":"info","time":"2026-06-10T16:25:53.223+0530","caller":"terminal/terminal.go:187","msg":"✔ [2]  cache-download (1s)\n"}
{"level":"debug","time":"2026-06-10T16:26:23.220+0530","caller":"events/manager.go:356","msg":"No new messages received from SSE for jobID: 78342ab2-a8b6-4219-9b69-f22bf7a4cf13. Fetching from APIs"}
{"level":"info","time":"2026-06-10T16:26:24.985+0530","caller":"terminal/terminal.go:187","msg":"✔ [1]  pre (35s)\n"}
{"level":"info","time":"2026-06-10T16:26:24.987+0530","caller":"terminal/terminal.go:187","msg":"✔ [1]  discovery (0s)\n"}
{"level":"info","time":"2026-06-10T16:26:24.988+0530","caller":"terminal/terminal.go:187","msg":"✔ [2]  pre (38s)\n"}
{"level":"info","time":"2026-06-10T16:26:24.991+0530","caller":"terminal/terminal.go:187","msg":"✔ [2]  discovery (0s)\n"}
{"level":"debug","time":"2026-06-10T16:26:54.984+0530","caller":"events/manager.go:356","msg":"No new messages received from SSE for jobID: 78342ab2-a8b6-4219-9b69-f22bf7a4cf13. Fetching from APIs"}
{"level":"info","time":"2026-06-10T16:26:56.554+0530","caller":"terminal/terminal.go:187","msg":"✔ [1]  tests/test_1.spec.js (29s)\n"}
{"level":"debug","time":"2026-06-10T16:27:26.552+0530","caller":"events/manager.go:356","msg":"No new messages received from SSE for jobID: 78342ab2-a8b6-4219-9b69-f22bf7a4cf13. Fetching from APIs"}
{"level":"info","time":"2026-06-10T16:27:28.129+0530","caller":"terminal/terminal.go:187","msg":"✔ [1]  tests/test_3.spec.js (10s)\n"}
{"level":"debug","time":"2026-06-10T16:27:58.128+0530","caller":"events/manager.go:356","msg":"No new messages received from SSE for jobID: 78342ab2-a8b6-4219-9b69-f22bf7a4cf13. Fetching from APIs"}
{"level":"debug","time":"2026-06-10T16:28:29.724+0530","caller":"events/manager.go:356","msg":"No new messages received from SSE for jobID: 78342ab2-a8b6-4219-9b69-f22bf7a4cf13. Fetching from APIs"}
{"level":"debug","time":"2026-06-10T16:29:01.324+0530","caller":"events/manager.go:356","msg":"No new messages received from SSE for jobID: 78342ab2-a8b6-4219-9b69-f22bf7a4cf13. Fetching from APIs"}
{"level":"info","time":"2026-06-10T16:29:02.924+0530","caller":"terminal/terminal.go:187","msg":"x [2]  tests/test_2.spec.js (2m4s)\n"}
{"level":"debug","time":"2026-06-10T16:29:32.924+0530","caller":"events/manager.go:356","msg":"No new messages received from SSE for jobID: 78342ab2-a8b6-4219-9b69-f22bf7a4cf13. Fetching from APIs"}
{"level":"debug","time":"2026-06-10T16:29:34.567+0530","caller":"jobmanager/sse_setup.go:134","msg":"\n\nJob status"}
{"level":"info","time":"2026-06-10T16:29:34.568+0530","caller":"core/lifecycle.go:820","msg":"taskId:HYPW-3042128-1781088937924510991DEI has failed with remark: Job failed as encountered a Test level failure\n"}
{"level":"info","time":"2026-06-10T16:29:35.291+0530","caller":"jobmanager/JobSummaryManager.go:54","msg":"\n FAILED \n"}
{"level":"info","time":"2026-06-10T16:29:35.291+0530","caller":"jobmanager/JobSummaryManager.go:113","msg":"    Test Execution Time:                  1m55s"}
{"level":"info","time":"2026-06-10T16:29:35.292+0530","caller":"jobmanager/JobSummaryManager.go:113","msg":"    Job Duration Time:                    3m29s"}
{"level":"info","time":"2026-06-10T16:29:35.292+0530","caller":"jobmanager/JobSummaryManager.go:113","msg":"    Total Tasks:                          2"}
{"level":"info","time":"2026-06-10T16:29:35.292+0530","caller":"jobmanager/JobSummaryManager.go:113","msg":"    Cumulative Time Consumed:             5m29s"}
{"level":"info","time":"2026-06-10T16:29:35.293+0530","caller":"jobmanager/JobSummaryManager.go:113","msg":"    Total Stages:                         7"}
{"level":"info","time":"2026-06-10T16:29:35.293+0530","caller":"jobmanager/JobSummaryManager.go:113","msg":"    Pass discovery stage percentage:      100.00%"}
{"level":"info","time":"2026-06-10T16:29:35.293+0530","caller":"jobmanager/JobSummaryManager.go:113","msg":"    Failed discovery stage percentage:    0.00%"}
{"level":"info","time":"2026-06-10T16:29:35.293+0530","caller":"jobmanager/JobSummaryManager.go:113","msg":"    Pass pre stage percentage:            100.00%"}
{"level":"info","time":"2026-06-10T16:29:35.293+0530","caller":"jobmanager/JobSummaryManager.go:113","msg":"    Failed pre stage percentage:          0.00%"}
{"level":"info","time":"2026-06-10T16:29:35.293+0530","caller":"jobmanager/JobSummaryManager.go:113","msg":"    Pass test stage percentage:           66.67%"}
{"level":"info","time":"2026-06-10T16:29:35.293+0530","caller":"jobmanager/JobSummaryManager.go:113","msg":"    Failed test stage percentage:         33.33%"}
{"level":"info","time":"2026-06-10T16:29:35.294+0530","caller":"jobmanager/JobSummaryManager.go:113","msg":"    Pass post stage percentage:           0.00%"}
{"level":"info","time":"2026-06-10T16:29:35.294+0530","caller":"jobmanager/JobSummaryManager.go:113","msg":"    Failed post stage percentage:         0.00%"}
{"level":"info","time":"2026-06-10T16:29:35.294+0530","caller":"jobmanager/JobSummaryManager.go:113","msg":"    Failed Tasks:                         1"}
{"level":"info","time":"2026-06-10T16:29:35.294+0530","caller":"jobmanager/JobSummaryManager.go:58","msg":""}
{"level":"debug","time":"2026-06-10T16:29:35.296+0530","caller":"core/lifecycle.go:933","msg":"Context canceled"}
{"level":"info","time":"2026-06-10T16:29:35.296+0530","caller":"events/manager.go:338","msg":"context done and stopping SSE"}
{"level":"debug","time":"2026-06-10T16:29:35.296+0530","caller":"events/manager.go:256","msg":"Stopping event manager"}
{"level":"info","time":"2026-06-10T16:29:35.296+0530","caller":"core/lifecycle.go:936","msg":"Stopping pipeline gracefully"}
{"level":"error","time":"2026-06-10T16:29:35.297+0530","caller":"core/lifecycle.go:939","msg":"2026-06-10T16:25:09+05:30    error    Exiting with error: Failed tasks found."}
{"level":"info","time":"2026-06-10T16:29:35.297+0530","caller":"jobmanager/manager.go:138","msg":"Job Link: https://hyperexecute.lambdatest.com/hyperexecute/task?jobId=78342ab2-a8b6-4219-9b69-f22bf7a4cf13\n"}
{"level":"debug","time":"2026-06-10T16:29:35.297+0530","caller":"core/lifecycle.go:75","msg":"Quit requested from main goroutine...."}
{"level":"debug","time":"2026-06-10T16:29:35.297+0530","caller":"core/lifecycle.go:76","msg":"Waiting for the goroutines to exit"}
{"level":"debug","time":"2026-06-10T16:29:35.297+0530","caller":"core/lifecycle.go:79","msg":"All lifecycle goroutines exited"}
{"level":"debug","time":"2026-06-10T16:29:35.297+0530","caller":"cmd/bin.go:361","msg":"main: all goroutines have finished."}
{"level":"debug","time":"2026-06-10T16:29:35.297+0530","caller":"cmd/bin.go:400","msg":"Exiting application due to error Failed tasks found."}
{"level":"debug","time":"2026-06-10T16:47:02.047+0530","caller":"cmd/bin.go:145","msg":"cli os: windows, cli arch: amd64"}
{"level":"debug","time":"2026-06-10T16:47:02.869+0530","caller":"cmd/bin.go:154","msg":"Upstream version details: {Name:cli Min:0.2.265 Max:0.2.342} "}
{"level":"info","time":"2026-06-10T16:47:02.870+0530","caller":"cmd/bin.go:202","msg":"Generating TraceID for tracking request: 01KTRKZZ1XTMVFJF7KCJMRA57M \n"}
{"level":"warn","time":"2026-06-10T16:47:02.900+0530","caller":"globalconfigvalidator/setup.go:45","msg":"Found user credentials in env and cli flag both, credentials in env will be ignored"}
{"level":"warn","time":"2026-06-10T16:47:02.903+0530","caller":"globalconfigvalidator/setup.go:50","msg":"Found key credentials in env and cli flag both, credentials in env will be ignored"}
{"level":"debug","time":"2026-06-10T16:47:06.203+0530","caller":"core/lifecycle.go:123","msg":"Setting environment"}
{"level":"debug","time":"2026-06-10T16:47:06.203+0530","caller":"core/lifecycle.go:126","msg":"Parsing config"}
{"level":"debug","time":"2026-06-10T16:47:06.203+0530","caller":"yamlconfigmanager/setup.go:725","msg":"Custom location for .hyperexecute.yaml specified. Using: ./yaml/win/.hyperexecute_autosplits.yaml"}
{"level":"debug","time":"2026-06-10T16:47:06.204+0530","caller":"yamlconfigmanager/setup.go:117","msg":"using hyperexecute config from : ./yaml/win/.hyperexecute_autosplits.yaml"}
{"level":"debug","time":"2026-06-10T16:47:09.156+0530","caller":"yamlconfigmanager/setup.go:2153","msg":"Autodetecting test type in files of path : C:\\PW102\\HyperExecute-Playwright-Vanilla-Javascript-main"}
{"level":"debug","time":"2026-06-10T16:47:09.193+0530","caller":"yamlconfigmanager/setup.go:2195","msg":"File in which test type is detected - C:\\PW102\\HyperExecute-Playwright-Vanilla-Javascript-main/package.json"}
{"level":"debug","time":"2026-06-10T16:47:09.193+0530","caller":"yamlconfigmanager/setup.go:2196","msg":"Pre command in which test type is detected - npx playwright install"}
{"level":"debug","time":"2026-06-10T16:47:09.193+0530","caller":"yamlconfigmanager/setup.go:515","msg":"Automatic test type detected - playwright"}
{"level":"debug","time":"2026-06-10T16:47:09.194+0530","caller":"yamlconfigmanager/setup.go:547","msg":"Tunnel: false"}
{"level":"info","time":"2026-06-10T16:47:09.194+0530","caller":"models/HypertestYamlConfig.go:974","msg":"\n\u001b[4m\u001b[1m\u001b[97mExecution Plan\u001b[0m\u001b[22m\u001b[24m"}
{"level":"info","time":"2026-06-10T16:47:09.194+0530","caller":"models/HypertestYamlConfig.go:775","msg":"Mode:    \u001b[36mautosplit\u001b[0m"}
{"level":"info","time":"2026-06-10T16:47:09.194+0530","caller":"models/HypertestYamlConfig.go:835","msg":"Runson:    \u001b[36mwin\u001b[0m"}
{"level":"info","time":"2026-06-10T16:47:09.194+0530","caller":"models/HypertestYamlConfig.go:843","msg":"Concurrency:    \u001b[36m2\u001b[0m"}
{"level":"info","time":"2026-06-10T16:47:09.194+0530","caller":"models/HypertestYamlConfig.go:907","msg":"Report:    \u001b[36menabled\u001b[0m"}
{"level":"info","time":"2026-06-10T16:47:09.194+0530","caller":"models/HypertestYamlConfig.go:921","msg":"Artefacts:"}
{"level":"info","time":"2026-06-10T16:47:09.195+0530","caller":"models/HypertestYamlConfig.go:924","msg":"    Executed-Job-Artifacts:    \u001b[36msrc/test/index.html\u001b[0m"}
{"level":"info","time":"2026-06-10T16:47:09.195+0530","caller":"models/HypertestYamlConfig.go:924","msg":"    My-Job-Artifacts:    \u001b[36msrc/collect/info.html\u001b[0m"}
{"level":"info","time":"2026-06-10T16:47:09.195+0530","caller":"models/HypertestYamlConfig.go:939","msg":"Cache Directories:"}
{"level":"info","time":"2026-06-10T16:47:09.195+0530","caller":"models/HypertestYamlConfig.go:941","msg":"    \u001b[36mnode_modules\u001b[0m"}
{"level":"info","time":"2026-06-10T16:47:09.195+0530","caller":"models/HypertestYamlConfig.go:987","msg":""}
{"level":"debug","time":"2026-06-10T16:47:09.195+0530","caller":"filevalidator/setup.go:49","msg":"Warning: Checking data.json file in current directory, no dataJsonPath found in .hyperexecute.yaml"}
{"level":"debug","time":"2026-06-10T16:47:09.195+0530","caller":"filevalidator/setup.go:53","msg":"Warning: data.json file doesn't exist"}
{"level":"info","time":"2026-06-10T16:47:12.954+0530","caller":"core/lifecycle.go:457","msg":"\u001b[102m\u001b[1m\u001b[30mYou've consumed 4.67 % of your limit. Free trial mins left - 286.00\u001b[0m\u001b[22m\u001b[0m"}
{"level":"debug","time":"2026-06-10T16:47:12.954+0530","caller":"core/lifecycle.go:536","msg":"Job ID: 8fd93e85-e7b8-4b8f-9e26-9f5745eef204"}
{"level":"debug","time":"2026-06-10T16:47:12.954+0530","caller":"core/lifecycle.go:539","msg":"User - musharrafali17696, triggered job with ID 8fd93e85-e7b8-4b8f-9e26-9f5745eef204 from CLI"}
{"level":"debug","time":"2026-06-10T16:47:12.954+0530","caller":"core/lifecycle.go:542","msg":"User has provided playwright as test type for the job with ID 8fd93e85-e7b8-4b8f-9e26-9f5745eef204"}
{"level":"debug","time":"2026-06-10T16:47:12.954+0530","caller":"events/manager.go:97","msg":"Starting event manager"}
{"level":"debug","time":"2026-06-10T16:47:12.954+0530","caller":"events/manager.go:99","msg":"SSE enabled, getting SSE connection"}
{"level":"debug","time":"2026-06-10T16:47:12.958+0530","caller":"archivemanager/setup.go:339","msg":"digestMap: map[]"}
{"level":"debug","time":"2026-06-10T16:47:12.959+0530","caller":"archivemanager/setup.go:345","msg":"Creating archive of target directory: C:\\PW102\\HyperExecute-Playwright-Vanilla-Javascript-main"}
{"level":"debug","time":"2026-06-10T16:47:13.679+0530","caller":"core/lifecycle.go:693","msg":"Zip file size: 206.13 kB"}
{"level":"debug","time":"2026-06-10T16:47:13.680+0530","caller":"core/lifecycle.go:703","msg":"Archive location: C:\\PW102\\HyperExecute-Playwright-Vanilla-Javascript-main\\hyperexecute-code-8fd93e85-e7b8-4b8f-9e26-9f5745eef204.zip\n"}
{"level":"debug","time":"2026-06-10T16:47:13.712+0530","caller":"storage/azure.go:60","msg":"Payload size: 206.13 kB, source path C:\\PW102\\HyperExecute-Playwright-Vanilla-Javascript-main\\hyperexecute-code-8fd93e85-e7b8-4b8f-9e26-9f5745eef204.zip"}
{"level":"debug","time":"2026-06-10T16:47:20.203+0530","caller":"storage/azure.go:84","msg":"Azcopy output: \n\r0.0 %, 0 Done, 0 Failed, 1 Pending, 0 Skipped, 1 Total, 2-sec Throughput (Mb/s): 0.8243\r100.0 %, 1 Done, 0 Failed, 0 Pending, 0 Skipped, 1 Total,                              \nTotal time taken to upload(min) :0.0667\n, stderr: "}
{"level":"info","time":"2026-06-10T16:47:20.203+0530","caller":"storage/azure.go:123","msg":"File: C:\\PW102\\HyperExecute-Playwright-Vanilla-Javascript-main\\hyperexecute-code-8fd93e85-e7b8-4b8f-9e26-9f5745eef204.zip upload completed in 6.5225165s"}
{"level":"debug","time":"2026-06-10T16:47:20.204+0530","caller":"receptionmanager/setup.go:274","msg":"number of entries in runtimes: 0, switching to new yaml format"}
{"level":"debug","time":"2026-06-10T16:47:20.205+0530","caller":"receptionmanager/setup.go:313","msg":"only one partialreports entry detected, mapping it to older yaml format"}
{"level":"debug","time":"2026-06-10T16:47:20.207+0530","caller":"receptionmanager/setup.go:188","msg":"Uploading yaml : C:\\PW102\\HyperExecute-Playwright-Vanilla-Javascript-main\\.updatedhyperexecute.yaml"}
{"level":"debug","time":"2026-06-10T16:47:20.247+0530","caller":"storage/azure.go:60","msg":"Payload size: 4.72 kB, source path C:\\PW102\\HyperExecute-Playwright-Vanilla-Javascript-main\\.updatedhyperexecute.yaml"}
{"level":"debug","time":"2026-06-10T16:47:24.389+0530","caller":"storage/azure.go:84","msg":"Azcopy output: \n\r100.0 %, 1 Done, 0 Failed, 0 Pending, 0 Skipped, 1 Total, 2-sec Throughput (Mb/s): 0.0189\nTotal time taken to upload(min) :0.0333\n, stderr: "}
{"level":"info","time":"2026-06-10T16:47:24.389+0530","caller":"storage/azure.go:123","msg":"File: C:\\PW102\\HyperExecute-Playwright-Vanilla-Javascript-main\\.updatedhyperexecute.yaml upload completed in 4.1816689s"}
{"level":"debug","time":"2026-06-10T16:47:24.391+0530","caller":"core/lifecycle.go:730","msg":"Successfully deleted code archive: C:\\PW102\\HyperExecute-Playwright-Vanilla-Javascript-main\\hyperexecute-code-8fd93e85-e7b8-4b8f-9e26-9f5745eef204.zip\n"}
{"level":"debug","time":"2026-06-10T16:47:24.430+0530","caller":"storage/azure.go:60","msg":"Payload size: 814 B, source path yaml\\win\\mask-8fd93e85-e7b8-4b8f-9e26-9f5745eef204.yaml"}
{"level":"debug","time":"2026-06-10T16:47:28.629+0530","caller":"storage/azure.go:84","msg":"Azcopy output: \n\r100.0 %, 1 Done, 0 Failed, 0 Pending, 0 Skipped, 1 Total, 2-sec Throughput (Mb/s): 0.0033\nTotal time taken to upload(min) :0.0333\n, stderr: "}
{"level":"info","time":"2026-06-10T16:47:28.629+0530","caller":"storage/azure.go:123","msg":"File: yaml\\win\\mask-8fd93e85-e7b8-4b8f-9e26-9f5745eef204.yaml upload completed in 4.235136s"}
{"level":"debug","time":"2026-06-10T16:47:42.955+0530","caller":"events/manager.go:356","msg":"No new messages received from SSE for jobID: 8fd93e85-e7b8-4b8f-9e26-9f5745eef204. Fetching from APIs"}
{"level":"info","time":"2026-06-10T16:47:43.702+0530","caller":"jobmanager/sse_setup.go:84","msg":"\nJob 8fd93e85-e7b8-4b8f-9e26-9f5745eef204 has started RUNNING"}
{"level":"info","time":"2026-06-10T16:47:43.702+0530","caller":"jobmanager/manager.go:138","msg":"Job Link: https://hyperexecute.lambdatest.com/hyperexecute/task?jobId=8fd93e85-e7b8-4b8f-9e26-9f5745eef204\n"}
{"level":"info","time":"2026-06-10T16:47:44.429+0530","caller":"terminal/terminal.go:187","msg":"✔ [1]  cache-download (1s)\n"}
{"level":"info","time":"2026-06-10T16:47:44.431+0530","caller":"terminal/terminal.go:187","msg":"✔ [2]  cache-download (0s)\n"}
{"level":"debug","time":"2026-06-10T16:48:14.428+0530","caller":"events/manager.go:356","msg":"No new messages received from SSE for jobID: 8fd93e85-e7b8-4b8f-9e26-9f5745eef204. Fetching from APIs"}
{"level":"info","time":"2026-06-10T16:48:15.958+0530","caller":"terminal/terminal.go:187","msg":"✔ [1]  pre (35s)\n"}
{"level":"info","time":"2026-06-10T16:48:15.960+0530","caller":"terminal/terminal.go:187","msg":"✔ [1]  discovery (0s)\n"}
{"level":"info","time":"2026-06-10T16:48:15.961+0530","caller":"terminal/terminal.go:187","msg":"✔ [2]  pre (34s)\n"}
{"level":"info","time":"2026-06-10T16:48:15.963+0530","caller":"terminal/terminal.go:187","msg":"✔ [2]  discovery (0s)\n"}
{"level":"debug","time":"2026-06-10T16:48:45.957+0530","caller":"events/manager.go:356","msg":"No new messages received from SSE for jobID: 8fd93e85-e7b8-4b8f-9e26-9f5745eef204. Fetching from APIs"}
{"level":"info","time":"2026-06-10T16:48:47.489+0530","caller":"terminal/terminal.go:187","msg":"✔ [1]  tests/test_1.spec.js (30s)\n"}
{"level":"debug","time":"2026-06-10T16:49:17.489+0530","caller":"events/manager.go:356","msg":"No new messages received from SSE for jobID: 8fd93e85-e7b8-4b8f-9e26-9f5745eef204. Fetching from APIs"}
{"level":"info","time":"2026-06-10T16:49:20.001+0530","caller":"terminal/terminal.go:187","msg":"✔ [1]  tests/test_3.spec.js (9s)\n"}
{"level":"debug","time":"2026-06-10T16:49:50.000+0530","caller":"events/manager.go:356","msg":"No new messages received from SSE for jobID: 8fd93e85-e7b8-4b8f-9e26-9f5745eef204. Fetching from APIs"}
{"level":"debug","time":"2026-06-10T16:50:21.475+0530","caller":"events/manager.go:356","msg":"No new messages received from SSE for jobID: 8fd93e85-e7b8-4b8f-9e26-9f5745eef204. Fetching from APIs"}
{"level":"debug","time":"2026-06-10T16:50:53.038+0530","caller":"events/manager.go:356","msg":"No new messages received from SSE for jobID: 8fd93e85-e7b8-4b8f-9e26-9f5745eef204. Fetching from APIs"}
{"level":"debug","time":"2026-06-10T16:51:24.579+0530","caller":"events/manager.go:356","msg":"No new messages received from SSE for jobID: 8fd93e85-e7b8-4b8f-9e26-9f5745eef204. Fetching from APIs"}
{"level":"info","time":"2026-06-10T16:51:26.146+0530","caller":"terminal/terminal.go:187","msg":"x [2]  tests/test_2.spec.js (2m44s)\n"}
{"level":"debug","time":"2026-06-10T16:51:56.146+0530","caller":"events/manager.go:356","msg":"No new messages received from SSE for jobID: 8fd93e85-e7b8-4b8f-9e26-9f5745eef204. Fetching from APIs"}
{"level":"debug","time":"2026-06-10T16:51:57.645+0530","caller":"jobmanager/sse_setup.go:134","msg":"\n\nJob status"}
{"level":"info","time":"2026-06-10T16:51:57.646+0530","caller":"core/lifecycle.go:820","msg":"taskId:HYPW-3042128-1781090249568944953ZQL has failed with remark: Job failed as encountered a Test level failure\n"}
{"level":"info","time":"2026-06-10T16:51:58.382+0530","caller":"jobmanager/JobSummaryManager.go:54","msg":"\n FAILED \n"}
{"level":"info","time":"2026-06-10T16:51:58.382+0530","caller":"jobmanager/JobSummaryManager.go:113","msg":"    Test Execution Time:                  2m30s"}
{"level":"info","time":"2026-06-10T16:51:58.382+0530","caller":"jobmanager/JobSummaryManager.go:113","msg":"    Job Duration Time:                    4m4s"}
{"level":"info","time":"2026-06-10T16:51:58.382+0530","caller":"jobmanager/JobSummaryManager.go:113","msg":"    Total Tasks:                          2"}
{"level":"info","time":"2026-06-10T16:51:58.383+0530","caller":"jobmanager/JobSummaryManager.go:113","msg":"    Cumulative Time Consumed:             6m3s"}
{"level":"info","time":"2026-06-10T16:51:58.383+0530","caller":"jobmanager/JobSummaryManager.go:113","msg":"    Total Stages:                         7"}
{"level":"info","time":"2026-06-10T16:51:58.383+0530","caller":"jobmanager/JobSummaryManager.go:113","msg":"    Pass discovery stage percentage:      100.00%"}
{"level":"info","time":"2026-06-10T16:51:58.383+0530","caller":"jobmanager/JobSummaryManager.go:113","msg":"    Failed discovery stage percentage:    0.00%"}
{"level":"info","time":"2026-06-10T16:51:58.383+0530","caller":"jobmanager/JobSummaryManager.go:113","msg":"    Pass pre stage percentage:            100.00%"}
{"level":"info","time":"2026-06-10T16:51:58.383+0530","caller":"jobmanager/JobSummaryManager.go:113","msg":"    Failed pre stage percentage:          0.00%"}
{"level":"info","time":"2026-06-10T16:51:58.383+0530","caller":"jobmanager/JobSummaryManager.go:113","msg":"    Pass test stage percentage:           66.67%"}
{"level":"info","time":"2026-06-10T16:51:58.384+0530","caller":"jobmanager/JobSummaryManager.go:113","msg":"    Failed test stage percentage:         33.33%"}
{"level":"info","time":"2026-06-10T16:51:58.384+0530","caller":"jobmanager/JobSummaryManager.go:113","msg":"    Pass post stage percentage:           0.00%"}
{"level":"info","time":"2026-06-10T16:51:58.384+0530","caller":"jobmanager/JobSummaryManager.go:113","msg":"    Failed post stage percentage:         0.00%"}
{"level":"info","time":"2026-06-10T16:51:58.385+0530","caller":"jobmanager/JobSummaryManager.go:113","msg":"    Failed Tasks:                         1"}
{"level":"info","time":"2026-06-10T16:51:58.385+0530","caller":"jobmanager/JobSummaryManager.go:58","msg":""}
{"level":"debug","time":"2026-06-10T16:51:58.387+0530","caller":"core/lifecycle.go:933","msg":"Context canceled"}
{"level":"info","time":"2026-06-10T16:51:58.387+0530","caller":"events/manager.go:338","msg":"context done and stopping SSE"}
{"level":"debug","time":"2026-06-10T16:51:58.387+0530","caller":"events/manager.go:256","msg":"Stopping event manager"}
{"level":"info","time":"2026-06-10T16:51:58.387+0530","caller":"core/lifecycle.go:936","msg":"Stopping pipeline gracefully"}
{"level":"error","time":"2026-06-10T16:51:58.387+0530","caller":"core/lifecycle.go:939","msg":"2026-06-10T16:47:01+05:30    error    Exiting with error: Failed tasks found."}
{"level":"info","time":"2026-06-10T16:51:58.388+0530","caller":"jobmanager/manager.go:138","msg":"Job Link: https://hyperexecute.lambdatest.com/hyperexecute/task?jobId=8fd93e85-e7b8-4b8f-9e26-9f5745eef204\n"}
{"level":"debug","time":"2026-06-10T16:51:58.388+0530","caller":"core/lifecycle.go:75","msg":"Quit requested from main goroutine...."}
{"level":"debug","time":"2026-06-10T16:51:58.388+0530","caller":"core/lifecycle.go:76","msg":"Waiting for the goroutines to exit"}
{"level":"debug","time":"2026-06-10T16:51:58.388+0530","caller":"core/lifecycle.go:79","msg":"All lifecycle goroutines exited"}
{"level":"debug","time":"2026-06-10T16:51:58.388+0530","caller":"cmd/bin.go:361","msg":"main: all goroutines have finished."}
{"level":"debug","time":"2026-06-10T16:51:58.388+0530","caller":"cmd/bin.go:400","msg":"Exiting application due to error Failed tasks found."}
{"level":"debug","time":"2026-06-10T17:06:59.878+0530","caller":"cmd/bin.go:145","msg":"cli os: windows, cli arch: amd64"}
{"level":"debug","time":"2026-06-10T17:07:00.675+0530","caller":"cmd/bin.go:154","msg":"Upstream version details: {Name:cli Min:0.2.265 Max:0.2.342} "}
{"level":"info","time":"2026-06-10T17:07:00.676+0530","caller":"cmd/bin.go:202","msg":"Generating TraceID for tracking request: 01KTRN4GWJR57NTAN7JK33Z9CG \n"}
{"level":"warn","time":"2026-06-10T17:07:00.709+0530","caller":"globalconfigvalidator/setup.go:45","msg":"Found user credentials in env and cli flag both, credentials in env will be ignored"}
{"level":"warn","time":"2026-06-10T17:07:00.710+0530","caller":"globalconfigvalidator/setup.go:50","msg":"Found key credentials in env and cli flag both, credentials in env will be ignored"}
{"level":"debug","time":"2026-06-10T17:07:05.087+0530","caller":"core/lifecycle.go:123","msg":"Setting environment"}
{"level":"debug","time":"2026-06-10T17:07:05.087+0530","caller":"core/lifecycle.go:126","msg":"Parsing config"}
{"level":"debug","time":"2026-06-10T17:07:05.087+0530","caller":"yamlconfigmanager/setup.go:725","msg":"Custom location for .hyperexecute.yaml specified. Using: ./yaml/win/.hyperexecute_autosplits.yaml"}
{"level":"debug","time":"2026-06-10T17:07:05.087+0530","caller":"yamlconfigmanager/setup.go:117","msg":"using hyperexecute config from : ./yaml/win/.hyperexecute_autosplits.yaml"}
{"level":"debug","time":"2026-06-10T17:07:07.107+0530","caller":"yamlconfigmanager/setup.go:2153","msg":"Autodetecting test type in files of path : C:\\PW102\\HyperExecute-Playwright-Vanilla-Javascript-main"}
{"level":"debug","time":"2026-06-10T17:07:07.152+0530","caller":"yamlconfigmanager/setup.go:2195","msg":"File in which test type is detected - C:\\PW102\\HyperExecute-Playwright-Vanilla-Javascript-main/package.json"}
{"level":"debug","time":"2026-06-10T17:07:07.152+0530","caller":"yamlconfigmanager/setup.go:2196","msg":"Pre command in which test type is detected - npx playwright install"}
{"level":"debug","time":"2026-06-10T17:07:07.152+0530","caller":"yamlconfigmanager/setup.go:515","msg":"Automatic test type detected - playwright"}
{"level":"debug","time":"2026-06-10T17:07:07.152+0530","caller":"yamlconfigmanager/setup.go:547","msg":"Tunnel: false"}
{"level":"info","time":"2026-06-10T17:07:07.152+0530","caller":"models/HypertestYamlConfig.go:974","msg":"\n\u001b[4m\u001b[1m\u001b[97mExecution Plan\u001b[0m\u001b[22m\u001b[24m"}
{"level":"info","time":"2026-06-10T17:07:07.152+0530","caller":"models/HypertestYamlConfig.go:775","msg":"Mode:    \u001b[36mautosplit\u001b[0m"}
{"level":"info","time":"2026-06-10T17:07:07.153+0530","caller":"models/HypertestYamlConfig.go:835","msg":"Runson:    \u001b[36mwin\u001b[0m"}
{"level":"info","time":"2026-06-10T17:07:07.153+0530","caller":"models/HypertestYamlConfig.go:843","msg":"Concurrency:    \u001b[36m2\u001b[0m"}
{"level":"info","time":"2026-06-10T17:07:07.153+0530","caller":"models/HypertestYamlConfig.go:907","msg":"Report:    \u001b[36menabled\u001b[0m"}
{"level":"info","time":"2026-06-10T17:07:07.153+0530","caller":"models/HypertestYamlConfig.go:921","msg":"Artefacts:"}
{"level":"info","time":"2026-06-10T17:07:07.153+0530","caller":"models/HypertestYamlConfig.go:924","msg":"    Executed-Job-Artifacts:    \u001b[36msrc/test/index.html\u001b[0m"}
{"level":"info","time":"2026-06-10T17:07:07.154+0530","caller":"models/HypertestYamlConfig.go:924","msg":"    My-Job-Artifacts:    \u001b[36msrc/collect/info.html\u001b[0m"}
{"level":"info","time":"2026-06-10T17:07:07.154+0530","caller":"models/HypertestYamlConfig.go:939","msg":"Cache Directories:"}
{"level":"info","time":"2026-06-10T17:07:07.154+0530","caller":"models/HypertestYamlConfig.go:941","msg":"    \u001b[36mnode_modules\u001b[0m"}
{"level":"info","time":"2026-06-10T17:07:07.154+0530","caller":"models/HypertestYamlConfig.go:987","msg":""}
{"level":"debug","time":"2026-06-10T17:07:07.154+0530","caller":"filevalidator/setup.go:49","msg":"Warning: Checking data.json file in current directory, no dataJsonPath found in .hyperexecute.yaml"}
{"level":"debug","time":"2026-06-10T17:07:07.154+0530","caller":"filevalidator/setup.go:53","msg":"Warning: data.json file doesn't exist"}
{"level":"info","time":"2026-06-10T17:07:10.593+0530","caller":"core/lifecycle.go:457","msg":"\u001b[102m\u001b[1m\u001b[30mYou've consumed 6.67 % of your limit. Free trial mins left - 280.00\u001b[0m\u001b[22m\u001b[0m"}
{"level":"debug","time":"2026-06-10T17:07:10.593+0530","caller":"core/lifecycle.go:536","msg":"Job ID: 3f7c19a9-e316-4132-ae81-f2ab76119013"}
{"level":"debug","time":"2026-06-10T17:07:10.594+0530","caller":"events/manager.go:97","msg":"Starting event manager"}
{"level":"debug","time":"2026-06-10T17:07:10.594+0530","caller":"events/manager.go:99","msg":"SSE enabled, getting SSE connection"}
{"level":"debug","time":"2026-06-10T17:07:10.594+0530","caller":"core/lifecycle.go:539","msg":"User - musharrafali17696, triggered job with ID 3f7c19a9-e316-4132-ae81-f2ab76119013 from CLI"}
{"level":"debug","time":"2026-06-10T17:07:10.594+0530","caller":"core/lifecycle.go:542","msg":"User has provided playwright as test type for the job with ID 3f7c19a9-e316-4132-ae81-f2ab76119013"}
{"level":"debug","time":"2026-06-10T17:07:10.595+0530","caller":"archivemanager/setup.go:339","msg":"digestMap: map[]"}
{"level":"debug","time":"2026-06-10T17:07:10.595+0530","caller":"archivemanager/setup.go:345","msg":"Creating archive of target directory: C:\\PW102\\HyperExecute-Playwright-Vanilla-Javascript-main"}
{"level":"debug","time":"2026-06-10T17:07:11.371+0530","caller":"core/lifecycle.go:693","msg":"Zip file size: 206.28 kB"}
{"level":"debug","time":"2026-06-10T17:07:11.372+0530","caller":"core/lifecycle.go:703","msg":"Archive location: C:\\PW102\\HyperExecute-Playwright-Vanilla-Javascript-main\\hyperexecute-code-3f7c19a9-e316-4132-ae81-f2ab76119013.zip\n"}
{"level":"debug","time":"2026-06-10T17:07:11.405+0530","caller":"storage/azure.go:60","msg":"Payload size: 206.28 kB, source path C:\\PW102\\HyperExecute-Playwright-Vanilla-Javascript-main\\hyperexecute-code-3f7c19a9-e316-4132-ae81-f2ab76119013.zip"}
{"level":"debug","time":"2026-06-10T17:07:17.711+0530","caller":"storage/azure.go:84","msg":"Azcopy output: \n\r0.0 %, 0 Done, 0 Failed, 1 Pending, 0 Skipped, 1 Total, 2-sec Throughput (Mb/s): 0.8251\r100.0 %, 1 Done, 0 Failed, 0 Pending, 0 Skipped, 1 Total,                              \nTotal time taken to upload(min) :0.0667\n, stderr: "}
{"level":"info","time":"2026-06-10T17:07:17.711+0530","caller":"storage/azure.go:123","msg":"File: C:\\PW102\\HyperExecute-Playwright-Vanilla-Javascript-main\\hyperexecute-code-3f7c19a9-e316-4132-ae81-f2ab76119013.zip upload completed in 6.3392552s"}
{"level":"debug","time":"2026-06-10T17:07:17.712+0530","caller":"receptionmanager/setup.go:274","msg":"number of entries in runtimes: 0, switching to new yaml format"}
{"level":"debug","time":"2026-06-10T17:07:17.713+0530","caller":"receptionmanager/setup.go:313","msg":"only one partialreports entry detected, mapping it to older yaml format"}
{"level":"debug","time":"2026-06-10T17:07:17.716+0530","caller":"receptionmanager/setup.go:188","msg":"Uploading yaml : C:\\PW102\\HyperExecute-Playwright-Vanilla-Javascript-main\\.updatedhyperexecute.yaml"}
{"level":"debug","time":"2026-06-10T17:07:17.752+0530","caller":"storage/azure.go:60","msg":"Payload size: 4.72 kB, source path C:\\PW102\\HyperExecute-Playwright-Vanilla-Javascript-main\\.updatedhyperexecute.yaml"}
{"level":"debug","time":"2026-06-10T17:07:21.892+0530","caller":"storage/azure.go:84","msg":"Azcopy output: \n\r100.0 %, 1 Done, 0 Failed, 0 Pending, 0 Skipped, 1 Total, 2-sec Throughput (Mb/s): 0.0189\nTotal time taken to upload(min) :0.0333\n, stderr: "}
{"level":"info","time":"2026-06-10T17:07:21.892+0530","caller":"storage/azure.go:123","msg":"File: C:\\PW102\\HyperExecute-Playwright-Vanilla-Javascript-main\\.updatedhyperexecute.yaml upload completed in 4.1761489s"}
{"level":"debug","time":"2026-06-10T17:07:21.894+0530","caller":"core/lifecycle.go:730","msg":"Successfully deleted code archive: C:\\PW102\\HyperExecute-Playwright-Vanilla-Javascript-main\\hyperexecute-code-3f7c19a9-e316-4132-ae81-f2ab76119013.zip\n"}
{"level":"debug","time":"2026-06-10T17:07:21.936+0530","caller":"storage/azure.go:60","msg":"Payload size: 814 B, source path yaml\\win\\mask-3f7c19a9-e316-4132-ae81-f2ab76119013.yaml"}
{"level":"debug","time":"2026-06-10T17:07:26.374+0530","caller":"storage/azure.go:84","msg":"Azcopy output: \n\r100.0 %, 1 Done, 0 Failed, 0 Pending, 0 Skipped, 1 Total, 2-sec Throughput (Mb/s): 0.0033\nTotal time taken to upload(min) :0.0333\n, stderr: "}
{"level":"info","time":"2026-06-10T17:07:26.374+0530","caller":"storage/azure.go:123","msg":"File: yaml\\win\\mask-3f7c19a9-e316-4132-ae81-f2ab76119013.yaml upload completed in 4.4759707s"}
{"level":"debug","time":"2026-06-10T17:07:40.594+0530","caller":"events/manager.go:356","msg":"No new messages received from SSE for jobID: 3f7c19a9-e316-4132-ae81-f2ab76119013. Fetching from APIs"}
{"level":"info","time":"2026-06-10T17:07:41.278+0530","caller":"jobmanager/sse_setup.go:84","msg":"\nJob 3f7c19a9-e316-4132-ae81-f2ab76119013 has started RUNNING"}
{"level":"info","time":"2026-06-10T17:07:41.279+0530","caller":"jobmanager/manager.go:138","msg":"Job Link: https://hyperexecute.lambdatest.com/hyperexecute/task?jobId=3f7c19a9-e316-4132-ae81-f2ab76119013\n"}
{"level":"info","time":"2026-06-10T17:07:42.084+0530","caller":"terminal/terminal.go:187","msg":"✔ [1]  cache-download (1s)\n"}
{"level":"info","time":"2026-06-10T17:07:42.085+0530","caller":"terminal/terminal.go:187","msg":"✔ [2]  cache-download (1s)\n"}
{"level":"debug","time":"2026-06-10T17:08:12.082+0530","caller":"events/manager.go:356","msg":"No new messages received from SSE for jobID: 3f7c19a9-e316-4132-ae81-f2ab76119013. Fetching from APIs"}
{"level":"debug","time":"2026-06-10T17:08:44.606+0530","caller":"events/manager.go:356","msg":"No new messages received from SSE for jobID: 3f7c19a9-e316-4132-ae81-f2ab76119013. Fetching from APIs"}
{"level":"info","time":"2026-06-10T17:08:46.206+0530","caller":"terminal/terminal.go:187","msg":"✔ [1]  pre (48s)\n"}
{"level":"info","time":"2026-06-10T17:08:46.207+0530","caller":"terminal/terminal.go:187","msg":"✔ [1]  discovery (0s)\n"}
{"level":"info","time":"2026-06-10T17:08:46.209+0530","caller":"terminal/terminal.go:187","msg":"✔ [2]  pre (48s)\n"}
{"level":"info","time":"2026-06-10T17:08:46.211+0530","caller":"terminal/terminal.go:187","msg":"✔ [2]  discovery (1s)\n"}
{"level":"info","time":"2026-06-10T17:08:46.212+0530","caller":"terminal/terminal.go:187","msg":"x [2]  tests/test_2.spec.js (5s)\n"}
{"level":"debug","time":"2026-06-10T17:09:16.206+0530","caller":"events/manager.go:356","msg":"No new messages received from SSE for jobID: 3f7c19a9-e316-4132-ae81-f2ab76119013. Fetching from APIs"}
{"level":"info","time":"2026-06-10T17:09:17.679+0530","caller":"terminal/terminal.go:187","msg":"✔ [1]  tests/test_1.spec.js (30s)\n"}
{"level":"info","time":"2026-06-10T17:09:17.681+0530","caller":"terminal/terminal.go:187","msg":"✔ [1]  tests/test_3.spec.js (9s)\n"}
{"level":"debug","time":"2026-06-10T17:09:47.678+0530","caller":"events/manager.go:356","msg":"No new messages received from SSE for jobID: 3f7c19a9-e316-4132-ae81-f2ab76119013. Fetching from APIs"}
{"level":"debug","time":"2026-06-10T17:09:49.191+0530","caller":"jobmanager/sse_setup.go:134","msg":"\n\nJob status"}
{"level":"info","time":"2026-06-10T17:09:49.191+0530","caller":"core/lifecycle.go:820","msg":"taskId:HYPW-3042128-1781091447535213276WEG has failed with remark: Job failed as encountered a Test level failure\n"}
{"level":"info","time":"2026-06-10T17:09:49.845+0530","caller":"jobmanager/JobSummaryManager.go:54","msg":"\n FAILED \n"}
{"level":"info","time":"2026-06-10T17:09:49.846+0530","caller":"jobmanager/JobSummaryManager.go:113","msg":"    Test Execution Time:                  21s"}
{"level":"info","time":"2026-06-10T17:09:49.846+0530","caller":"jobmanager/JobSummaryManager.go:113","msg":"    Job Duration Time:                    2m13s"}
{"level":"info","time":"2026-06-10T17:09:49.846+0530","caller":"jobmanager/JobSummaryManager.go:113","msg":"    Total Tasks:                          2"}
{"level":"info","time":"2026-06-10T17:09:49.846+0530","caller":"jobmanager/JobSummaryManager.go:113","msg":"    Cumulative Time Consumed:             3m17s"}
{"level":"info","time":"2026-06-10T17:09:49.846+0530","caller":"jobmanager/JobSummaryManager.go:113","msg":"    Total Stages:                         7"}
{"level":"info","time":"2026-06-10T17:09:49.846+0530","caller":"jobmanager/JobSummaryManager.go:113","msg":"    Pass discovery stage percentage:      100.00%"}
{"level":"info","time":"2026-06-10T17:09:49.847+0530","caller":"jobmanager/JobSummaryManager.go:113","msg":"    Failed discovery stage percentage:    0.00%"}
{"level":"info","time":"2026-06-10T17:09:49.847+0530","caller":"jobmanager/JobSummaryManager.go:113","msg":"    Pass pre stage percentage:            100.00%"}
{"level":"info","time":"2026-06-10T17:09:49.848+0530","caller":"jobmanager/JobSummaryManager.go:113","msg":"    Failed pre stage percentage:          0.00%"}
{"level":"info","time":"2026-06-10T17:09:49.848+0530","caller":"jobmanager/JobSummaryManager.go:113","msg":"    Pass test stage percentage:           66.67%"}
{"level":"info","time":"2026-06-10T17:09:49.849+0530","caller":"jobmanager/JobSummaryManager.go:113","msg":"    Failed test stage percentage:         33.33%"}
{"level":"info","time":"2026-06-10T17:09:49.849+0530","caller":"jobmanager/JobSummaryManager.go:113","msg":"    Pass post stage percentage:           0.00%"}
{"level":"info","time":"2026-06-10T17:09:49.849+0530","caller":"jobmanager/JobSummaryManager.go:113","msg":"    Failed post stage percentage:         0.00%"}
{"level":"info","time":"2026-06-10T17:09:49.849+0530","caller":"jobmanager/JobSummaryManager.go:113","msg":"    Failed Tasks:                         1"}
{"level":"info","time":"2026-06-10T17:09:49.849+0530","caller":"jobmanager/JobSummaryManager.go:58","msg":""}
{"level":"debug","time":"2026-06-10T17:09:49.851+0530","caller":"core/lifecycle.go:933","msg":"Context canceled"}
{"level":"info","time":"2026-06-10T17:09:49.851+0530","caller":"events/manager.go:338","msg":"context done and stopping SSE"}
{"level":"debug","time":"2026-06-10T17:09:49.851+0530","caller":"events/manager.go:256","msg":"Stopping event manager"}
{"level":"info","time":"2026-06-10T17:09:49.851+0530","caller":"core/lifecycle.go:936","msg":"Stopping pipeline gracefully"}
{"level":"error","time":"2026-06-10T17:09:49.851+0530","caller":"core/lifecycle.go:939","msg":"2026-06-10T17:06:59+05:30    error    Exiting with error: Failed tasks found."}
{"level":"info","time":"2026-06-10T17:09:49.852+0530","caller":"jobmanager/manager.go:138","msg":"Job Link: https://hyperexecute.lambdatest.com/hyperexecute/task?jobId=3f7c19a9-e316-4132-ae81-f2ab76119013\n"}
{"level":"debug","time":"2026-06-10T17:09:49.852+0530","caller":"core/lifecycle.go:75","msg":"Quit requested from main goroutine...."}
{"level":"debug","time":"2026-06-10T17:09:49.852+0530","caller":"core/lifecycle.go:76","msg":"Waiting for the goroutines to exit"}
{"level":"debug","time":"2026-06-10T17:09:49.852+0530","caller":"core/lifecycle.go:79","msg":"All lifecycle goroutines exited"}
{"level":"debug","time":"2026-06-10T17:09:49.852+0530","caller":"cmd/bin.go:361","msg":"main: all goroutines have finished."}
{"level":"debug","time":"2026-06-10T17:09:49.852+0530","caller":"cmd/bin.go:400","msg":"Exiting application due to error Failed tasks found."}
{"level":"debug","time":"2026-06-10T17:11:57.270+0530","caller":"cmd/bin.go:145","msg":"cli os: windows, cli arch: amd64"}
{"level":"debug","time":"2026-06-10T17:11:57.968+0530","caller":"cmd/bin.go:154","msg":"Upstream version details: {Name:cli Min:0.2.265 Max:0.2.342} "}
{"level":"info","time":"2026-06-10T17:11:57.968+0530","caller":"cmd/bin.go:202","msg":"Generating TraceID for tracking request: 01KTRNDK6VDTGDYSBHT8Q77WSN \n"}
{"level":"warn","time":"2026-06-10T17:11:57.972+0530","caller":"globalconfigvalidator/setup.go:45","msg":"Found user credentials in env and cli flag both, credentials in env will be ignored"}
{"level":"warn","time":"2026-06-10T17:11:57.973+0530","caller":"globalconfigvalidator/setup.go:50","msg":"Found key credentials in env and cli flag both, credentials in env will be ignored"}
{"level":"debug","time":"2026-06-10T17:12:01.446+0530","caller":"core/lifecycle.go:123","msg":"Setting environment"}
{"level":"debug","time":"2026-06-10T17:12:01.446+0530","caller":"core/lifecycle.go:126","msg":"Parsing config"}
{"level":"debug","time":"2026-06-10T17:12:01.446+0530","caller":"yamlconfigmanager/setup.go:725","msg":"Custom location for .hyperexecute.yaml specified. Using: ./yaml/win/.hyperexecute_autosplits.yaml"}
{"level":"debug","time":"2026-06-10T17:12:01.446+0530","caller":"yamlconfigmanager/setup.go:117","msg":"using hyperexecute config from : ./yaml/win/.hyperexecute_autosplits.yaml"}
{"level":"debug","time":"2026-06-10T17:12:03.522+0530","caller":"yamlconfigmanager/setup.go:2153","msg":"Autodetecting test type in files of path : C:\\PW102\\HyperExecute-Playwright-Vanilla-Javascript-main"}
{"level":"debug","time":"2026-06-10T17:12:03.525+0530","caller":"yamlconfigmanager/setup.go:2195","msg":"File in which test type is detected - C:\\PW102\\HyperExecute-Playwright-Vanilla-Javascript-main/package.json"}
{"level":"debug","time":"2026-06-10T17:12:03.525+0530","caller":"yamlconfigmanager/setup.go:2196","msg":"Pre command in which test type is detected - npx playwright install"}
{"level":"debug","time":"2026-06-10T17:12:03.526+0530","caller":"yamlconfigmanager/setup.go:515","msg":"Automatic test type detected - playwright"}
{"level":"debug","time":"2026-06-10T17:12:03.526+0530","caller":"yamlconfigmanager/setup.go:547","msg":"Tunnel: false"}
{"level":"info","time":"2026-06-10T17:12:03.526+0530","caller":"models/HypertestYamlConfig.go:974","msg":"\n\u001b[4m\u001b[1m\u001b[97mExecution Plan\u001b[0m\u001b[22m\u001b[24m"}
{"level":"info","time":"2026-06-10T17:12:03.526+0530","caller":"models/HypertestYamlConfig.go:775","msg":"Mode:    \u001b[36mautosplit\u001b[0m"}
{"level":"info","time":"2026-06-10T17:12:03.526+0530","caller":"models/HypertestYamlConfig.go:835","msg":"Runson:    \u001b[36mwin\u001b[0m"}
{"level":"info","time":"2026-06-10T17:12:03.526+0530","caller":"models/HypertestYamlConfig.go:843","msg":"Concurrency:    \u001b[36m2\u001b[0m"}
{"level":"info","time":"2026-06-10T17:12:03.526+0530","caller":"models/HypertestYamlConfig.go:907","msg":"Report:    \u001b[36menabled\u001b[0m"}
{"level":"info","time":"2026-06-10T17:12:03.527+0530","caller":"models/HypertestYamlConfig.go:921","msg":"Artefacts:"}
{"level":"info","time":"2026-06-10T17:12:03.527+0530","caller":"models/HypertestYamlConfig.go:924","msg":"    Executed-Job-Artifacts:    \u001b[36msrc/test/index.html\u001b[0m"}
{"level":"info","time":"2026-06-10T17:12:03.527+0530","caller":"models/HypertestYamlConfig.go:924","msg":"    My-Job-Artifacts:    \u001b[36msrc/collect/info.html\u001b[0m"}
{"level":"info","time":"2026-06-10T17:12:03.527+0530","caller":"models/HypertestYamlConfig.go:939","msg":"Cache Directories:"}
{"level":"info","time":"2026-06-10T17:12:03.527+0530","caller":"models/HypertestYamlConfig.go:941","msg":"    \u001b[36mnode_modules\u001b[0m"}
{"level":"info","time":"2026-06-10T17:12:03.527+0530","caller":"models/HypertestYamlConfig.go:987","msg":""}
{"level":"debug","time":"2026-06-10T17:12:03.528+0530","caller":"filevalidator/setup.go:49","msg":"Warning: Checking data.json file in current directory, no dataJsonPath found in .hyperexecute.yaml"}
{"level":"debug","time":"2026-06-10T17:12:03.528+0530","caller":"filevalidator/setup.go:53","msg":"Warning: data.json file doesn't exist"}
{"level":"info","time":"2026-06-10T17:12:08.022+0530","caller":"core/lifecycle.go:457","msg":"\u001b[102m\u001b[1m\u001b[30mYou've consumed 8.00 % of your limit. Free trial mins left - 276.00\u001b[0m\u001b[22m\u001b[0m"}
{"level":"debug","time":"2026-06-10T17:12:08.022+0530","caller":"core/lifecycle.go:536","msg":"Job ID: 817885ff-a1cb-45fe-88ed-e7d26ddb12b0"}
{"level":"debug","time":"2026-06-10T17:12:08.022+0530","caller":"core/lifecycle.go:539","msg":"User - musharrafali17696, triggered job with ID 817885ff-a1cb-45fe-88ed-e7d26ddb12b0 from CLI"}
{"level":"debug","time":"2026-06-10T17:12:08.022+0530","caller":"core/lifecycle.go:542","msg":"User has provided playwright as test type for the job with ID 817885ff-a1cb-45fe-88ed-e7d26ddb12b0"}
{"level":"debug","time":"2026-06-10T17:12:08.022+0530","caller":"events/manager.go:97","msg":"Starting event manager"}
{"level":"debug","time":"2026-06-10T17:12:08.022+0530","caller":"events/manager.go:99","msg":"SSE enabled, getting SSE connection"}
{"level":"debug","time":"2026-06-10T17:12:08.024+0530","caller":"archivemanager/setup.go:339","msg":"digestMap: map[]"}
{"level":"debug","time":"2026-06-10T17:12:08.024+0530","caller":"archivemanager/setup.go:345","msg":"Creating archive of target directory: C:\\PW102\\HyperExecute-Playwright-Vanilla-Javascript-main"}
{"level":"debug","time":"2026-06-10T17:12:08.155+0530","caller":"core/lifecycle.go:693","msg":"Zip file size: 206.30 kB"}
{"level":"debug","time":"2026-06-10T17:12:08.156+0530","caller":"core/lifecycle.go:703","msg":"Archive location: C:\\PW102\\HyperExecute-Playwright-Vanilla-Javascript-main\\hyperexecute-code-817885ff-a1cb-45fe-88ed-e7d26ddb12b0.zip\n"}
{"level":"debug","time":"2026-06-10T17:12:08.192+0530","caller":"storage/azure.go:60","msg":"Payload size: 206.30 kB, source path C:\\PW102\\HyperExecute-Playwright-Vanilla-Javascript-main\\hyperexecute-code-817885ff-a1cb-45fe-88ed-e7d26ddb12b0.zip"}
{"level":"debug","time":"2026-06-10T17:12:16.742+0530","caller":"storage/azure.go:84","msg":"Azcopy output: \n\r0.0 %, 0 Done, 0 Failed, 1 Pending, 0 Skipped, 1 Total, 2-sec Throughput (Mb/s): 0.8249\r0.0 %, 0 Done, 0 Failed, 1 Pending, 0 Skipped, 1 Total,                                \r100.0 %, 1 Done, 0 Failed, 0 Pending, 0 Skipped, 1 Total, \nTotal time taken to upload(min) :0.1\n, stderr: "}
{"level":"info","time":"2026-06-10T17:12:16.742+0530","caller":"storage/azure.go:123","msg":"File: C:\\PW102\\HyperExecute-Playwright-Vanilla-Javascript-main\\hyperexecute-code-817885ff-a1cb-45fe-88ed-e7d26ddb12b0.zip upload completed in 8.5852577s"}
{"level":"debug","time":"2026-06-10T17:12:16.743+0530","caller":"receptionmanager/setup.go:274","msg":"number of entries in runtimes: 0, switching to new yaml format"}
{"level":"debug","time":"2026-06-10T17:12:16.744+0530","caller":"receptionmanager/setup.go:313","msg":"only one partialreports entry detected, mapping it to older yaml format"}
{"level":"debug","time":"2026-06-10T17:12:16.745+0530","caller":"receptionmanager/setup.go:188","msg":"Uploading yaml : C:\\PW102\\HyperExecute-Playwright-Vanilla-Javascript-main\\.updatedhyperexecute.yaml"}
{"level":"debug","time":"2026-06-10T17:12:16.775+0530","caller":"storage/azure.go:60","msg":"Payload size: 4.72 kB, source path C:\\PW102\\HyperExecute-Playwright-Vanilla-Javascript-main\\.updatedhyperexecute.yaml"}
{"level":"debug","time":"2026-06-10T17:12:20.990+0530","caller":"storage/azure.go:84","msg":"Azcopy output: \n\r100.0 %, 1 Done, 0 Failed, 0 Pending, 0 Skipped, 1 Total, 2-sec Throughput (Mb/s): 0.0189\nTotal time taken to upload(min) :0.0333\n, stderr: "}
{"level":"info","time":"2026-06-10T17:12:20.990+0530","caller":"storage/azure.go:123","msg":"File: C:\\PW102\\HyperExecute-Playwright-Vanilla-Javascript-main\\.updatedhyperexecute.yaml upload completed in 4.2447484s"}
{"level":"debug","time":"2026-06-10T17:12:20.992+0530","caller":"core/lifecycle.go:730","msg":"Successfully deleted code archive: C:\\PW102\\HyperExecute-Playwright-Vanilla-Javascript-main\\hyperexecute-code-817885ff-a1cb-45fe-88ed-e7d26ddb12b0.zip\n"}
{"level":"debug","time":"2026-06-10T17:12:20.998+0530","caller":"storage/azure.go:60","msg":"Payload size: 814 B, source path yaml\\win\\mask-817885ff-a1cb-45fe-88ed-e7d26ddb12b0.yaml"}
{"level":"debug","time":"2026-06-10T17:12:25.392+0530","caller":"storage/azure.go:84","msg":"Azcopy output: \n\r100.0 %, 1 Done, 0 Failed, 0 Pending, 0 Skipped, 1 Total, 2-sec Throughput (Mb/s): 0.0033\nTotal time taken to upload(min) :0.0333\n, stderr: "}
{"level":"info","time":"2026-06-10T17:12:25.392+0530","caller":"storage/azure.go:123","msg":"File: yaml\\win\\mask-817885ff-a1cb-45fe-88ed-e7d26ddb12b0.yaml upload completed in 4.3975475s"}
{"level":"debug","time":"2026-06-10T17:12:38.023+0530","caller":"events/manager.go:356","msg":"No new messages received from SSE for jobID: 817885ff-a1cb-45fe-88ed-e7d26ddb12b0. Fetching from APIs"}
{"level":"info","time":"2026-06-10T17:12:38.717+0530","caller":"jobmanager/sse_setup.go:84","msg":"\nJob 817885ff-a1cb-45fe-88ed-e7d26ddb12b0 has started RUNNING"}
{"level":"info","time":"2026-06-10T17:12:38.717+0530","caller":"jobmanager/manager.go:138","msg":"Job Link: https://hyperexecute.lambdatest.com/hyperexecute/task?jobId=817885ff-a1cb-45fe-88ed-e7d26ddb12b0\n"}
{"level":"info","time":"2026-06-10T17:12:39.391+0530","caller":"terminal/terminal.go:187","msg":"✔ [1]  cache-download (1s)\n"}
{"level":"info","time":"2026-06-10T17:12:39.392+0530","caller":"terminal/terminal.go:187","msg":"✔ [2]  cache-download (1s)\n"}
{"level":"debug","time":"2026-06-10T17:13:09.390+0530","caller":"events/manager.go:356","msg":"No new messages received from SSE for jobID: 817885ff-a1cb-45fe-88ed-e7d26ddb12b0. Fetching from APIs"}
{"level":"info","time":"2026-06-10T17:13:11.299+0530","caller":"terminal/terminal.go:187","msg":"✔ [1]  pre (41s)\n"}
{"level":"info","time":"2026-06-10T17:13:11.300+0530","caller":"terminal/terminal.go:187","msg":"✔ [2]  pre (37s)\n"}
{"level":"info","time":"2026-06-10T17:13:11.302+0530","caller":"terminal/terminal.go:187","msg":"✔ [2]  discovery (0s)\n"}
{"level":"debug","time":"2026-06-10T17:13:41.298+0530","caller":"events/manager.go:356","msg":"No new messages received from SSE for jobID: 817885ff-a1cb-45fe-88ed-e7d26ddb12b0. Fetching from APIs"}
{"level":"info","time":"2026-06-10T17:13:43.010+0530","caller":"terminal/terminal.go:187","msg":"✔ [1]  discovery (1s)\n"}
{"level":"info","time":"2026-06-10T17:13:43.011+0530","caller":"terminal/terminal.go:187","msg":"x [2]  tests/test_2.spec.js (12s)\n"}
{"level":"debug","time":"2026-06-10T17:14:13.009+0530","caller":"events/manager.go:356","msg":"No new messages received from SSE for jobID: 817885ff-a1cb-45fe-88ed-e7d26ddb12b0. Fetching from APIs"}
{"level":"info","time":"2026-06-10T17:14:14.942+0530","caller":"terminal/terminal.go:187","msg":"✔ [1]  tests/test_1.spec.js (31s)\n"}
{"level":"info","time":"2026-06-10T17:14:14.945+0530","caller":"terminal/terminal.go:187","msg":"✔ [1]  tests/test_3.spec.js (10s)\n"}
{"level":"debug","time":"2026-06-10T17:14:44.942+0530","caller":"events/manager.go:356","msg":"No new messages received from SSE for jobID: 817885ff-a1cb-45fe-88ed-e7d26ddb12b0. Fetching from APIs"}
{"level":"debug","time":"2026-06-10T17:14:47.614+0530","caller":"jobmanager/sse_setup.go:134","msg":"\n\nJob status"}
{"level":"info","time":"2026-06-10T17:14:47.615+0530","caller":"core/lifecycle.go:820","msg":"taskId:HYPW-3042128-1781091746279182024POD has failed with remark: Job failed as encountered a Test level failure\n"}
{"level":"info","time":"2026-06-10T17:14:48.545+0530","caller":"jobmanager/JobSummaryManager.go:54","msg":"\n FAILED \n"}
{"level":"info","time":"2026-06-10T17:14:48.545+0530","caller":"jobmanager/JobSummaryManager.go:113","msg":"    Test Execution Time:                  20s"}
{"level":"info","time":"2026-06-10T17:14:48.546+0530","caller":"jobmanager/JobSummaryManager.go:113","msg":"    Job Duration Time:                    2m8s"}
{"level":"info","time":"2026-06-10T17:14:48.546+0530","caller":"jobmanager/JobSummaryManager.go:113","msg":"    Total Tasks:                          2"}
{"level":"info","time":"2026-06-10T17:14:48.546+0530","caller":"jobmanager/JobSummaryManager.go:113","msg":"    Cumulative Time Consumed:             3m9s"}
{"level":"info","time":"2026-06-10T17:14:48.546+0530","caller":"jobmanager/JobSummaryManager.go:113","msg":"    Total Stages:                         7"}
{"level":"info","time":"2026-06-10T17:14:48.546+0530","caller":"jobmanager/JobSummaryManager.go:113","msg":"    Pass discovery stage percentage:      100.00%"}
{"level":"info","time":"2026-06-10T17:14:48.546+0530","caller":"jobmanager/JobSummaryManager.go:113","msg":"    Failed discovery stage percentage:    0.00%"}
{"level":"info","time":"2026-06-10T17:14:48.546+0530","caller":"jobmanager/JobSummaryManager.go:113","msg":"    Pass pre stage percentage:            100.00%"}
{"level":"info","time":"2026-06-10T17:14:48.547+0530","caller":"jobmanager/JobSummaryManager.go:113","msg":"    Failed pre stage percentage:          0.00%"}
{"level":"info","time":"2026-06-10T17:14:48.547+0530","caller":"jobmanager/JobSummaryManager.go:113","msg":"    Pass test stage percentage:           66.67%"}
{"level":"info","time":"2026-06-10T17:14:48.547+0530","caller":"jobmanager/JobSummaryManager.go:113","msg":"    Failed test stage percentage:         33.33%"}
{"level":"info","time":"2026-06-10T17:14:48.548+0530","caller":"jobmanager/JobSummaryManager.go:113","msg":"    Pass post stage percentage:           0.00%"}
{"level":"info","time":"2026-06-10T17:14:48.548+0530","caller":"jobmanager/JobSummaryManager.go:113","msg":"    Failed post stage percentage:         0.00%"}
{"level":"info","time":"2026-06-10T17:14:48.548+0530","caller":"jobmanager/JobSummaryManager.go:113","msg":"    Failed Tasks:                         1"}
{"level":"info","time":"2026-06-10T17:14:48.548+0530","caller":"jobmanager/JobSummaryManager.go:58","msg":""}
{"level":"debug","time":"2026-06-10T17:14:48.550+0530","caller":"core/lifecycle.go:933","msg":"Context canceled"}
{"level":"debug","time":"2026-06-10T17:14:48.550+0530","caller":"events/manager.go:367","msg":"Error polling stage updates from API during fallback: Get \"https://api-hyperexecute.lambdatest.com/sentinel/v1.0/stage/817885ff-a1cb-45fe-88ed-e7d26ddb12b0/job\": GET https://api-hyperexecute.lambdatest.com/sentinel/v1.0/stage/817885ff-a1cb-45fe-88ed-e7d26ddb12b0/job giving up after 1 attempt(s): context canceled"}
{"level":"info","time":"2026-06-10T17:14:48.550+0530","caller":"core/lifecycle.go:936","msg":"Stopping pipeline gracefully"}
{"level":"info","time":"2026-06-10T17:14:48.550+0530","caller":"events/manager.go:338","msg":"context done and stopping SSE"}
{"level":"debug","time":"2026-06-10T17:14:48.551+0530","caller":"events/manager.go:256","msg":"Stopping event manager"}
{"level":"error","time":"2026-06-10T17:14:48.551+0530","caller":"core/lifecycle.go:939","msg":"2026-06-10T17:11:56+05:30    error    Exiting with error: Failed tasks found."}
{"level":"info","time":"2026-06-10T17:14:48.551+0530","caller":"jobmanager/manager.go:138","msg":"Job Link: https://hyperexecute.lambdatest.com/hyperexecute/task?jobId=817885ff-a1cb-45fe-88ed-e7d26ddb12b0\n"}
{"level":"debug","time":"2026-06-10T17:14:48.551+0530","caller":"core/lifecycle.go:75","msg":"Quit requested from main goroutine...."}
{"level":"debug","time":"2026-06-10T17:14:48.551+0530","caller":"core/lifecycle.go:76","msg":"Waiting for the goroutines to exit"}
{"level":"debug","time":"2026-06-10T17:14:48.551+0530","caller":"core/lifecycle.go:79","msg":"All lifecycle goroutines exited"}
{"level":"debug","time":"2026-06-10T17:14:48.552+0530","caller":"cmd/bin.go:361","msg":"main: all goroutines have finished."}
{"level":"debug","time":"2026-06-10T17:14:48.552+0530","caller":"cmd/bin.go:400","msg":"Exiting application due to error Failed tasks found."}
{"level":"debug","time":"2026-06-10T17:20:02.017+0530","caller":"cmd/bin.go:145","msg":"cli os: windows, cli arch: amd64"}
{"level":"debug","time":"2026-06-10T17:20:02.797+0530","caller":"cmd/bin.go:154","msg":"Upstream version details: {Name:cli Min:0.2.265 Max:0.2.342} "}
{"level":"info","time":"2026-06-10T17:20:02.797+0530","caller":"cmd/bin.go:202","msg":"Generating TraceID for tracking request: 01KTRNWCE5WN8RNAH3B21TRT1E \n"}
{"level":"warn","time":"2026-06-10T17:20:02.800+0530","caller":"globalconfigvalidator/setup.go:45","msg":"Found user credentials in env and cli flag both, credentials in env will be ignored"}
{"level":"warn","time":"2026-06-10T17:20:02.802+0530","caller":"globalconfigvalidator/setup.go:50","msg":"Found key credentials in env and cli flag both, credentials in env will be ignored"}
{"level":"debug","time":"2026-06-10T17:20:06.840+0530","caller":"core/lifecycle.go:123","msg":"Setting environment"}
{"level":"debug","time":"2026-06-10T17:20:06.840+0530","caller":"core/lifecycle.go:126","msg":"Parsing config"}
{"level":"debug","time":"2026-06-10T17:20:06.840+0530","caller":"yamlconfigmanager/setup.go:725","msg":"Custom location for .hyperexecute.yaml specified. Using: ./yaml/win/.hyperexecute_autosplits.yaml"}
{"level":"debug","time":"2026-06-10T17:20:06.840+0530","caller":"yamlconfigmanager/setup.go:117","msg":"using hyperexecute config from : ./yaml/win/.hyperexecute_autosplits.yaml"}
{"level":"debug","time":"2026-06-10T17:20:08.847+0530","caller":"yamlconfigmanager/setup.go:2153","msg":"Autodetecting test type in files of path : C:\\PW102\\HyperExecute-Playwright-Vanilla-Javascript-main"}
{"level":"debug","time":"2026-06-10T17:20:08.850+0530","caller":"yamlconfigmanager/setup.go:2195","msg":"File in which test type is detected - C:\\PW102\\HyperExecute-Playwright-Vanilla-Javascript-main/package.json"}
{"level":"debug","time":"2026-06-10T17:20:08.850+0530","caller":"yamlconfigmanager/setup.go:2196","msg":"Pre command in which test type is detected - npx playwright install"}
{"level":"debug","time":"2026-06-10T17:20:08.850+0530","caller":"yamlconfigmanager/setup.go:515","msg":"Automatic test type detected - playwright"}
{"level":"debug","time":"2026-06-10T17:20:08.850+0530","caller":"yamlconfigmanager/setup.go:547","msg":"Tunnel: false"}
{"level":"info","time":"2026-06-10T17:20:08.850+0530","caller":"models/HypertestYamlConfig.go:974","msg":"\n\u001b[4m\u001b[1m\u001b[97mExecution Plan\u001b[0m\u001b[22m\u001b[24m"}
{"level":"info","time":"2026-06-10T17:20:08.851+0530","caller":"models/HypertestYamlConfig.go:775","msg":"Mode:    \u001b[36mautosplit\u001b[0m"}
{"level":"info","time":"2026-06-10T17:20:08.851+0530","caller":"models/HypertestYamlConfig.go:835","msg":"Runson:    \u001b[36mwin\u001b[0m"}
{"level":"info","time":"2026-06-10T17:20:08.852+0530","caller":"models/HypertestYamlConfig.go:843","msg":"Concurrency:    \u001b[36m2\u001b[0m"}
{"level":"info","time":"2026-06-10T17:20:08.852+0530","caller":"models/HypertestYamlConfig.go:907","msg":"Report:    \u001b[36menabled\u001b[0m"}
{"level":"info","time":"2026-06-10T17:20:08.852+0530","caller":"models/HypertestYamlConfig.go:921","msg":"Artefacts:"}
{"level":"info","time":"2026-06-10T17:20:08.852+0530","caller":"models/HypertestYamlConfig.go:924","msg":"    Executed-Job-Artifacts:    \u001b[36msrc/test/index.html\u001b[0m"}
{"level":"info","time":"2026-06-10T17:20:08.852+0530","caller":"models/HypertestYamlConfig.go:924","msg":"    My-Job-Artifacts:    \u001b[36msrc/collect/info.html\u001b[0m"}
{"level":"info","time":"2026-06-10T17:20:08.852+0530","caller":"models/HypertestYamlConfig.go:939","msg":"Cache Directories:"}
{"level":"info","time":"2026-06-10T17:20:08.853+0530","caller":"models/HypertestYamlConfig.go:941","msg":"    \u001b[36mnode_modules\u001b[0m"}
{"level":"info","time":"2026-06-10T17:20:08.853+0530","caller":"models/HypertestYamlConfig.go:987","msg":""}
{"level":"debug","time":"2026-06-10T17:20:08.853+0530","caller":"filevalidator/setup.go:49","msg":"Warning: Checking data.json file in current directory, no dataJsonPath found in .hyperexecute.yaml"}
{"level":"debug","time":"2026-06-10T17:20:08.853+0530","caller":"filevalidator/setup.go:53","msg":"Warning: data.json file doesn't exist"}
{"level":"info","time":"2026-06-10T17:20:15.617+0530","caller":"core/lifecycle.go:457","msg":"\u001b[102m\u001b[1m\u001b[30mYou've consumed 9.00 % of your limit. Free trial mins left - 273.00\u001b[0m\u001b[22m\u001b[0m"}
{"level":"debug","time":"2026-06-10T17:20:15.617+0530","caller":"core/lifecycle.go:536","msg":"Job ID: 730bd1a1-fb4b-4026-a373-4eb217301b8e"}
{"level":"debug","time":"2026-06-10T17:20:15.618+0530","caller":"core/lifecycle.go:539","msg":"User - musharrafali17696, triggered job with ID 730bd1a1-fb4b-4026-a373-4eb217301b8e from CLI"}
{"level":"debug","time":"2026-06-10T17:20:15.617+0530","caller":"events/manager.go:97","msg":"Starting event manager"}
{"level":"debug","time":"2026-06-10T17:20:15.618+0530","caller":"core/lifecycle.go:542","msg":"User has provided playwright as test type for the job with ID 730bd1a1-fb4b-4026-a373-4eb217301b8e"}
{"level":"debug","time":"2026-06-10T17:20:15.618+0530","caller":"events/manager.go:99","msg":"SSE enabled, getting SSE connection"}
{"level":"debug","time":"2026-06-10T17:20:15.620+0530","caller":"archivemanager/setup.go:339","msg":"digestMap: map[]"}
{"level":"debug","time":"2026-06-10T17:20:15.620+0530","caller":"archivemanager/setup.go:345","msg":"Creating archive of target directory: C:\\PW102\\HyperExecute-Playwright-Vanilla-Javascript-main"}
{"level":"debug","time":"2026-06-10T17:20:15.737+0530","caller":"core/lifecycle.go:693","msg":"Zip file size: 206.31 kB"}
{"level":"debug","time":"2026-06-10T17:20:15.738+0530","caller":"core/lifecycle.go:703","msg":"Archive location: C:\\PW102\\HyperExecute-Playwright-Vanilla-Javascript-main\\hyperexecute-code-730bd1a1-fb4b-4026-a373-4eb217301b8e.zip\n"}
{"level":"debug","time":"2026-06-10T17:20:15.769+0530","caller":"storage/azure.go:60","msg":"Payload size: 206.31 kB, source path C:\\PW102\\HyperExecute-Playwright-Vanilla-Javascript-main\\hyperexecute-code-730bd1a1-fb4b-4026-a373-4eb217301b8e.zip"}
{"level":"debug","time":"2026-06-10T17:20:22.127+0530","caller":"storage/azure.go:84","msg":"Azcopy output: \n\r0.0 %, 0 Done, 0 Failed, 1 Pending, 0 Skipped, 1 Total, 2-sec Throughput (Mb/s): 0.8251\r100.0 %, 1 Done, 0 Failed, 0 Pending, 0 Skipped, 1 Total,                              \nTotal time taken to upload(min) :0.0667\n, stderr: "}
{"level":"info","time":"2026-06-10T17:20:22.127+0530","caller":"storage/azure.go:123","msg":"File: C:\\PW102\\HyperExecute-Playwright-Vanilla-Javascript-main\\hyperexecute-code-730bd1a1-fb4b-4026-a373-4eb217301b8e.zip upload completed in 6.3884061s"}
{"level":"debug","time":"2026-06-10T17:20:22.128+0530","caller":"receptionmanager/setup.go:274","msg":"number of entries in runtimes: 0, switching to new yaml format"}
{"level":"debug","time":"2026-06-10T17:20:22.130+0530","caller":"receptionmanager/setup.go:313","msg":"only one partialreports entry detected, mapping it to older yaml format"}
{"level":"debug","time":"2026-06-10T17:20:22.134+0530","caller":"receptionmanager/setup.go:188","msg":"Uploading yaml : C:\\PW102\\HyperExecute-Playwright-Vanilla-Javascript-main\\.updatedhyperexecute.yaml"}
{"level":"debug","time":"2026-06-10T17:20:22.175+0530","caller":"storage/azure.go:60","msg":"Payload size: 4.72 kB, source path C:\\PW102\\HyperExecute-Playwright-Vanilla-Javascript-main\\.updatedhyperexecute.yaml"}
{"level":"debug","time":"2026-06-10T17:20:26.390+0530","caller":"storage/azure.go:84","msg":"Azcopy output: \n\r100.0 %, 1 Done, 0 Failed, 0 Pending, 0 Skipped, 1 Total, 2-sec Throughput (Mb/s): 0.0189\nTotal time taken to upload(min) :0.0333\n, stderr: "}
{"level":"info","time":"2026-06-10T17:20:26.390+0530","caller":"storage/azure.go:123","msg":"File: C:\\PW102\\HyperExecute-Playwright-Vanilla-Javascript-main\\.updatedhyperexecute.yaml upload completed in 4.2563957s"}
{"level":"debug","time":"2026-06-10T17:20:26.392+0530","caller":"core/lifecycle.go:730","msg":"Successfully deleted code archive: C:\\PW102\\HyperExecute-Playwright-Vanilla-Javascript-main\\hyperexecute-code-730bd1a1-fb4b-4026-a373-4eb217301b8e.zip\n"}
{"level":"debug","time":"2026-06-10T17:20:26.400+0530","caller":"storage/azure.go:60","msg":"Payload size: 814 B, source path yaml\\win\\mask-730bd1a1-fb4b-4026-a373-4eb217301b8e.yaml"}
{"level":"debug","time":"2026-06-10T17:20:30.597+0530","caller":"storage/azure.go:84","msg":"Azcopy output: \n\r100.0 %, 1 Done, 0 Failed, 0 Pending, 0 Skipped, 1 Total, 2-sec Throughput (Mb/s): 0.0033\nTotal time taken to upload(min) :0.0333\n, stderr: "}
{"level":"info","time":"2026-06-10T17:20:30.597+0530","caller":"storage/azure.go:123","msg":"File: yaml\\win\\mask-730bd1a1-fb4b-4026-a373-4eb217301b8e.yaml upload completed in 4.2010645s"}
{"level":"debug","time":"2026-06-10T17:20:45.619+0530","caller":"events/manager.go:356","msg":"No new messages received from SSE for jobID: 730bd1a1-fb4b-4026-a373-4eb217301b8e. Fetching from APIs"}
{"level":"info","time":"2026-06-10T17:20:46.366+0530","caller":"jobmanager/sse_setup.go:84","msg":"\nJob 730bd1a1-fb4b-4026-a373-4eb217301b8e has started RUNNING"}
{"level":"info","time":"2026-06-10T17:20:46.367+0530","caller":"jobmanager/manager.go:138","msg":"Job Link: https://hyperexecute.lambdatest.com/hyperexecute/task?jobId=730bd1a1-fb4b-4026-a373-4eb217301b8e\n"}
{"level":"info","time":"2026-06-10T17:20:47.070+0530","caller":"terminal/terminal.go:187","msg":"✔ [1]  cache-download (1s)\n"}
{"level":"info","time":"2026-06-10T17:20:47.072+0530","caller":"terminal/terminal.go:187","msg":"✔ [2]  cache-download (1s)\n"}
{"level":"debug","time":"2026-06-10T17:21:17.069+0530","caller":"events/manager.go:356","msg":"No new messages received from SSE for jobID: 730bd1a1-fb4b-4026-a373-4eb217301b8e. Fetching from APIs"}
{"level":"info","time":"2026-06-10T17:21:19.039+0530","caller":"terminal/terminal.go:187","msg":"✔ [1]  pre (38s)\n"}
{"level":"info","time":"2026-06-10T17:21:19.042+0530","caller":"terminal/terminal.go:187","msg":"✔ [1]  discovery (0s)\n"}
{"level":"debug","time":"2026-06-10T17:21:49.039+0530","caller":"events/manager.go:356","msg":"No new messages received from SSE for jobID: 730bd1a1-fb4b-4026-a373-4eb217301b8e. Fetching from APIs"}
{"level":"info","time":"2026-06-10T17:21:50.619+0530","caller":"terminal/terminal.go:187","msg":"✔ [2]  pre (49s)\n"}
{"level":"info","time":"2026-06-10T17:21:50.621+0530","caller":"terminal/terminal.go:187","msg":"✔ [2]  discovery (0s)\n"}
{"level":"info","time":"2026-06-10T17:21:50.623+0530","caller":"terminal/terminal.go:187","msg":"x [2]  tests/test_2.spec.js (15s)\n"}
{"level":"debug","time":"2026-06-10T17:22:20.618+0530","caller":"events/manager.go:356","msg":"No new messages received from SSE for jobID: 730bd1a1-fb4b-4026-a373-4eb217301b8e. Fetching from APIs"}
{"level":"info","time":"2026-06-10T17:22:22.191+0530","caller":"terminal/terminal.go:187","msg":"✔ [1]  tests/test_1.spec.js (31s)\n"}
{"level":"info","time":"2026-06-10T17:22:22.193+0530","caller":"terminal/terminal.go:187","msg":"✔ [1]  tests/test_3.spec.js (10s)\n"}
{"level":"debug","time":"2026-06-10T17:22:52.190+0530","caller":"events/manager.go:356","msg":"No new messages received from SSE for jobID: 730bd1a1-fb4b-4026-a373-4eb217301b8e. Fetching from APIs"}
{"level":"debug","time":"2026-06-10T17:22:54.224+0530","caller":"jobmanager/sse_setup.go:134","msg":"\n\nJob status"}
{"level":"info","time":"2026-06-10T17:22:54.225+0530","caller":"core/lifecycle.go:820","msg":"taskId:HYPW-3042128-1781092232449527427KGJ has failed with remark: Job failed as encountered a Test level failure\n"}
{"level":"info","time":"2026-06-10T17:22:55.148+0530","caller":"jobmanager/JobSummaryManager.go:54","msg":"\n FAILED \n"}
{"level":"info","time":"2026-06-10T17:22:55.148+0530","caller":"jobmanager/JobSummaryManager.go:113","msg":"    Test Execution Time:                  20s"}
{"level":"info","time":"2026-06-10T17:22:55.148+0530","caller":"jobmanager/JobSummaryManager.go:113","msg":"    Job Duration Time:                    2m5s"}
{"level":"info","time":"2026-06-10T17:22:55.149+0530","caller":"jobmanager/JobSummaryManager.go:113","msg":"    Total Tasks:                          2"}
{"level":"info","time":"2026-06-10T17:22:55.149+0530","caller":"jobmanager/JobSummaryManager.go:113","msg":"    Cumulative Time Consumed:             3m20s"}
{"level":"info","time":"2026-06-10T17:22:55.149+0530","caller":"jobmanager/JobSummaryManager.go:113","msg":"    Total Stages:                         7"}
{"level":"info","time":"2026-06-10T17:22:55.150+0530","caller":"jobmanager/JobSummaryManager.go:113","msg":"    Pass discovery stage percentage:      100.00%"}
{"level":"info","time":"2026-06-10T17:22:55.150+0530","caller":"jobmanager/JobSummaryManager.go:113","msg":"    Failed discovery stage percentage:    0.00%"}
{"level":"info","time":"2026-06-10T17:22:55.150+0530","caller":"jobmanager/JobSummaryManager.go:113","msg":"    Pass pre stage percentage:            100.00%"}
{"level":"info","time":"2026-06-10T17:22:55.150+0530","caller":"jobmanager/JobSummaryManager.go:113","msg":"    Failed pre stage percentage:          0.00%"}
{"level":"info","time":"2026-06-10T17:22:55.150+0530","caller":"jobmanager/JobSummaryManager.go:113","msg":"    Pass test stage percentage:           66.67%"}
{"level":"info","time":"2026-06-10T17:22:55.150+0530","caller":"jobmanager/JobSummaryManager.go:113","msg":"    Failed test stage percentage:         33.33%"}
{"level":"info","time":"2026-06-10T17:22:55.150+0530","caller":"jobmanager/JobSummaryManager.go:113","msg":"    Pass post stage percentage:           0.00%"}
{"level":"info","time":"2026-06-10T17:22:55.151+0530","caller":"jobmanager/JobSummaryManager.go:113","msg":"    Failed post stage percentage:         0.00%"}
{"level":"info","time":"2026-06-10T17:22:55.151+0530","caller":"jobmanager/JobSummaryManager.go:113","msg":"    Failed Tasks:                         1"}
{"level":"info","time":"2026-06-10T17:22:55.151+0530","caller":"jobmanager/JobSummaryManager.go:58","msg":""}
{"level":"debug","time":"2026-06-10T17:22:55.153+0530","caller":"core/lifecycle.go:933","msg":"Context canceled"}
{"level":"info","time":"2026-06-10T17:22:55.153+0530","caller":"events/manager.go:338","msg":"context done and stopping SSE"}
{"level":"debug","time":"2026-06-10T17:22:55.154+0530","caller":"events/manager.go:256","msg":"Stopping event manager"}
{"level":"info","time":"2026-06-10T17:22:55.153+0530","caller":"core/lifecycle.go:936","msg":"Stopping pipeline gracefully"}
{"level":"error","time":"2026-06-10T17:22:55.154+0530","caller":"core/lifecycle.go:939","msg":"2026-06-10T17:20:00+05:30    error    Exiting with error: Failed tasks found."}
{"level":"info","time":"2026-06-10T17:22:55.154+0530","caller":"jobmanager/manager.go:138","msg":"Job Link: https://hyperexecute.lambdatest.com/hyperexecute/task?jobId=730bd1a1-fb4b-4026-a373-4eb217301b8e\n"}
{"level":"debug","time":"2026-06-10T17:22:55.154+0530","caller":"core/lifecycle.go:75","msg":"Quit requested from main goroutine...."}
{"level":"debug","time":"2026-06-10T17:22:55.154+0530","caller":"core/lifecycle.go:76","msg":"Waiting for the goroutines to exit"}
{"level":"debug","time":"2026-06-10T17:22:55.155+0530","caller":"core/lifecycle.go:79","msg":"All lifecycle goroutines exited"}
{"level":"debug","time":"2026-06-10T17:22:55.155+0530","caller":"cmd/bin.go:361","msg":"main: all goroutines have finished."}
{"level":"debug","time":"2026-06-10T17:22:55.155+0530","caller":"cmd/bin.go:400","msg":"Exiting application due to error Failed tasks found."}
{"level":"debug","time":"2026-06-10T17:39:40.297+0530","caller":"cmd/bin.go:145","msg":"cli os: windows, cli arch: amd64"}
{"level":"debug","time":"2026-06-10T17:39:41.015+0530","caller":"cmd/bin.go:154","msg":"Upstream version details: {Name:cli Min:0.2.265 Max:0.2.342} "}
{"level":"info","time":"2026-06-10T17:39:41.015+0530","caller":"cmd/bin.go:202","msg":"Generating TraceID for tracking request: 01KTRQ0B7EYKPFEMP206TPRZ6A \n"}
{"level":"warn","time":"2026-06-10T17:39:41.046+0530","caller":"globalconfigvalidator/setup.go:45","msg":"Found user credentials in env and cli flag both, credentials in env will be ignored"}
{"level":"warn","time":"2026-06-10T17:39:41.047+0530","caller":"globalconfigvalidator/setup.go:50","msg":"Found key credentials in env and cli flag both, credentials in env will be ignored"}
{"level":"debug","time":"2026-06-10T17:39:43.803+0530","caller":"core/lifecycle.go:123","msg":"Setting environment"}
{"level":"debug","time":"2026-06-10T17:39:43.803+0530","caller":"core/lifecycle.go:126","msg":"Parsing config"}
{"level":"debug","time":"2026-06-10T17:39:43.803+0530","caller":"yamlconfigmanager/setup.go:725","msg":"Custom location for .hyperexecute.yaml specified. Using: ./yaml/win/.hyperexecute_autosplits.yaml"}
{"level":"debug","time":"2026-06-10T17:39:43.803+0530","caller":"yamlconfigmanager/setup.go:117","msg":"using hyperexecute config from : ./yaml/win/.hyperexecute_autosplits.yaml"}
{"level":"debug","time":"2026-06-10T17:39:46.065+0530","caller":"yamlconfigmanager/setup.go:2153","msg":"Autodetecting test type in files of path : C:\\PW102\\HyperExecute-Playwright-Vanilla-Javascript-main"}
{"level":"debug","time":"2026-06-10T17:39:46.110+0530","caller":"yamlconfigmanager/setup.go:2195","msg":"File in which test type is detected - C:\\PW102\\HyperExecute-Playwright-Vanilla-Javascript-main/package.json"}
{"level":"debug","time":"2026-06-10T17:39:46.111+0530","caller":"yamlconfigmanager/setup.go:2196","msg":"Pre command in which test type is detected - npx playwright install"}
{"level":"debug","time":"2026-06-10T17:39:46.111+0530","caller":"yamlconfigmanager/setup.go:515","msg":"Automatic test type detected - playwright"}
{"level":"debug","time":"2026-06-10T17:39:46.111+0530","caller":"yamlconfigmanager/setup.go:547","msg":"Tunnel: false"}
{"level":"info","time":"2026-06-10T17:39:46.111+0530","caller":"models/HypertestYamlConfig.go:974","msg":"\n\u001b[4m\u001b[1m\u001b[97mExecution Plan\u001b[0m\u001b[22m\u001b[24m"}
{"level":"info","time":"2026-06-10T17:39:46.112+0530","caller":"models/HypertestYamlConfig.go:775","msg":"Mode:    \u001b[36mautosplit\u001b[0m"}
{"level":"info","time":"2026-06-10T17:39:46.112+0530","caller":"models/HypertestYamlConfig.go:835","msg":"Runson:    \u001b[36mwin\u001b[0m"}
{"level":"info","time":"2026-06-10T17:39:46.112+0530","caller":"models/HypertestYamlConfig.go:843","msg":"Concurrency:    \u001b[36m2\u001b[0m"}
{"level":"info","time":"2026-06-10T17:39:46.112+0530","caller":"models/HypertestYamlConfig.go:907","msg":"Report:    \u001b[36menabled\u001b[0m"}
{"level":"info","time":"2026-06-10T17:39:46.112+0530","caller":"models/HypertestYamlConfig.go:921","msg":"Artefacts:"}
{"level":"info","time":"2026-06-10T17:39:46.113+0530","caller":"models/HypertestYamlConfig.go:924","msg":"    Executed-Job-Artifacts:    \u001b[36msrc/test/index.html\u001b[0m"}
{"level":"info","time":"2026-06-10T17:39:46.113+0530","caller":"models/HypertestYamlConfig.go:924","msg":"    My-Job-Artifacts:    \u001b[36msrc/collect/info.html\u001b[0m"}
{"level":"info","time":"2026-06-10T17:39:46.113+0530","caller":"models/HypertestYamlConfig.go:939","msg":"Cache Directories:"}
{"level":"info","time":"2026-06-10T17:39:46.113+0530","caller":"models/HypertestYamlConfig.go:941","msg":"    \u001b[36mnode_modules\u001b[0m"}
{"level":"info","time":"2026-06-10T17:39:46.113+0530","caller":"models/HypertestYamlConfig.go:987","msg":""}
{"level":"debug","time":"2026-06-10T17:39:46.113+0530","caller":"filevalidator/setup.go:49","msg":"Warning: Checking data.json file in current directory, no dataJsonPath found in .hyperexecute.yaml"}
{"level":"debug","time":"2026-06-10T17:39:46.114+0530","caller":"filevalidator/setup.go:53","msg":"Warning: data.json file doesn't exist"}
{"level":"info","time":"2026-06-10T17:39:49.431+0530","caller":"core/lifecycle.go:457","msg":"\u001b[102m\u001b[1m\u001b[30mYou've consumed 10.00 % of your limit. Free trial mins left - 270.00\u001b[0m\u001b[22m\u001b[0m"}
{"level":"debug","time":"2026-06-10T17:39:49.432+0530","caller":"core/lifecycle.go:536","msg":"Job ID: 5b776ee7-cf52-4b5d-a124-7c22f0fd235b"}
{"level":"debug","time":"2026-06-10T17:39:49.432+0530","caller":"core/lifecycle.go:539","msg":"User - musharrafali17696, triggered job with ID 5b776ee7-cf52-4b5d-a124-7c22f0fd235b from CLI"}
{"level":"debug","time":"2026-06-10T17:39:49.432+0530","caller":"events/manager.go:97","msg":"Starting event manager"}
{"level":"debug","time":"2026-06-10T17:39:49.432+0530","caller":"events/manager.go:99","msg":"SSE enabled, getting SSE connection"}
{"level":"debug","time":"2026-06-10T17:39:49.432+0530","caller":"core/lifecycle.go:542","msg":"User has provided playwright as test type for the job with ID 5b776ee7-cf52-4b5d-a124-7c22f0fd235b"}
{"level":"debug","time":"2026-06-10T17:39:49.433+0530","caller":"archivemanager/setup.go:339","msg":"digestMap: map[]"}
{"level":"debug","time":"2026-06-10T17:39:49.433+0530","caller":"archivemanager/setup.go:345","msg":"Creating archive of target directory: C:\\PW102\\HyperExecute-Playwright-Vanilla-Javascript-main"}
{"level":"debug","time":"2026-06-10T17:39:50.120+0530","caller":"core/lifecycle.go:693","msg":"Zip file size: 206.42 kB"}
{"level":"debug","time":"2026-06-10T17:39:50.120+0530","caller":"core/lifecycle.go:703","msg":"Archive location: C:\\PW102\\HyperExecute-Playwright-Vanilla-Javascript-main\\hyperexecute-code-5b776ee7-cf52-4b5d-a124-7c22f0fd235b.zip\n"}
{"level":"debug","time":"2026-06-10T17:39:50.153+0530","caller":"storage/azure.go:60","msg":"Payload size: 206.42 kB, source path C:\\PW102\\HyperExecute-Playwright-Vanilla-Javascript-main\\hyperexecute-code-5b776ee7-cf52-4b5d-a124-7c22f0fd235b.zip"}
{"level":"debug","time":"2026-06-10T17:39:56.312+0530","caller":"storage/azure.go:84","msg":"Azcopy output: \n\r0.0 %, 0 Done, 0 Failed, 1 Pending, 0 Skipped, 1 Total, 2-sec Throughput (Mb/s): 0.8255\r100.0 %, 1 Done, 0 Failed, 0 Pending, 0 Skipped, 1 Total,                              \nTotal time taken to upload(min) :0.0667\n, stderr: "}
{"level":"info","time":"2026-06-10T17:39:56.312+0530","caller":"storage/azure.go:123","msg":"File: C:\\PW102\\HyperExecute-Playwright-Vanilla-Javascript-main\\hyperexecute-code-5b776ee7-cf52-4b5d-a124-7c22f0fd235b.zip upload completed in 6.1920959s"}
{"level":"debug","time":"2026-06-10T17:39:56.313+0530","caller":"receptionmanager/setup.go:274","msg":"number of entries in runtimes: 0, switching to new yaml format"}
{"level":"debug","time":"2026-06-10T17:39:56.314+0530","caller":"receptionmanager/setup.go:313","msg":"only one partialreports entry detected, mapping it to older yaml format"}
{"level":"debug","time":"2026-06-10T17:39:56.317+0530","caller":"receptionmanager/setup.go:188","msg":"Uploading yaml : C:\\PW102\\HyperExecute-Playwright-Vanilla-Javascript-main\\.updatedhyperexecute.yaml"}
{"level":"debug","time":"2026-06-10T17:39:56.345+0530","caller":"storage/azure.go:60","msg":"Payload size: 4.72 kB, source path C:\\PW102\\HyperExecute-Playwright-Vanilla-Javascript-main\\.updatedhyperexecute.yaml"}
{"level":"debug","time":"2026-06-10T17:40:00.433+0530","caller":"storage/azure.go:84","msg":"Azcopy output: \n\r100.0 %, 1 Done, 0 Failed, 0 Pending, 0 Skipped, 1 Total, 2-sec Throughput (Mb/s): 0.0189\nTotal time taken to upload(min) :0.0333\n, stderr: "}
{"level":"info","time":"2026-06-10T17:40:00.433+0530","caller":"storage/azure.go:123","msg":"File: C:\\PW102\\HyperExecute-Playwright-Vanilla-Javascript-main\\.updatedhyperexecute.yaml upload completed in 4.1161667s"}
{"level":"debug","time":"2026-06-10T17:40:00.434+0530","caller":"core/lifecycle.go:730","msg":"Successfully deleted code archive: C:\\PW102\\HyperExecute-Playwright-Vanilla-Javascript-main\\hyperexecute-code-5b776ee7-cf52-4b5d-a124-7c22f0fd235b.zip\n"}
{"level":"debug","time":"2026-06-10T17:40:00.461+0530","caller":"storage/azure.go:60","msg":"Payload size: 814 B, source path yaml\\win\\mask-5b776ee7-cf52-4b5d-a124-7c22f0fd235b.yaml"}
{"level":"debug","time":"2026-06-10T17:40:04.538+0530","caller":"storage/azure.go:84","msg":"Azcopy output: \n\r100.0 %, 1 Done, 0 Failed, 0 Pending, 0 Skipped, 1 Total, 2-sec Throughput (Mb/s): 0.0033\nTotal time taken to upload(min) :0.0333\n, stderr: "}
{"level":"info","time":"2026-06-10T17:40:04.538+0530","caller":"storage/azure.go:123","msg":"File: yaml\\win\\mask-5b776ee7-cf52-4b5d-a124-7c22f0fd235b.yaml upload completed in 4.1015433s"}
{"level":"debug","time":"2026-06-10T17:40:19.431+0530","caller":"events/manager.go:356","msg":"No new messages received from SSE for jobID: 5b776ee7-cf52-4b5d-a124-7c22f0fd235b. Fetching from APIs"}
{"level":"info","time":"2026-06-10T17:40:20.210+0530","caller":"jobmanager/sse_setup.go:86","msg":"\nJob 5b776ee7-cf52-4b5d-a124-7c22f0fd235b has INITIATED"}
{"level":"info","time":"2026-06-10T17:40:20.210+0530","caller":"jobmanager/manager.go:138","msg":"Job Link: https://hyperexecute.lambdatest.com/hyperexecute/task?jobId=5b776ee7-cf52-4b5d-a124-7c22f0fd235b\n"}
{"level":"debug","time":"2026-06-10T17:40:50.898+0530","caller":"events/manager.go:356","msg":"No new messages received from SSE for jobID: 5b776ee7-cf52-4b5d-a124-7c22f0fd235b. Fetching from APIs"}
{"level":"info","time":"2026-06-10T17:40:52.349+0530","caller":"terminal/terminal.go:187","msg":"✔ [1]  cache-download (2s)\n"}
{"level":"info","time":"2026-06-10T17:40:52.351+0530","caller":"terminal/terminal.go:187","msg":"✔ [2]  cache-download (1s)\n"}
{"level":"debug","time":"2026-06-10T17:41:22.347+0530","caller":"events/manager.go:356","msg":"No new messages received from SSE for jobID: 5b776ee7-cf52-4b5d-a124-7c22f0fd235b. Fetching from APIs"}
{"level":"info","time":"2026-06-10T17:41:23.819+0530","caller":"terminal/terminal.go:187","msg":"✔ [1]  pre (39s)\n"}
{"level":"info","time":"2026-06-10T17:41:23.821+0530","caller":"terminal/terminal.go:187","msg":"✔ [1]  discovery (0s)\n"}
{"level":"info","time":"2026-06-10T17:41:23.822+0530","caller":"terminal/terminal.go:187","msg":"✔ [2]  pre (39s)\n"}
{"level":"info","time":"2026-06-10T17:41:23.824+0530","caller":"terminal/terminal.go:187","msg":"✔ [2]  discovery (0s)\n"}
{"level":"debug","time":"2026-06-10T17:41:53.819+0530","caller":"events/manager.go:356","msg":"No new messages received from SSE for jobID: 5b776ee7-cf52-4b5d-a124-7c22f0fd235b. Fetching from APIs"}
{"level":"info","time":"2026-06-10T17:41:55.526+0530","caller":"terminal/terminal.go:187","msg":"✔ [1]  tests/test_1.spec.js (30s)\n"}
{"level":"info","time":"2026-06-10T17:41:55.528+0530","caller":"terminal/terminal.go:187","msg":"✔ [2]  tests/test_2.spec.js (27s)\n"}
{"level":"debug","time":"2026-06-10T17:42:25.526+0530","caller":"events/manager.go:356","msg":"No new messages received from SSE for jobID: 5b776ee7-cf52-4b5d-a124-7c22f0fd235b. Fetching from APIs"}
{"level":"info","time":"2026-06-10T17:42:27.003+0530","caller":"terminal/terminal.go:187","msg":"✔ [1]  tests/test_3.spec.js (9s)\n"}
{"level":"debug","time":"2026-06-10T17:42:57.003+0530","caller":"events/manager.go:356","msg":"No new messages received from SSE for jobID: 5b776ee7-cf52-4b5d-a124-7c22f0fd235b. Fetching from APIs"}
{"level":"debug","time":"2026-06-10T17:42:58.661+0530","caller":"jobmanager/sse_setup.go:134","msg":"\n\nJob status"}
{"level":"info","time":"2026-06-10T17:42:59.383+0530","caller":"jobmanager/JobSummaryManager.go:54","msg":"\n PARTIALLY COMPLETED \n"}
{"level":"info","time":"2026-06-10T17:42:59.383+0530","caller":"jobmanager/JobSummaryManager.go:113","msg":"    Test Execution Time:                  19s"}
{"level":"info","time":"2026-06-10T17:42:59.384+0530","caller":"jobmanager/JobSummaryManager.go:113","msg":"    Job Duration Time:                    2m11s"}
{"level":"info","time":"2026-06-10T17:42:59.384+0530","caller":"jobmanager/JobSummaryManager.go:113","msg":"    Total Tasks:                          2"}
{"level":"info","time":"2026-06-10T17:42:59.385+0530","caller":"jobmanager/JobSummaryManager.go:113","msg":"    Cumulative Time Consumed:             3m23s"}
{"level":"info","time":"2026-06-10T17:42:59.385+0530","caller":"jobmanager/JobSummaryManager.go:113","msg":"    Total Stages:                         7"}
{"level":"info","time":"2026-06-10T17:42:59.385+0530","caller":"jobmanager/JobSummaryManager.go:113","msg":"    Pass discovery stage percentage:      100.00%"}
{"level":"info","time":"2026-06-10T17:42:59.385+0530","caller":"jobmanager/JobSummaryManager.go:113","msg":"    Failed discovery stage percentage:    0.00%"}
{"level":"info","time":"2026-06-10T17:42:59.385+0530","caller":"jobmanager/JobSummaryManager.go:113","msg":"    Pass pre stage percentage:            100.00%"}
{"level":"info","time":"2026-06-10T17:42:59.385+0530","caller":"jobmanager/JobSummaryManager.go:113","msg":"    Failed pre stage percentage:          0.00%"}
{"level":"info","time":"2026-06-10T17:42:59.386+0530","caller":"jobmanager/JobSummaryManager.go:113","msg":"    Pass test stage percentage:           100.00%"}
{"level":"info","time":"2026-06-10T17:42:59.386+0530","caller":"jobmanager/JobSummaryManager.go:113","msg":"    Failed test stage percentage:         0.00%"}
{"level":"info","time":"2026-06-10T17:42:59.386+0530","caller":"jobmanager/JobSummaryManager.go:113","msg":"    Pass post stage percentage:           0.00%"}
{"level":"info","time":"2026-06-10T17:42:59.386+0530","caller":"jobmanager/JobSummaryManager.go:113","msg":"    Failed post stage percentage:         0.00%"}
{"level":"info","time":"2026-06-10T17:42:59.386+0530","caller":"jobmanager/JobSummaryManager.go:113","msg":"    Failed Tasks:                         0"}
{"level":"info","time":"2026-06-10T17:42:59.386+0530","caller":"jobmanager/JobSummaryManager.go:58","msg":""}
{"level":"debug","time":"2026-06-10T17:42:59.388+0530","caller":"core/lifecycle.go:933","msg":"Context canceled"}
{"level":"info","time":"2026-06-10T17:42:59.388+0530","caller":"events/manager.go:338","msg":"context done and stopping SSE"}
{"level":"debug","time":"2026-06-10T17:42:59.389+0530","caller":"events/manager.go:256","msg":"Stopping event manager"}
{"level":"info","time":"2026-06-10T17:42:59.389+0530","caller":"core/lifecycle.go:936","msg":"Stopping pipeline gracefully"}
{"level":"info","time":"2026-06-10T17:42:59.389+0530","caller":"jobmanager/manager.go:138","msg":"Job Link: https://hyperexecute.lambdatest.com/hyperexecute/task?jobId=5b776ee7-cf52-4b5d-a124-7c22f0fd235b\n"}
{"level":"debug","time":"2026-06-10T17:42:59.389+0530","caller":"core/lifecycle.go:75","msg":"Quit requested from main goroutine...."}
{"level":"debug","time":"2026-06-10T17:42:59.389+0530","caller":"core/lifecycle.go:76","msg":"Waiting for the goroutines to exit"}
{"level":"debug","time":"2026-06-10T17:42:59.389+0530","caller":"core/lifecycle.go:79","msg":"All lifecycle goroutines exited"}
{"level":"debug","time":"2026-06-10T17:42:59.389+0530","caller":"cmd/bin.go:361","msg":"main: all goroutines have finished."}
{"level":"debug","time":"2026-06-10T18:11:13.515+0530","caller":"cmd/bin.go:145","msg":"cli os: windows, cli arch: amd64"}
{"level":"debug","time":"2026-06-10T18:11:14.362+0530","caller":"cmd/bin.go:154","msg":"Upstream version details: {Name:cli Min:0.2.265 Max:0.2.343} "}
{"level":"info","time":"2026-06-10T18:11:14.362+0530","caller":"cmd/bin.go:163","msg":"Current binary version 0.2.342 is less than max upstream version 0.2.343."}
{"level":"info","time":"2026-06-10T18:11:14.363+0530","caller":"updater/updater.go:58","msg":"Auto updating binary ..................."}
{"level":"debug","time":"2026-06-10T18:11:14.363+0530","caller":"updater/updater.go:59","msg":"Download url: https://downloads.hyperexecute.cloud/hyperexecute/cli/0.2.343/windows/hyperexecute.exe"}
{"level":"debug","time":"2026-06-10T18:11:18.444+0530","caller":"updater/updater.go:80","msg":"New binary downloaded successfully "}
{"level":"info","time":"2026-06-10T18:11:18.445+0530","caller":"cmd/bin.go:175","msg":"Update successfully installed. Restarting the binary..."}
{"level":"debug","time":"2026-06-10T18:11:20.869+0530","caller":"cmd/bin.go:145","msg":"cli os: windows, cli arch: amd64"}
{"level":"debug","time":"2026-06-10T18:11:21.529+0530","caller":"cmd/bin.go:154","msg":"Upstream version details: {Name:cli Min:0.2.265 Max:0.2.343} "}
{"level":"info","time":"2026-06-10T18:11:21.529+0530","caller":"cmd/bin.go:202","msg":"Generating TraceID for tracking request: 01KTRRTBDF70FG41Z4DRR40X9Y \n"}
{"level":"warn","time":"2026-06-10T18:11:21.542+0530","caller":"globalconfigvalidator/setup.go:45","msg":"Found user credentials in env and cli flag both, credentials in env will be ignored"}
{"level":"warn","time":"2026-06-10T18:11:21.544+0530","caller":"globalconfigvalidator/setup.go:50","msg":"Found key credentials in env and cli flag both, credentials in env will be ignored"}
{"level":"debug","time":"2026-06-10T18:11:25.405+0530","caller":"core/lifecycle.go:123","msg":"Setting environment"}
{"level":"debug","time":"2026-06-10T18:11:25.405+0530","caller":"core/lifecycle.go:126","msg":"Parsing config"}
{"level":"debug","time":"2026-06-10T18:11:25.405+0530","caller":"yamlconfigmanager/setup.go:725","msg":"Custom location for .hyperexecute.yaml specified. Using: ./yaml/win11/.hyperexecute_autosplits.yaml"}
{"level":"error","time":"2026-06-10T18:11:25.405+0530","caller":"core/lifecycle.go:131","msg":"2026-06-10T18:11:20+05:30    error    \u001b[91mERR::NO::HTY\u001b[0m     Unable to find hyperexecute config file.    No file found at location ./yaml/win11/.hyperexecute_autosplits.yaml"}
{"level":"debug","time":"2026-06-10T18:11:25.406+0530","caller":"core/lifecycle.go:75","msg":"Quit requested from main goroutine...."}
{"level":"debug","time":"2026-06-10T18:11:25.406+0530","caller":"core/lifecycle.go:76","msg":"Waiting for the goroutines to exit"}
{"level":"debug","time":"2026-06-10T18:11:25.406+0530","caller":"core/lifecycle.go:79","msg":"All lifecycle goroutines exited"}
{"level":"debug","time":"2026-06-10T18:11:25.406+0530","caller":"cmd/bin.go:361","msg":"main: all goroutines have finished."}
{"level":"debug","time":"2026-06-10T18:11:25.406+0530","caller":"cmd/bin.go:400","msg":"Exiting application due to error \u001b[91mERR::NO::HTY\u001b[0m     Unable to find hyperexecute config file.    No file found at location ./yaml/win11/.hyperexecute_autosplits.yaml"}
{"level":"debug","time":"2026-06-10T18:11:25.466+0530","caller":"cmd/bin.go:195","msg":"Child binary process exited with error: exit status 1"}
{"level":"debug","time":"2026-06-10T18:12:07.900+0530","caller":"cmd/bin.go:145","msg":"cli os: windows, cli arch: amd64"}
{"level":"debug","time":"2026-06-10T18:12:08.575+0530","caller":"cmd/bin.go:154","msg":"Upstream version details: {Name:cli Min:0.2.265 Max:0.2.343} "}
{"level":"info","time":"2026-06-10T18:12:08.575+0530","caller":"cmd/bin.go:202","msg":"Generating TraceID for tracking request: 01KTRRVSC3RY0FRZE0MHM86W7M \n"}
{"level":"warn","time":"2026-06-10T18:12:08.578+0530","caller":"globalconfigvalidator/setup.go:45","msg":"Found user credentials in env and cli flag both, credentials in env will be ignored"}
{"level":"warn","time":"2026-06-10T18:12:08.579+0530","caller":"globalconfigvalidator/setup.go:50","msg":"Found key credentials in env and cli flag both, credentials in env will be ignored"}
{"level":"debug","time":"2026-06-10T18:12:10.997+0530","caller":"core/lifecycle.go:123","msg":"Setting environment"}
{"level":"debug","time":"2026-06-10T18:12:10.997+0530","caller":"core/lifecycle.go:126","msg":"Parsing config"}
{"level":"debug","time":"2026-06-10T18:12:10.997+0530","caller":"yamlconfigmanager/setup.go:725","msg":"Custom location for .hyperexecute.yaml specified. Using: ./yaml/win11/.hyperexecute_autosplit.yaml"}
{"level":"debug","time":"2026-06-10T18:12:10.997+0530","caller":"yamlconfigmanager/setup.go:117","msg":"using hyperexecute config from : ./yaml/win11/.hyperexecute_autosplit.yaml"}
{"level":"debug","time":"2026-06-10T18:12:12.781+0530","caller":"yamlconfigmanager/setup.go:2153","msg":"Autodetecting test type in files of path : C:\\PW102\\HyperExecute-Playwright-Vanilla-Javascript-main"}
{"level":"debug","time":"2026-06-10T18:12:12.791+0530","caller":"yamlconfigmanager/setup.go:2195","msg":"File in which test type is detected - C:\\PW102\\HyperExecute-Playwright-Vanilla-Javascript-main/package.json"}
{"level":"debug","time":"2026-06-10T18:12:12.791+0530","caller":"yamlconfigmanager/setup.go:2196","msg":"Pre command in which test type is detected - npx playwright install"}
{"level":"debug","time":"2026-06-10T18:12:12.792+0530","caller":"yamlconfigmanager/setup.go:515","msg":"Automatic test type detected - playwright"}
{"level":"debug","time":"2026-06-10T18:12:12.792+0530","caller":"yamlconfigmanager/setup.go:547","msg":"Tunnel: false"}
{"level":"info","time":"2026-06-10T18:12:12.792+0530","caller":"models/HypertestYamlConfig.go:974","msg":"\n\u001b[4m\u001b[1m\u001b[97mExecution Plan\u001b[0m\u001b[22m\u001b[24m"}
{"level":"info","time":"2026-06-10T18:12:12.792+0530","caller":"models/HypertestYamlConfig.go:775","msg":"Mode:    \u001b[36mautosplit\u001b[0m"}
{"level":"info","time":"2026-06-10T18:12:12.792+0530","caller":"models/HypertestYamlConfig.go:835","msg":"Runson:    \u001b[36mwin11\u001b[0m"}
{"level":"info","time":"2026-06-10T18:12:12.793+0530","caller":"models/HypertestYamlConfig.go:843","msg":"Concurrency:    \u001b[36m2\u001b[0m"}
{"level":"info","time":"2026-06-10T18:12:12.793+0530","caller":"models/HypertestYamlConfig.go:907","msg":"Report:    \u001b[36menabled\u001b[0m"}
{"level":"info","time":"2026-06-10T18:12:12.794+0530","caller":"models/HypertestYamlConfig.go:921","msg":"Artefacts:"}
{"level":"info","time":"2026-06-10T18:12:12.794+0530","caller":"models/HypertestYamlConfig.go:924","msg":"    Executed-Job-Artifacts:    \u001b[36msrc/test/index.html\u001b[0m"}
{"level":"info","time":"2026-06-10T18:12:12.794+0530","caller":"models/HypertestYamlConfig.go:924","msg":"    My-Job-Artifacts:    \u001b[36msrc/collect/info.html\u001b[0m"}
{"level":"info","time":"2026-06-10T18:12:12.794+0530","caller":"models/HypertestYamlConfig.go:939","msg":"Cache Directories:"}
{"level":"info","time":"2026-06-10T18:12:12.794+0530","caller":"models/HypertestYamlConfig.go:941","msg":"    \u001b[36mnode_modules\u001b[0m"}
{"level":"info","time":"2026-06-10T18:12:12.794+0530","caller":"models/HypertestYamlConfig.go:987","msg":""}
{"level":"debug","time":"2026-06-10T18:12:12.794+0530","caller":"filevalidator/setup.go:49","msg":"Warning: Checking data.json file in current directory, no dataJsonPath found in .hyperexecute.yaml"}
{"level":"debug","time":"2026-06-10T18:12:12.795+0530","caller":"filevalidator/setup.go:53","msg":"Warning: data.json file doesn't exist"}
{"level":"info","time":"2026-06-10T18:12:16.273+0530","caller":"core/lifecycle.go:457","msg":"\u001b[102m\u001b[1m\u001b[30mYou've consumed 11.00 % of your limit. Free trial mins left - 267.00\u001b[0m\u001b[22m\u001b[0m"}
{"level":"debug","time":"2026-06-10T18:12:16.273+0530","caller":"core/lifecycle.go:536","msg":"Job ID: 87b8ecd0-9a4c-42b3-a1f6-20482e20d885"}
{"level":"debug","time":"2026-06-10T18:12:16.273+0530","caller":"core/lifecycle.go:539","msg":"User - musharrafali17696, triggered job with ID 87b8ecd0-9a4c-42b3-a1f6-20482e20d885 from CLI"}
{"level":"debug","time":"2026-06-10T18:12:16.273+0530","caller":"core/lifecycle.go:542","msg":"User has provided playwright as test type for the job with ID 87b8ecd0-9a4c-42b3-a1f6-20482e20d885"}
{"level":"debug","time":"2026-06-10T18:12:16.273+0530","caller":"events/manager.go:97","msg":"Starting event manager"}
{"level":"debug","time":"2026-06-10T18:12:16.273+0530","caller":"events/manager.go:99","msg":"SSE enabled, getting SSE connection"}
{"level":"debug","time":"2026-06-10T18:12:16.274+0530","caller":"archivemanager/setup.go:339","msg":"digestMap: map[]"}
{"level":"debug","time":"2026-06-10T18:12:16.274+0530","caller":"archivemanager/setup.go:345","msg":"Creating archive of target directory: C:\\PW102\\HyperExecute-Playwright-Vanilla-Javascript-main"}
{"level":"debug","time":"2026-06-10T18:12:17.746+0530","caller":"core/lifecycle.go:693","msg":"Zip file size: 11.48 MB"}
{"level":"debug","time":"2026-06-10T18:12:17.746+0530","caller":"core/lifecycle.go:703","msg":"Archive location: C:\\PW102\\HyperExecute-Playwright-Vanilla-Javascript-main\\hyperexecute-code-87b8ecd0-9a4c-42b3-a1f6-20482e20d885.zip\n"}
{"level":"debug","time":"2026-06-10T18:12:17.775+0530","caller":"storage/azure.go:60","msg":"Payload size: 11.48 MB, source path C:\\PW102\\HyperExecute-Playwright-Vanilla-Javascript-main\\hyperexecute-code-87b8ecd0-9a4c-42b3-a1f6-20482e20d885.zip"}
{"level":"debug","time":"2026-06-10T18:12:25.935+0530","caller":"storage/azure.go:84","msg":"Azcopy output: \n\r0.0 %, 0 Done, 0 Failed, 1 Pending, 0 Skipped, 1 Total, 2-sec Throughput (Mb/s): 45.9252\r27.0 %, 0 Done, 0 Failed, 1 Pending, 0 Skipped, 1 Total,                                \r100.0 %, 1 Done, 0 Failed, 0 Pending, 0 Skipped, 1 Total, \nTotal time taken to upload(min) :0.1\n, stderr: "}
{"level":"info","time":"2026-06-10T18:12:25.935+0530","caller":"storage/azure.go:123","msg":"File: C:\\PW102\\HyperExecute-Playwright-Vanilla-Javascript-main\\hyperexecute-code-87b8ecd0-9a4c-42b3-a1f6-20482e20d885.zip upload completed in 8.188406s"}
{"level":"debug","time":"2026-06-10T18:12:25.936+0530","caller":"receptionmanager/setup.go:274","msg":"number of entries in runtimes: 0, switching to new yaml format"}
{"level":"debug","time":"2026-06-10T18:12:25.938+0530","caller":"receptionmanager/setup.go:313","msg":"only one partialreports entry detected, mapping it to older yaml format"}
{"level":"debug","time":"2026-06-10T18:12:25.940+0530","caller":"receptionmanager/setup.go:188","msg":"Uploading yaml : C:\\PW102\\HyperExecute-Playwright-Vanilla-Javascript-main\\.updatedhyperexecute.yaml"}
{"level":"debug","time":"2026-06-10T18:12:25.981+0530","caller":"storage/azure.go:60","msg":"Payload size: 4.72 kB, source path C:\\PW102\\HyperExecute-Playwright-Vanilla-Javascript-main\\.updatedhyperexecute.yaml"}
{"level":"debug","time":"2026-06-10T18:12:30.126+0530","caller":"storage/azure.go:84","msg":"Azcopy output: \n\r100.0 %, 1 Done, 0 Failed, 0 Pending, 0 Skipped, 1 Total, 2-sec Throughput (Mb/s): 0.0189\nTotal time taken to upload(min) :0.0333\n, stderr: "}
{"level":"info","time":"2026-06-10T18:12:30.126+0530","caller":"storage/azure.go:123","msg":"File: C:\\PW102\\HyperExecute-Playwright-Vanilla-Javascript-main\\.updatedhyperexecute.yaml upload completed in 4.1864049s"}
{"level":"debug","time":"2026-06-10T18:12:30.130+0530","caller":"core/lifecycle.go:730","msg":"Successfully deleted code archive: C:\\PW102\\HyperExecute-Playwright-Vanilla-Javascript-main\\hyperexecute-code-87b8ecd0-9a4c-42b3-a1f6-20482e20d885.zip\n"}
{"level":"debug","time":"2026-06-10T18:12:30.159+0530","caller":"storage/azure.go:60","msg":"Payload size: 818 B, source path yaml\\win11\\mask-87b8ecd0-9a4c-42b3-a1f6-20482e20d885.yaml"}
{"level":"debug","time":"2026-06-10T18:12:34.346+0530","caller":"storage/azure.go:84","msg":"Azcopy output: \n\r100.0 %, 1 Done, 0 Failed, 0 Pending, 0 Skipped, 1 Total, 2-sec Throughput (Mb/s): 0.0033\nTotal time taken to upload(min) :0.0333\n, stderr: "}
{"level":"info","time":"2026-06-10T18:12:34.346+0530","caller":"storage/azure.go:123","msg":"File: yaml\\win11\\mask-87b8ecd0-9a4c-42b3-a1f6-20482e20d885.yaml upload completed in 4.2133415s"}
{"level":"debug","time":"2026-06-10T18:12:46.274+0530","caller":"events/manager.go:356","msg":"No new messages received from SSE for jobID: 87b8ecd0-9a4c-42b3-a1f6-20482e20d885. Fetching from APIs"}
{"level":"info","time":"2026-06-10T18:12:47.052+0530","caller":"jobmanager/sse_setup.go:84","msg":"\nJob 87b8ecd0-9a4c-42b3-a1f6-20482e20d885 has started RUNNING"}
{"level":"info","time":"2026-06-10T18:12:47.053+0530","caller":"jobmanager/manager.go:138","msg":"Job Link: https://hyperexecute.lambdatest.com/hyperexecute/task?jobId=87b8ecd0-9a4c-42b3-a1f6-20482e20d885\n"}
{"level":"info","time":"2026-06-10T18:12:47.751+0530","caller":"terminal/terminal.go:187","msg":"✔ [1]  cache-download (0s)\n"}
{"level":"info","time":"2026-06-10T18:12:47.753+0530","caller":"terminal/terminal.go:187","msg":"✔ [2]  cache-download (0s)\n"}
{"level":"debug","time":"2026-06-10T18:13:17.750+0530","caller":"events/manager.go:356","msg":"No new messages received from SSE for jobID: 87b8ecd0-9a4c-42b3-a1f6-20482e20d885. Fetching from APIs"}
{"level":"info","time":"2026-06-10T18:13:19.242+0530","caller":"terminal/terminal.go:187","msg":"✔ [1]  pre (33s)\n"}
{"level":"info","time":"2026-06-10T18:13:19.244+0530","caller":"terminal/terminal.go:187","msg":"✔ [1]  discovery (0s)\n"}
{"level":"debug","time":"2026-06-10T18:13:49.242+0530","caller":"events/manager.go:356","msg":"No new messages received from SSE for jobID: 87b8ecd0-9a4c-42b3-a1f6-20482e20d885. Fetching from APIs"}
{"level":"info","time":"2026-06-10T18:13:50.652+0530","caller":"terminal/terminal.go:187","msg":"✔ [1]  tests/test_1.spec.js (29s)\n"}
{"level":"info","time":"2026-06-10T18:13:50.654+0530","caller":"terminal/terminal.go:187","msg":"✔ [2]  pre (43s)\n"}
{"level":"info","time":"2026-06-10T18:13:50.656+0530","caller":"terminal/terminal.go:187","msg":"✔ [2]  discovery (0s)\n"}
{"level":"debug","time":"2026-06-10T18:14:20.652+0530","caller":"events/manager.go:356","msg":"No new messages received from SSE for jobID: 87b8ecd0-9a4c-42b3-a1f6-20482e20d885. Fetching from APIs"}
{"level":"info","time":"2026-06-10T18:14:22.101+0530","caller":"terminal/terminal.go:187","msg":"✔ [1]  tests/test_3.spec.js (11s)\n"}
{"level":"info","time":"2026-06-10T18:14:22.102+0530","caller":"terminal/terminal.go:187","msg":"✔ [2]  tests/test_2.spec.js (30s)\n"}
{"level":"debug","time":"2026-06-10T18:14:52.100+0530","caller":"events/manager.go:356","msg":"No new messages received from SSE for jobID: 87b8ecd0-9a4c-42b3-a1f6-20482e20d885. Fetching from APIs"}
{"level":"debug","time":"2026-06-10T18:14:53.534+0530","caller":"jobmanager/sse_setup.go:134","msg":"\n\nJob status"}
{"level":"info","time":"2026-06-10T18:14:54.260+0530","caller":"jobmanager/JobSummaryManager.go:54","msg":"\n PARTIALLY COMPLETED \n"}
{"level":"info","time":"2026-06-10T18:14:54.261+0530","caller":"jobmanager/JobSummaryManager.go:113","msg":"    Test Execution Time:                  21s"}
{"level":"info","time":"2026-06-10T18:14:54.261+0530","caller":"jobmanager/JobSummaryManager.go:113","msg":"    Job Duration Time:                    2m0s"}
{"level":"info","time":"2026-06-10T18:14:54.261+0530","caller":"jobmanager/JobSummaryManager.go:113","msg":"    Total Tasks:                          2"}
{"level":"info","time":"2026-06-10T18:14:54.261+0530","caller":"jobmanager/JobSummaryManager.go:113","msg":"    Cumulative Time Consumed:             3m26s"}
{"level":"info","time":"2026-06-10T18:14:54.262+0530","caller":"jobmanager/JobSummaryManager.go:113","msg":"    Total Stages:                         7"}
{"level":"info","time":"2026-06-10T18:14:54.262+0530","caller":"jobmanager/JobSummaryManager.go:113","msg":"    Pass discovery stage percentage:      100.00%"}
{"level":"info","time":"2026-06-10T18:14:54.262+0530","caller":"jobmanager/JobSummaryManager.go:113","msg":"    Failed discovery stage percentage:    0.00%"}
{"level":"info","time":"2026-06-10T18:14:54.262+0530","caller":"jobmanager/JobSummaryManager.go:113","msg":"    Pass pre stage percentage:            100.00%"}
{"level":"info","time":"2026-06-10T18:14:54.262+0530","caller":"jobmanager/JobSummaryManager.go:113","msg":"    Failed pre stage percentage:          0.00%"}
{"level":"info","time":"2026-06-10T18:14:54.262+0530","caller":"jobmanager/JobSummaryManager.go:113","msg":"    Pass test stage percentage:           100.00%"}
{"level":"info","time":"2026-06-10T18:14:54.263+0530","caller":"jobmanager/JobSummaryManager.go:113","msg":"    Failed test stage percentage:         0.00%"}
{"level":"info","time":"2026-06-10T18:14:54.263+0530","caller":"jobmanager/JobSummaryManager.go:113","msg":"    Pass post stage percentage:           0.00%"}
{"level":"info","time":"2026-06-10T18:14:54.263+0530","caller":"jobmanager/JobSummaryManager.go:113","msg":"    Failed post stage percentage:         0.00%"}
{"level":"info","time":"2026-06-10T18:14:54.263+0530","caller":"jobmanager/JobSummaryManager.go:113","msg":"    Failed Tasks:                         0"}
{"level":"info","time":"2026-06-10T18:14:54.263+0530","caller":"jobmanager/JobSummaryManager.go:58","msg":""}
{"level":"debug","time":"2026-06-10T18:14:54.266+0530","caller":"core/lifecycle.go:933","msg":"Context canceled"}
{"level":"info","time":"2026-06-10T18:14:54.266+0530","caller":"core/lifecycle.go:936","msg":"Stopping pipeline gracefully"}
{"level":"info","time":"2026-06-10T18:14:54.266+0530","caller":"events/manager.go:338","msg":"context done and stopping SSE"}
{"level":"info","time":"2026-06-10T18:14:54.267+0530","caller":"jobmanager/manager.go:138","msg":"Job Link: https://hyperexecute.lambdatest.com/hyperexecute/task?jobId=87b8ecd0-9a4c-42b3-a1f6-20482e20d885\n"}
{"level":"debug","time":"2026-06-10T18:14:54.267+0530","caller":"events/manager.go:256","msg":"Stopping event manager"}
{"level":"debug","time":"2026-06-10T18:14:54.267+0530","caller":"core/lifecycle.go:75","msg":"Quit requested from main goroutine...."}
{"level":"debug","time":"2026-06-10T18:14:54.268+0530","caller":"core/lifecycle.go:76","msg":"Waiting for the goroutines to exit"}
{"level":"debug","time":"2026-06-10T18:14:54.268+0530","caller":"core/lifecycle.go:79","msg":"All lifecycle goroutines exited"}
{"level":"debug","time":"2026-06-10T18:14:54.268+0530","caller":"cmd/bin.go:361","msg":"main: all goroutines have finished."}
{"level":"debug","time":"2026-06-10T18:19:37.335+0530","caller":"cmd/bin.go:145","msg":"cli os: windows, cli arch: amd64"}
{"level":"debug","time":"2026-06-10T18:19:38.017+0530","caller":"cmd/bin.go:154","msg":"Upstream version details: {Name:cli Min:0.2.265 Max:0.2.343} "}
{"level":"info","time":"2026-06-10T18:19:38.017+0530","caller":"cmd/bin.go:202","msg":"Generating TraceID for tracking request: 01KTRS9G6B94M7ZY9DE0J1BMBS \n"}
{"level":"warn","time":"2026-06-10T18:19:38.022+0530","caller":"globalconfigvalidator/setup.go:45","msg":"Found user credentials in env and cli flag both, credentials in env will be ignored"}
{"level":"warn","time":"2026-06-10T18:19:38.023+0530","caller":"globalconfigvalidator/setup.go:50","msg":"Found key credentials in env and cli flag both, credentials in env will be ignored"}
{"level":"debug","time":"2026-06-10T18:19:41.726+0530","caller":"core/lifecycle.go:123","msg":"Setting environment"}
{"level":"debug","time":"2026-06-10T18:19:41.726+0530","caller":"core/lifecycle.go:126","msg":"Parsing config"}
{"level":"debug","time":"2026-06-10T18:19:41.726+0530","caller":"yamlconfigmanager/setup.go:725","msg":"Custom location for .hyperexecute.yaml specified. Using: ./yaml/win11/.hyperexecute_autosplit.yaml"}
{"level":"debug","time":"2026-06-10T18:19:41.726+0530","caller":"yamlconfigmanager/setup.go:117","msg":"using hyperexecute config from : ./yaml/win11/.hyperexecute_autosplit.yaml"}
{"level":"debug","time":"2026-06-10T18:19:43.603+0530","caller":"yamlconfigmanager/setup.go:2153","msg":"Autodetecting test type in files of path : C:\\PW102\\HyperExecute-Playwright-Vanilla-Javascript-main"}
{"level":"debug","time":"2026-06-10T18:19:43.605+0530","caller":"yamlconfigmanager/setup.go:2195","msg":"File in which test type is detected - C:\\PW102\\HyperExecute-Playwright-Vanilla-Javascript-main/package.json"}
{"level":"debug","time":"2026-06-10T18:19:43.605+0530","caller":"yamlconfigmanager/setup.go:2196","msg":"Pre command in which test type is detected - npx playwright install"}
{"level":"debug","time":"2026-06-10T18:19:43.605+0530","caller":"yamlconfigmanager/setup.go:515","msg":"Automatic test type detected - playwright"}
{"level":"debug","time":"2026-06-10T18:19:43.605+0530","caller":"yamlconfigmanager/setup.go:547","msg":"Tunnel: false"}
{"level":"info","time":"2026-06-10T18:19:43.605+0530","caller":"models/HypertestYamlConfig.go:974","msg":"\n\u001b[4m\u001b[1m\u001b[97mExecution Plan\u001b[0m\u001b[22m\u001b[24m"}
{"level":"info","time":"2026-06-10T18:19:43.605+0530","caller":"models/HypertestYamlConfig.go:775","msg":"Mode:    \u001b[36mautosplit\u001b[0m"}
{"level":"info","time":"2026-06-10T18:19:43.606+0530","caller":"models/HypertestYamlConfig.go:835","msg":"Runson:    \u001b[36mwin11\u001b[0m"}
{"level":"info","time":"2026-06-10T18:19:43.606+0530","caller":"models/HypertestYamlConfig.go:843","msg":"Concurrency:    \u001b[36m2\u001b[0m"}
{"level":"info","time":"2026-06-10T18:19:43.606+0530","caller":"models/HypertestYamlConfig.go:907","msg":"Report:    \u001b[36menabled\u001b[0m"}
{"level":"info","time":"2026-06-10T18:19:43.606+0530","caller":"models/HypertestYamlConfig.go:921","msg":"Artefacts:"}
{"level":"info","time":"2026-06-10T18:19:43.606+0530","caller":"models/HypertestYamlConfig.go:924","msg":"    Executed-Job-Artifacts:    \u001b[36msrc/test/index.html\u001b[0m"}
{"level":"info","time":"2026-06-10T18:19:43.606+0530","caller":"models/HypertestYamlConfig.go:924","msg":"    My-Job-Artifacts:    \u001b[36msrc/collect/info.html\u001b[0m"}
{"level":"info","time":"2026-06-10T18:19:43.606+0530","caller":"models/HypertestYamlConfig.go:939","msg":"Cache Directories:"}
{"level":"info","time":"2026-06-10T18:19:43.607+0530","caller":"models/HypertestYamlConfig.go:941","msg":"    \u001b[36mnode_modules\u001b[0m"}
{"level":"info","time":"2026-06-10T18:19:43.607+0530","caller":"models/HypertestYamlConfig.go:987","msg":""}
{"level":"debug","time":"2026-06-10T18:19:43.607+0530","caller":"filevalidator/setup.go:49","msg":"Warning: Checking data.json file in current directory, no dataJsonPath found in .hyperexecute.yaml"}
{"level":"debug","time":"2026-06-10T18:19:43.607+0530","caller":"filevalidator/setup.go:53","msg":"Warning: data.json file doesn't exist"}
{"level":"info","time":"2026-06-10T18:19:46.651+0530","caller":"core/lifecycle.go:457","msg":"\u001b[102m\u001b[1m\u001b[30mYou've consumed 12.33 % of your limit. Free trial mins left - 263.00\u001b[0m\u001b[22m\u001b[0m"}
{"level":"debug","time":"2026-06-10T18:19:46.651+0530","caller":"core/lifecycle.go:536","msg":"Job ID: 3d82888c-6bb1-4770-9ed7-8a84ee8bbbb1"}
{"level":"debug","time":"2026-06-10T18:19:46.651+0530","caller":"core/lifecycle.go:539","msg":"User - musharrafali17696, triggered job with ID 3d82888c-6bb1-4770-9ed7-8a84ee8bbbb1 from CLI"}
{"level":"debug","time":"2026-06-10T18:19:46.652+0530","caller":"core/lifecycle.go:542","msg":"User has provided playwright as test type for the job with ID 3d82888c-6bb1-4770-9ed7-8a84ee8bbbb1"}
{"level":"debug","time":"2026-06-10T18:19:46.651+0530","caller":"events/manager.go:97","msg":"Starting event manager"}
{"level":"debug","time":"2026-06-10T18:19:46.652+0530","caller":"events/manager.go:99","msg":"SSE enabled, getting SSE connection"}
{"level":"debug","time":"2026-06-10T18:19:46.653+0530","caller":"archivemanager/setup.go:339","msg":"digestMap: map[]"}
{"level":"debug","time":"2026-06-10T18:19:46.654+0530","caller":"archivemanager/setup.go:345","msg":"Creating archive of target directory: C:\\PW102\\HyperExecute-Playwright-Vanilla-Javascript-main"}
{"level":"debug","time":"2026-06-10T18:19:48.226+0530","caller":"core/lifecycle.go:693","msg":"Zip file size: 11.48 MB"}
{"level":"debug","time":"2026-06-10T18:19:48.227+0530","caller":"core/lifecycle.go:703","msg":"Archive location: C:\\PW102\\HyperExecute-Playwright-Vanilla-Javascript-main\\hyperexecute-code-3d82888c-6bb1-4770-9ed7-8a84ee8bbbb1.zip\n"}
{"level":"debug","time":"2026-06-10T18:19:48.254+0530","caller":"storage/azure.go:60","msg":"Payload size: 11.48 MB, source path C:\\PW102\\HyperExecute-Playwright-Vanilla-Javascript-main\\hyperexecute-code-3d82888c-6bb1-4770-9ed7-8a84ee8bbbb1.zip"}
{"level":"debug","time":"2026-06-10T18:19:56.427+0530","caller":"storage/azure.go:84","msg":"Azcopy output: \n\r0.0 %, 0 Done, 0 Failed, 1 Pending, 0 Skipped, 1 Total, 2-sec Throughput (Mb/s): 45.9307\r27.0 %, 0 Done, 0 Failed, 1 Pending, 0 Skipped, 1 Total,                                \r100.0 %, 1 Done, 0 Failed, 0 Pending, 0 Skipped, 1 Total, \nTotal time taken to upload(min) :0.1\n, stderr: "}
{"level":"info","time":"2026-06-10T18:19:56.427+0530","caller":"storage/azure.go:123","msg":"File: C:\\PW102\\HyperExecute-Playwright-Vanilla-Javascript-main\\hyperexecute-code-3d82888c-6bb1-4770-9ed7-8a84ee8bbbb1.zip upload completed in 8.2003614s"}
{"level":"debug","time":"2026-06-10T18:19:56.428+0530","caller":"receptionmanager/setup.go:274","msg":"number of entries in runtimes: 0, switching to new yaml format"}
{"level":"debug","time":"2026-06-10T18:19:56.429+0530","caller":"receptionmanager/setup.go:313","msg":"only one partialreports entry detected, mapping it to older yaml format"}
{"level":"debug","time":"2026-06-10T18:19:56.431+0530","caller":"receptionmanager/setup.go:188","msg":"Uploading yaml : C:\\PW102\\HyperExecute-Playwright-Vanilla-Javascript-main\\.updatedhyperexecute.yaml"}
{"level":"debug","time":"2026-06-10T18:19:56.459+0530","caller":"storage/azure.go:60","msg":"Payload size: 4.72 kB, source path C:\\PW102\\HyperExecute-Playwright-Vanilla-Javascript-main\\.updatedhyperexecute.yaml"}
{"level":"debug","time":"2026-06-10T18:20:00.547+0530","caller":"storage/azure.go:84","msg":"Azcopy output: \n\r100.0 %, 1 Done, 0 Failed, 0 Pending, 0 Skipped, 1 Total, 2-sec Throughput (Mb/s): 0.0189\nTotal time taken to upload(min) :0.0333\n, stderr: "}
{"level":"info","time":"2026-06-10T18:20:00.556+0530","caller":"storage/azure.go:123","msg":"File: C:\\PW102\\HyperExecute-Playwright-Vanilla-Javascript-main\\.updatedhyperexecute.yaml upload completed in 4.124574s"}
{"level":"debug","time":"2026-06-10T18:20:00.559+0530","caller":"core/lifecycle.go:730","msg":"Successfully deleted code archive: C:\\PW102\\HyperExecute-Playwright-Vanilla-Javascript-main\\hyperexecute-code-3d82888c-6bb1-4770-9ed7-8a84ee8bbbb1.zip\n"}
{"level":"debug","time":"2026-06-10T18:20:00.565+0530","caller":"storage/azure.go:60","msg":"Payload size: 818 B, source path yaml\\win11\\mask-3d82888c-6bb1-4770-9ed7-8a84ee8bbbb1.yaml"}
{"level":"debug","time":"2026-06-10T18:20:04.660+0530","caller":"storage/azure.go:84","msg":"Azcopy output: \n\r100.0 %, 1 Done, 0 Failed, 0 Pending, 0 Skipped, 1 Total, 2-sec Throughput (Mb/s): 0.0033\nTotal time taken to upload(min) :0.0333\n, stderr: "}
{"level":"info","time":"2026-06-10T18:20:04.660+0530","caller":"storage/azure.go:123","msg":"File: yaml\\win11\\mask-3d82888c-6bb1-4770-9ed7-8a84ee8bbbb1.yaml upload completed in 4.0990269s"}
{"level":"debug","time":"2026-06-10T18:20:16.652+0530","caller":"events/manager.go:356","msg":"No new messages received from SSE for jobID: 3d82888c-6bb1-4770-9ed7-8a84ee8bbbb1. Fetching from APIs"}
{"level":"info","time":"2026-06-10T18:20:17.350+0530","caller":"jobmanager/sse_setup.go:84","msg":"\nJob 3d82888c-6bb1-4770-9ed7-8a84ee8bbbb1 has started RUNNING"}
{"level":"info","time":"2026-06-10T18:20:17.350+0530","caller":"jobmanager/manager.go:138","msg":"Job Link: https://hyperexecute.lambdatest.com/hyperexecute/task?jobId=3d82888c-6bb1-4770-9ed7-8a84ee8bbbb1\n"}
{"level":"info","time":"2026-06-10T18:20:18.041+0530","caller":"terminal/terminal.go:187","msg":"✔ [1]  cache-download (1s)\n"}
{"level":"info","time":"2026-06-10T18:20:18.042+0530","caller":"terminal/terminal.go:187","msg":"✔ [2]  cache-download (1s)\n"}
{"level":"debug","time":"2026-06-10T18:20:48.040+0530","caller":"events/manager.go:356","msg":"No new messages received from SSE for jobID: 3d82888c-6bb1-4770-9ed7-8a84ee8bbbb1. Fetching from APIs"}
{"level":"debug","time":"2026-06-10T18:21:19.677+0530","caller":"events/manager.go:356","msg":"No new messages received from SSE for jobID: 3d82888c-6bb1-4770-9ed7-8a84ee8bbbb1. Fetching from APIs"}
{"level":"info","time":"2026-06-10T18:21:21.123+0530","caller":"terminal/terminal.go:187","msg":"✔ [1]  pre (48s)\n"}
{"level":"info","time":"2026-06-10T18:21:21.125+0530","caller":"terminal/terminal.go:187","msg":"✔ [1]  discovery (0s)\n"}
{"level":"info","time":"2026-06-10T18:21:21.127+0530","caller":"terminal/terminal.go:187","msg":"✔ [2]  pre (43s)\n"}
{"level":"info","time":"2026-06-10T18:21:21.129+0530","caller":"terminal/terminal.go:187","msg":"✔ [2]  discovery (1s)\n"}
{"level":"debug","time":"2026-06-10T18:21:51.123+0530","caller":"events/manager.go:356","msg":"No new messages received from SSE for jobID: 3d82888c-6bb1-4770-9ed7-8a84ee8bbbb1. Fetching from APIs"}
{"level":"info","time":"2026-06-10T18:21:52.545+0530","caller":"terminal/terminal.go:187","msg":"✔ [1]  tests/test_1.spec.js (30s)\n"}
{"level":"info","time":"2026-06-10T18:21:52.546+0530","caller":"terminal/terminal.go:187","msg":"✔ [2]  tests/test_2.spec.js (29s)\n"}
{"level":"debug","time":"2026-06-10T18:22:22.544+0530","caller":"events/manager.go:356","msg":"No new messages received from SSE for jobID: 3d82888c-6bb1-4770-9ed7-8a84ee8bbbb1. Fetching from APIs"}
{"level":"debug","time":"2026-06-10T18:22:53.953+0530","caller":"events/manager.go:356","msg":"No new messages received from SSE for jobID: 3d82888c-6bb1-4770-9ed7-8a84ee8bbbb1. Fetching from APIs"}
{"level":"debug","time":"2026-06-10T18:23:25.328+0530","caller":"events/manager.go:356","msg":"No new messages received from SSE for jobID: 3d82888c-6bb1-4770-9ed7-8a84ee8bbbb1. Fetching from APIs"}
{"level":"debug","time":"2026-06-10T18:23:43.610+0530","caller":"events/manager.go:279","msg":"SSE connection completed. Reconnecting!!"}
{"level":"debug","time":"2026-06-10T18:23:56.770+0530","caller":"events/manager.go:356","msg":"No new messages received from SSE for jobID: 3d82888c-6bb1-4770-9ed7-8a84ee8bbbb1. Fetching from APIs"}
{"level":"debug","time":"2026-06-10T18:24:28.198+0530","caller":"events/manager.go:356","msg":"No new messages received from SSE for jobID: 3d82888c-6bb1-4770-9ed7-8a84ee8bbbb1. Fetching from APIs"}
{"level":"debug","time":"2026-06-10T18:24:59.669+0530","caller":"events/manager.go:356","msg":"No new messages received from SSE for jobID: 3d82888c-6bb1-4770-9ed7-8a84ee8bbbb1. Fetching from APIs"}
{"level":"debug","time":"2026-06-10T18:25:31.026+0530","caller":"events/manager.go:356","msg":"No new messages received from SSE for jobID: 3d82888c-6bb1-4770-9ed7-8a84ee8bbbb1. Fetching from APIs"}
{"level":"debug","time":"2026-06-10T18:25:50.223+0530","caller":"events/manager.go:279","msg":"SSE connection completed. Reconnecting!!"}
{"level":"debug","time":"2026-06-10T18:26:02.454+0530","caller":"events/manager.go:356","msg":"No new messages received from SSE for jobID: 3d82888c-6bb1-4770-9ed7-8a84ee8bbbb1. Fetching from APIs"}
{"level":"debug","time":"2026-06-10T18:26:32.585+0530","caller":"cmd/bin.go:369","msg":"main: received C-c - attempting graceful shutdown ...."}
{"level":"debug","time":"2026-06-10T18:26:32.585+0530","caller":"cmd/bin.go:370","msg":"Sending abort job signal to sentinel"}
{"level":"debug","time":"2026-06-10T18:26:32.585+0530","caller":"cmd/bin.go:376","msg":"Sending request to abort job"}
{"level":"debug","time":"2026-06-10T18:26:33.892+0530","caller":"events/manager.go:356","msg":"No new messages received from SSE for jobID: 3d82888c-6bb1-4770-9ed7-8a84ee8bbbb1. Fetching from APIs"}
{"level":"debug","time":"2026-06-10T18:26:34.448+0530","caller":"cmd/bin.go:385","msg":"main: telling goroutines to stop"}
{"level":"debug","time":"2026-06-10T18:26:34.448+0530","caller":"events/manager.go:359","msg":"Error polling job status from API during fallback: Get \"https://api-hyperexecute.lambdatest.com/sentinel/v1.0/job/3d82888c-6bb1-4770-9ed7-8a84ee8bbbb1\": GET https://api-hyperexecute.lambdatest.com/sentinel/v1.0/job/3d82888c-6bb1-4770-9ed7-8a84ee8bbbb1 giving up after 1 attempt(s): context canceled"}
{"level":"debug","time":"2026-06-10T18:26:34.448+0530","caller":"events/manager.go:367","msg":"Error polling stage updates from API during fallback: Get \"https://api-hyperexecute.lambdatest.com/sentinel/v1.0/stage/3d82888c-6bb1-4770-9ed7-8a84ee8bbbb1/job\": GET https://api-hyperexecute.lambdatest.com/sentinel/v1.0/stage/3d82888c-6bb1-4770-9ed7-8a84ee8bbbb1/job giving up after 1 attempt(s): context canceled"}
{"level":"info","time":"2026-06-10T18:26:34.448+0530","caller":"events/manager.go:338","msg":"context done and stopping SSE"}
{"level":"debug","time":"2026-06-10T18:26:34.448+0530","caller":"events/manager.go:256","msg":"Stopping event manager"}
{"level":"error","time":"2026-06-10T18:27:34.449+0530","caller":"cmd/bin.go:392","msg":"2026-06-10T18:19:36+05:30    error    ERR::TIME::OUT     Time Exceeded.    Graceful timeout exceeded. Brutally killing the application"}
{"level":"debug","time":"2026-06-10T18:29:04.841+0530","caller":"cmd/bin.go:145","msg":"cli os: windows, cli arch: amd64"}
{"level":"debug","time":"2026-06-10T18:29:05.667+0530","caller":"cmd/bin.go:154","msg":"Upstream version details: {Name:cli Min:0.2.265 Max:0.2.343} "}
{"level":"info","time":"2026-06-10T18:29:05.667+0530","caller":"cmd/bin.go:202","msg":"Generating TraceID for tracking request: 01KTRSTT8DFZ78PGS77HVSRAR8 \n"}
{"level":"warn","time":"2026-06-10T18:29:05.673+0530","caller":"globalconfigvalidator/setup.go:45","msg":"Found user credentials in env and cli flag both, credentials in env will be ignored"}
{"level":"warn","time":"2026-06-10T18:29:05.675+0530","caller":"globalconfigvalidator/setup.go:50","msg":"Found key credentials in env and cli flag both, credentials in env will be ignored"}
{"level":"debug","time":"2026-06-10T18:29:09.593+0530","caller":"core/lifecycle.go:123","msg":"Setting environment"}
{"level":"debug","time":"2026-06-10T18:29:09.594+0530","caller":"core/lifecycle.go:126","msg":"Parsing config"}
{"level":"debug","time":"2026-06-10T18:29:09.594+0530","caller":"yamlconfigmanager/setup.go:725","msg":"Custom location for .hyperexecute.yaml specified. Using: ./yaml/win11/.hyperexecute_autosplit.yaml"}
{"level":"debug","time":"2026-06-10T18:29:09.594+0530","caller":"yamlconfigmanager/setup.go:117","msg":"using hyperexecute config from : ./yaml/win11/.hyperexecute_autosplit.yaml"}
{"level":"debug","time":"2026-06-10T18:29:11.614+0530","caller":"yamlconfigmanager/setup.go:2153","msg":"Autodetecting test type in files of path : C:\\PW102\\HyperExecute-Playwright-Vanilla-Javascript-main"}
{"level":"debug","time":"2026-06-10T18:29:11.617+0530","caller":"yamlconfigmanager/setup.go:2195","msg":"File in which test type is detected - C:\\PW102\\HyperExecute-Playwright-Vanilla-Javascript-main/package.json"}
{"level":"debug","time":"2026-06-10T18:29:11.617+0530","caller":"yamlconfigmanager/setup.go:2196","msg":"Pre command in which test type is detected - npx playwright install"}
{"level":"debug","time":"2026-06-10T18:29:11.617+0530","caller":"yamlconfigmanager/setup.go:515","msg":"Automatic test type detected - playwright"}
{"level":"debug","time":"2026-06-10T18:29:11.617+0530","caller":"yamlconfigmanager/setup.go:547","msg":"Tunnel: false"}
{"level":"info","time":"2026-06-10T18:29:11.617+0530","caller":"models/HypertestYamlConfig.go:974","msg":"\n\u001b[4m\u001b[1m\u001b[97mExecution Plan\u001b[0m\u001b[22m\u001b[24m"}
{"level":"info","time":"2026-06-10T18:29:11.618+0530","caller":"models/HypertestYamlConfig.go:775","msg":"Mode:    \u001b[36mautosplit\u001b[0m"}
{"level":"info","time":"2026-06-10T18:29:11.618+0530","caller":"models/HypertestYamlConfig.go:835","msg":"Runson:    \u001b[36mwin11\u001b[0m"}
{"level":"info","time":"2026-06-10T18:29:11.618+0530","caller":"models/HypertestYamlConfig.go:843","msg":"Concurrency:    \u001b[36m2\u001b[0m"}
{"level":"info","time":"2026-06-10T18:29:11.618+0530","caller":"models/HypertestYamlConfig.go:907","msg":"Report:    \u001b[36menabled\u001b[0m"}
{"level":"info","time":"2026-06-10T18:29:11.618+0530","caller":"models/HypertestYamlConfig.go:921","msg":"Artefacts:"}
{"level":"info","time":"2026-06-10T18:29:11.619+0530","caller":"models/HypertestYamlConfig.go:924","msg":"    Executed-Job-Artifacts:    \u001b[36msrc/test/index.html\u001b[0m"}
{"level":"info","time":"2026-06-10T18:29:11.619+0530","caller":"models/HypertestYamlConfig.go:924","msg":"    My-Job-Artifacts:    \u001b[36msrc/collect/info.html\u001b[0m"}
{"level":"info","time":"2026-06-10T18:29:11.619+0530","caller":"models/HypertestYamlConfig.go:939","msg":"Cache Directories:"}
{"level":"info","time":"2026-06-10T18:29:11.619+0530","caller":"models/HypertestYamlConfig.go:941","msg":"    \u001b[36mnode_modules\u001b[0m"}
{"level":"info","time":"2026-06-10T18:29:11.619+0530","caller":"models/HypertestYamlConfig.go:987","msg":""}
{"level":"debug","time":"2026-06-10T18:29:11.620+0530","caller":"filevalidator/setup.go:49","msg":"Warning: Checking data.json file in current directory, no dataJsonPath found in .hyperexecute.yaml"}
{"level":"debug","time":"2026-06-10T18:29:11.620+0530","caller":"filevalidator/setup.go:53","msg":"Warning: data.json file doesn't exist"}
{"level":"info","time":"2026-06-10T18:29:14.854+0530","caller":"core/lifecycle.go:457","msg":"\u001b[102m\u001b[1m\u001b[30mYou've consumed 14.67 % of your limit. Free trial mins left - 256.00\u001b[0m\u001b[22m\u001b[0m"}
{"level":"debug","time":"2026-06-10T18:29:14.856+0530","caller":"core/lifecycle.go:536","msg":"Job ID: 0cb77e9a-7955-48cc-a883-73b63b877bb7"}
{"level":"debug","time":"2026-06-10T18:29:14.856+0530","caller":"core/lifecycle.go:539","msg":"User - musharrafali17696, triggered job with ID 0cb77e9a-7955-48cc-a883-73b63b877bb7 from CLI"}
{"level":"debug","time":"2026-06-10T18:29:14.856+0530","caller":"events/manager.go:97","msg":"Starting event manager"}
{"level":"debug","time":"2026-06-10T18:29:14.856+0530","caller":"core/lifecycle.go:542","msg":"User has provided playwright as test type for the job with ID 0cb77e9a-7955-48cc-a883-73b63b877bb7"}
{"level":"debug","time":"2026-06-10T18:29:14.856+0530","caller":"events/manager.go:99","msg":"SSE enabled, getting SSE connection"}
{"level":"debug","time":"2026-06-10T18:29:14.860+0530","caller":"archivemanager/setup.go:339","msg":"digestMap: map[]"}
{"level":"debug","time":"2026-06-10T18:29:14.860+0530","caller":"archivemanager/setup.go:345","msg":"Creating archive of target directory: C:\\PW102\\HyperExecute-Playwright-Vanilla-Javascript-main"}
{"level":"debug","time":"2026-06-10T18:29:17.161+0530","caller":"core/lifecycle.go:693","msg":"Zip file size: 11.48 MB"}
{"level":"debug","time":"2026-06-10T18:29:17.161+0530","caller":"core/lifecycle.go:703","msg":"Archive location: C:\\PW102\\HyperExecute-Playwright-Vanilla-Javascript-main\\hyperexecute-code-0cb77e9a-7955-48cc-a883-73b63b877bb7.zip\n"}
{"level":"debug","time":"2026-06-10T18:29:17.201+0530","caller":"storage/azure.go:60","msg":"Payload size: 11.48 MB, source path C:\\PW102\\HyperExecute-Playwright-Vanilla-Javascript-main\\hyperexecute-code-0cb77e9a-7955-48cc-a883-73b63b877bb7.zip"}
{"level":"debug","time":"2026-06-10T18:29:26.207+0530","caller":"storage/azure.go:84","msg":"Azcopy output: \n\r0.0 %, 0 Done, 0 Failed, 1 Pending, 0 Skipped, 1 Total, 2-sec Throughput (Mb/s): 38.5344\r27.0 %, 0 Done, 0 Failed, 1 Pending, 0 Skipped, 1 Total, 2-sec Throughput (Mb/s): 7.3373\r100.0 %, 1 Done, 0 Failed, 0 Pending, 0 Skipped, 1 Total,                               \nTotal time taken to upload(min) :0.1001\n, stderr: "}
{"level":"info","time":"2026-06-10T18:29:26.207+0530","caller":"storage/azure.go:123","msg":"File: C:\\PW102\\HyperExecute-Playwright-Vanilla-Javascript-main\\hyperexecute-code-0cb77e9a-7955-48cc-a883-73b63b877bb7.zip upload completed in 9.0446731s"}
{"level":"debug","time":"2026-06-10T18:29:26.208+0530","caller":"receptionmanager/setup.go:274","msg":"number of entries in runtimes: 0, switching to new yaml format"}
{"level":"debug","time":"2026-06-10T18:29:26.209+0530","caller":"receptionmanager/setup.go:313","msg":"only one partialreports entry detected, mapping it to older yaml format"}
{"level":"debug","time":"2026-06-10T18:29:26.213+0530","caller":"receptionmanager/setup.go:188","msg":"Uploading yaml : C:\\PW102\\HyperExecute-Playwright-Vanilla-Javascript-main\\.updatedhyperexecute.yaml"}
{"level":"debug","time":"2026-06-10T18:29:26.263+0530","caller":"storage/azure.go:60","msg":"Payload size: 4.72 kB, source path C:\\PW102\\HyperExecute-Playwright-Vanilla-Javascript-main\\.updatedhyperexecute.yaml"}
{"level":"debug","time":"2026-06-10T18:29:31.614+0530","caller":"storage/azure.go:84","msg":"Azcopy output: \n\r100.0 %, 1 Done, 0 Failed, 0 Pending, 0 Skipped, 1 Total, 2-sec Throughput (Mb/s): 0.0189\nTotal time taken to upload(min) :0.0333\n, stderr: "}
{"level":"info","time":"2026-06-10T18:29:31.615+0530","caller":"storage/azure.go:123","msg":"File: C:\\PW102\\HyperExecute-Playwright-Vanilla-Javascript-main\\.updatedhyperexecute.yaml upload completed in 5.4025431s"}
{"level":"debug","time":"2026-06-10T18:29:31.624+0530","caller":"core/lifecycle.go:730","msg":"Successfully deleted code archive: C:\\PW102\\HyperExecute-Playwright-Vanilla-Javascript-main\\hyperexecute-code-0cb77e9a-7955-48cc-a883-73b63b877bb7.zip\n"}
{"level":"debug","time":"2026-06-10T18:29:31.635+0530","caller":"storage/azure.go:60","msg":"Payload size: 818 B, source path yaml\\win11\\mask-0cb77e9a-7955-48cc-a883-73b63b877bb7.yaml"}
{"level":"debug","time":"2026-06-10T18:29:36.728+0530","caller":"storage/azure.go:84","msg":"Azcopy output: \n\r100.0 %, 1 Done, 0 Failed, 0 Pending, 0 Skipped, 1 Total, 2-sec Throughput (Mb/s): 0.0033\nTotal time taken to upload(min) :0.0333\n, stderr: "}
{"level":"info","time":"2026-06-10T18:29:36.728+0530","caller":"storage/azure.go:123","msg":"File: yaml\\win11\\mask-0cb77e9a-7955-48cc-a883-73b63b877bb7.yaml upload completed in 5.0984977s"}
{"level":"debug","time":"2026-06-10T18:29:44.858+0530","caller":"events/manager.go:356","msg":"No new messages received from SSE for jobID: 0cb77e9a-7955-48cc-a883-73b63b877bb7. Fetching from APIs"}
{"level":"info","time":"2026-06-10T18:29:45.661+0530","caller":"jobmanager/sse_setup.go:84","msg":"\nJob 0cb77e9a-7955-48cc-a883-73b63b877bb7 has started RUNNING"}
{"level":"info","time":"2026-06-10T18:29:45.662+0530","caller":"jobmanager/manager.go:138","msg":"Job Link: https://hyperexecute.lambdatest.com/hyperexecute/task?jobId=0cb77e9a-7955-48cc-a883-73b63b877bb7\n"}
{"level":"info","time":"2026-06-10T18:29:46.347+0530","caller":"terminal/terminal.go:187","msg":"✔ [1]  cache-download (1s)\n"}
{"level":"info","time":"2026-06-10T18:29:46.350+0530","caller":"terminal/terminal.go:187","msg":"✔ [2]  cache-download (1s)\n"}
{"level":"debug","time":"2026-06-10T18:30:16.348+0530","caller":"events/manager.go:356","msg":"No new messages received from SSE for jobID: 0cb77e9a-7955-48cc-a883-73b63b877bb7. Fetching from APIs"}
{"level":"debug","time":"2026-06-10T18:30:47.822+0530","caller":"events/manager.go:356","msg":"No new messages received from SSE for jobID: 0cb77e9a-7955-48cc-a883-73b63b877bb7. Fetching from APIs"}
{"level":"info","time":"2026-06-10T18:30:49.383+0530","caller":"terminal/terminal.go:187","msg":"✔ [1]  pre (42s)\n"}
{"level":"info","time":"2026-06-10T18:30:49.386+0530","caller":"terminal/terminal.go:187","msg":"✔ [1]  discovery (0s)\n"}
{"level":"info","time":"2026-06-10T18:30:49.388+0530","caller":"terminal/terminal.go:187","msg":"✔ [2]  pre (43s)\n"}
{"level":"info","time":"2026-06-10T18:30:49.390+0530","caller":"terminal/terminal.go:187","msg":"✔ [2]  discovery (1s)\n"}
{"level":"debug","time":"2026-06-10T18:31:19.382+0530","caller":"events/manager.go:356","msg":"No new messages received from SSE for jobID: 0cb77e9a-7955-48cc-a883-73b63b877bb7. Fetching from APIs"}
{"level":"info","time":"2026-06-10T18:31:20.896+0530","caller":"terminal/terminal.go:187","msg":"✔ [1]  tests/test_1.spec.js (32s)\n"}
{"level":"info","time":"2026-06-10T18:31:20.898+0530","caller":"terminal/terminal.go:187","msg":"✔ [1]  tests/test_3.spec.js (11s)\n"}
{"level":"info","time":"2026-06-10T18:31:20.900+0530","caller":"terminal/terminal.go:187","msg":"✔ [2]  tests/test_2.spec.js (30s)\n"}
{"level":"debug","time":"2026-06-10T18:31:50.895+0530","caller":"events/manager.go:356","msg":"No new messages received from SSE for jobID: 0cb77e9a-7955-48cc-a883-73b63b877bb7. Fetching from APIs"}
{"level":"debug","time":"2026-06-10T18:32:22.405+0530","caller":"events/manager.go:356","msg":"No new messages received from SSE for jobID: 0cb77e9a-7955-48cc-a883-73b63b877bb7. Fetching from APIs"}
{"level":"debug","time":"2026-06-10T18:32:23.978+0530","caller":"jobmanager/sse_setup.go:134","msg":"\n\nJob status"}
{"level":"info","time":"2026-06-10T18:32:24.673+0530","caller":"jobmanager/JobSummaryManager.go:54","msg":"\n PARTIALLY COMPLETED \n"}
{"level":"info","time":"2026-06-10T18:32:24.673+0530","caller":"jobmanager/JobSummaryManager.go:113","msg":"    Test Execution Time:                  21s"}
{"level":"info","time":"2026-06-10T18:32:24.673+0530","caller":"jobmanager/JobSummaryManager.go:113","msg":"    Job Duration Time:                    2m12s"}
{"level":"info","time":"2026-06-10T18:32:24.674+0530","caller":"jobmanager/JobSummaryManager.go:113","msg":"    Total Tasks:                          2"}
{"level":"info","time":"2026-06-10T18:32:24.674+0530","caller":"jobmanager/JobSummaryManager.go:113","msg":"    Cumulative Time Consumed:             3m39s"}
{"level":"info","time":"2026-06-10T18:32:24.674+0530","caller":"jobmanager/JobSummaryManager.go:113","msg":"    Total Stages:                         7"}
{"level":"info","time":"2026-06-10T18:32:24.674+0530","caller":"jobmanager/JobSummaryManager.go:113","msg":"    Pass discovery stage percentage:      100.00%"}
{"level":"info","time":"2026-06-10T18:32:24.674+0530","caller":"jobmanager/JobSummaryManager.go:113","msg":"    Failed discovery stage percentage:    0.00%"}
{"level":"info","time":"2026-06-10T18:32:24.674+0530","caller":"jobmanager/JobSummaryManager.go:113","msg":"    Pass pre stage percentage:            100.00%"}
{"level":"info","time":"2026-06-10T18:32:24.675+0530","caller":"jobmanager/JobSummaryManager.go:113","msg":"    Failed pre stage percentage:          0.00%"}
{"level":"info","time":"2026-06-10T18:32:24.675+0530","caller":"jobmanager/JobSummaryManager.go:113","msg":"    Pass test stage percentage:           100.00%"}
{"level":"info","time":"2026-06-10T18:32:24.675+0530","caller":"jobmanager/JobSummaryManager.go:113","msg":"    Failed test stage percentage:         0.00%"}
{"level":"info","time":"2026-06-10T18:32:24.676+0530","caller":"jobmanager/JobSummaryManager.go:113","msg":"    Pass post stage percentage:           0.00%"}
{"level":"info","time":"2026-06-10T18:32:24.676+0530","caller":"jobmanager/JobSummaryManager.go:113","msg":"    Failed post stage percentage:         0.00%"}
{"level":"info","time":"2026-06-10T18:32:24.676+0530","caller":"jobmanager/JobSummaryManager.go:113","msg":"    Failed Tasks:                         0"}
{"level":"info","time":"2026-06-10T18:32:24.676+0530","caller":"jobmanager/JobSummaryManager.go:58","msg":""}
{"level":"debug","time":"2026-06-10T18:32:24.679+0530","caller":"core/lifecycle.go:933","msg":"Context canceled"}
{"level":"info","time":"2026-06-10T18:32:24.679+0530","caller":"events/manager.go:338","msg":"context done and stopping SSE"}
{"level":"debug","time":"2026-06-10T18:32:24.682+0530","caller":"events/manager.go:256","msg":"Stopping event manager"}
{"level":"info","time":"2026-06-10T18:32:24.679+0530","caller":"core/lifecycle.go:936","msg":"Stopping pipeline gracefully"}
{"level":"info","time":"2026-06-10T18:32:24.682+0530","caller":"jobmanager/manager.go:138","msg":"Job Link: https://hyperexecute.lambdatest.com/hyperexecute/task?jobId=0cb77e9a-7955-48cc-a883-73b63b877bb7\n"}
{"level":"debug","time":"2026-06-10T18:32:24.682+0530","caller":"core/lifecycle.go:75","msg":"Quit requested from main goroutine...."}
{"level":"debug","time":"2026-06-10T18:32:24.682+0530","caller":"core/lifecycle.go:76","msg":"Waiting for the goroutines to exit"}
{"level":"debug","time":"2026-06-10T18:32:24.682+0530","caller":"core/lifecycle.go:79","msg":"All lifecycle goroutines exited"}
{"level":"debug","time":"2026-06-10T18:32:24.682+0530","caller":"cmd/bin.go:361","msg":"main: all goroutines have finished."}
{"level":"debug","time":"2026-06-10T18:59:41.775+0530","caller":"cmd/bin.go:145","msg":"cli os: windows, cli arch: amd64"}
{"level":"debug","time":"2026-06-10T18:59:42.483+0530","caller":"cmd/bin.go:154","msg":"Upstream version details: {Name:cli Min:0.2.265 Max:0.2.343} "}
{"level":"info","time":"2026-06-10T18:59:42.483+0530","caller":"cmd/bin.go:202","msg":"Generating TraceID for tracking request: 01KTRVJW8NSB678DGYCERPVJS9 \n"}
{"level":"warn","time":"2026-06-10T18:59:42.516+0530","caller":"globalconfigvalidator/setup.go:45","msg":"Found user credentials in env and cli flag both, credentials in env will be ignored"}
{"level":"warn","time":"2026-06-10T18:59:42.517+0530","caller":"globalconfigvalidator/setup.go:50","msg":"Found key credentials in env and cli flag both, credentials in env will be ignored"}
{"level":"debug","time":"2026-06-10T18:59:46.695+0530","caller":"core/lifecycle.go:123","msg":"Setting environment"}
{"level":"debug","time":"2026-06-10T18:59:46.695+0530","caller":"core/lifecycle.go:126","msg":"Parsing config"}
{"level":"debug","time":"2026-06-10T18:59:46.695+0530","caller":"yamlconfigmanager/setup.go:725","msg":"Custom location for .hyperexecute.yaml specified. Using: ./yaml/win11/.hyperexecute_autosplit.yaml"}
{"level":"debug","time":"2026-06-10T18:59:46.696+0530","caller":"yamlconfigmanager/setup.go:117","msg":"using hyperexecute config from : ./yaml/win11/.hyperexecute_autosplit.yaml"}
{"level":"debug","time":"2026-06-10T18:59:48.583+0530","caller":"yamlconfigmanager/setup.go:2153","msg":"Autodetecting test type in files of path : C:\\PW102\\HyperExecute-Playwright-Vanilla-Javascript-main"}
{"level":"debug","time":"2026-06-10T18:59:48.627+0530","caller":"yamlconfigmanager/setup.go:2195","msg":"File in which test type is detected - C:\\PW102\\HyperExecute-Playwright-Vanilla-Javascript-main/package.json"}
{"level":"debug","time":"2026-06-10T18:59:48.627+0530","caller":"yamlconfigmanager/setup.go:2196","msg":"Pre command in which test type is detected - npx playwright install"}
{"level":"debug","time":"2026-06-10T18:59:48.628+0530","caller":"yamlconfigmanager/setup.go:515","msg":"Automatic test type detected - playwright"}
{"level":"debug","time":"2026-06-10T18:59:48.628+0530","caller":"yamlconfigmanager/setup.go:547","msg":"Tunnel: false"}
{"level":"info","time":"2026-06-10T18:59:48.628+0530","caller":"models/HypertestYamlConfig.go:974","msg":"\n\u001b[4m\u001b[1m\u001b[97mExecution Plan\u001b[0m\u001b[22m\u001b[24m"}
{"level":"info","time":"2026-06-10T18:59:48.628+0530","caller":"models/HypertestYamlConfig.go:775","msg":"Mode:    \u001b[36mautosplit\u001b[0m"}
{"level":"info","time":"2026-06-10T18:59:48.629+0530","caller":"models/HypertestYamlConfig.go:835","msg":"Runson:    \u001b[36mwin11\u001b[0m"}
{"level":"info","time":"2026-06-10T18:59:48.629+0530","caller":"models/HypertestYamlConfig.go:843","msg":"Concurrency:    \u001b[36m1\u001b[0m"}
{"level":"info","time":"2026-06-10T18:59:48.629+0530","caller":"models/HypertestYamlConfig.go:907","msg":"Report:    \u001b[36menabled\u001b[0m"}
{"level":"info","time":"2026-06-10T18:59:48.629+0530","caller":"models/HypertestYamlConfig.go:921","msg":"Artefacts:"}
{"level":"info","time":"2026-06-10T18:59:48.629+0530","caller":"models/HypertestYamlConfig.go:924","msg":"    Executed-Job-Artifacts:    \u001b[36msrc/test/index.html\u001b[0m"}
{"level":"info","time":"2026-06-10T18:59:48.630+0530","caller":"models/HypertestYamlConfig.go:924","msg":"    My-Job-Artifacts:    \u001b[36msrc/collect/info.html\u001b[0m"}
{"level":"info","time":"2026-06-10T18:59:48.630+0530","caller":"models/HypertestYamlConfig.go:939","msg":"Cache Directories:"}
{"level":"info","time":"2026-06-10T18:59:48.630+0530","caller":"models/HypertestYamlConfig.go:941","msg":"    \u001b[36mnode_modules\u001b[0m"}
{"level":"info","time":"2026-06-10T18:59:48.630+0530","caller":"models/HypertestYamlConfig.go:987","msg":""}
{"level":"debug","time":"2026-06-10T18:59:48.630+0530","caller":"filevalidator/setup.go:49","msg":"Warning: Checking data.json file in current directory, no dataJsonPath found in .hyperexecute.yaml"}
{"level":"debug","time":"2026-06-10T18:59:48.631+0530","caller":"filevalidator/setup.go:53","msg":"Warning: data.json file doesn't exist"}
{"level":"info","time":"2026-06-10T18:59:51.772+0530","caller":"core/lifecycle.go:457","msg":"\u001b[102m\u001b[1m\u001b[30mYou've consumed 16.00 % of your limit. Free trial mins left - 252.00\u001b[0m\u001b[22m\u001b[0m"}
{"level":"debug","time":"2026-06-10T18:59:51.772+0530","caller":"core/lifecycle.go:536","msg":"Job ID: bac5527b-36ed-4c41-ae76-6a7cc3e0eb06"}
{"level":"debug","time":"2026-06-10T18:59:51.772+0530","caller":"core/lifecycle.go:539","msg":"User - musharrafali17696, triggered job with ID bac5527b-36ed-4c41-ae76-6a7cc3e0eb06 from CLI"}
{"level":"debug","time":"2026-06-10T18:59:51.772+0530","caller":"core/lifecycle.go:542","msg":"User has provided playwright as test type for the job with ID bac5527b-36ed-4c41-ae76-6a7cc3e0eb06"}
{"level":"debug","time":"2026-06-10T18:59:51.772+0530","caller":"events/manager.go:97","msg":"Starting event manager"}
{"level":"debug","time":"2026-06-10T18:59:51.773+0530","caller":"events/manager.go:99","msg":"SSE enabled, getting SSE connection"}
{"level":"debug","time":"2026-06-10T18:59:51.775+0530","caller":"archivemanager/setup.go:339","msg":"digestMap: map[]"}
{"level":"debug","time":"2026-06-10T18:59:51.775+0530","caller":"archivemanager/setup.go:345","msg":"Creating archive of target directory: C:\\PW102\\HyperExecute-Playwright-Vanilla-Javascript-main"}
{"level":"debug","time":"2026-06-10T18:59:54.615+0530","caller":"core/lifecycle.go:693","msg":"Zip file size: 11.48 MB"}
{"level":"debug","time":"2026-06-10T18:59:54.616+0530","caller":"core/lifecycle.go:703","msg":"Archive location: C:\\PW102\\HyperExecute-Playwright-Vanilla-Javascript-main\\hyperexecute-code-bac5527b-36ed-4c41-ae76-6a7cc3e0eb06.zip\n"}
{"level":"debug","time":"2026-06-10T18:59:54.644+0530","caller":"storage/azure.go:60","msg":"Payload size: 11.48 MB, source path C:\\PW102\\HyperExecute-Playwright-Vanilla-Javascript-main\\hyperexecute-code-bac5527b-36ed-4c41-ae76-6a7cc3e0eb06.zip"}
{"level":"debug","time":"2026-06-10T19:00:03.088+0530","caller":"storage/azure.go:84","msg":"Azcopy output: \n\r0.0 %, 0 Done, 0 Failed, 1 Pending, 0 Skipped, 1 Total, 2-sec Throughput (Mb/s): 45.9312\r27.0 %, 0 Done, 0 Failed, 1 Pending, 0 Skipped, 1 Total,                                \r100.0 %, 1 Done, 0 Failed, 0 Pending, 0 Skipped, 1 Total, \nTotal time taken to upload(min) :0.1\n, stderr: "}
{"level":"info","time":"2026-06-10T19:00:03.088+0530","caller":"storage/azure.go:123","msg":"File: C:\\PW102\\HyperExecute-Playwright-Vanilla-Javascript-main\\hyperexecute-code-bac5527b-36ed-4c41-ae76-6a7cc3e0eb06.zip upload completed in 8.4729403s"}
{"level":"debug","time":"2026-06-10T19:00:03.090+0530","caller":"receptionmanager/setup.go:274","msg":"number of entries in runtimes: 0, switching to new yaml format"}
{"level":"debug","time":"2026-06-10T19:00:03.090+0530","caller":"receptionmanager/setup.go:303","msg":"number of entries in partialreports: 0, switching to new yaml format"}
{"level":"debug","time":"2026-06-10T19:00:03.092+0530","caller":"receptionmanager/setup.go:188","msg":"Uploading yaml : C:\\PW102\\HyperExecute-Playwright-Vanilla-Javascript-main\\.updatedhyperexecute.yaml"}
{"level":"debug","time":"2026-06-10T19:00:03.124+0530","caller":"storage/azure.go:60","msg":"Payload size: 4.49 kB, source path C:\\PW102\\HyperExecute-Playwright-Vanilla-Javascript-main\\.updatedhyperexecute.yaml"}
{"level":"debug","time":"2026-06-10T19:00:07.999+0530","caller":"storage/azure.go:84","msg":"Azcopy output: \n\r100.0 %, 1 Done, 0 Failed, 0 Pending, 0 Skipped, 1 Total, 2-sec Throughput (Mb/s): 0.0179\nTotal time taken to upload(min) :0.0333\n, stderr: "}
{"level":"info","time":"2026-06-10T19:00:07.999+0530","caller":"storage/azure.go:123","msg":"File: C:\\PW102\\HyperExecute-Playwright-Vanilla-Javascript-main\\.updatedhyperexecute.yaml upload completed in 4.9070632s"}
{"level":"debug","time":"2026-06-10T19:00:08.002+0530","caller":"core/lifecycle.go:730","msg":"Successfully deleted code archive: C:\\PW102\\HyperExecute-Playwright-Vanilla-Javascript-main\\hyperexecute-code-bac5527b-36ed-4c41-ae76-6a7cc3e0eb06.zip\n"}
{"level":"debug","time":"2026-06-10T19:00:08.035+0530","caller":"storage/azure.go:60","msg":"Payload size: 799 B, source path yaml\\win11\\mask-bac5527b-36ed-4c41-ae76-6a7cc3e0eb06.yaml"}
{"level":"debug","time":"2026-06-10T19:00:12.603+0530","caller":"storage/azure.go:84","msg":"Azcopy output: \n\r100.0 %, 1 Done, 0 Failed, 0 Pending, 0 Skipped, 1 Total, 2-sec Throughput (Mb/s): 0.0032\nTotal time taken to upload(min) :0.0334\n, stderr: "}
{"level":"info","time":"2026-06-10T19:00:12.603+0530","caller":"storage/azure.go:123","msg":"File: yaml\\win11\\mask-bac5527b-36ed-4c41-ae76-6a7cc3e0eb06.yaml upload completed in 4.5960224s"}
{"level":"debug","time":"2026-06-10T19:00:21.773+0530","caller":"events/manager.go:356","msg":"No new messages received from SSE for jobID: bac5527b-36ed-4c41-ae76-6a7cc3e0eb06. Fetching from APIs"}
{"level":"info","time":"2026-06-10T19:00:22.538+0530","caller":"jobmanager/sse_setup.go:84","msg":"\nJob bac5527b-36ed-4c41-ae76-6a7cc3e0eb06 has started RUNNING"}
{"level":"info","time":"2026-06-10T19:00:22.538+0530","caller":"jobmanager/manager.go:138","msg":"Job Link: https://hyperexecute.lambdatest.com/hyperexecute/task?jobId=bac5527b-36ed-4c41-ae76-6a7cc3e0eb06\n"}
{"level":"info","time":"2026-06-10T19:00:23.234+0530","caller":"terminal/terminal.go:187","msg":"✔ [1]  cache-download (1s)\n"}
{"level":"debug","time":"2026-06-10T19:00:53.233+0530","caller":"events/manager.go:356","msg":"No new messages received from SSE for jobID: bac5527b-36ed-4c41-ae76-6a7cc3e0eb06. Fetching from APIs"}
{"level":"debug","time":"2026-06-10T19:01:24.647+0530","caller":"events/manager.go:356","msg":"No new messages received from SSE for jobID: bac5527b-36ed-4c41-ae76-6a7cc3e0eb06. Fetching from APIs"}
{"level":"info","time":"2026-06-10T19:01:26.181+0530","caller":"terminal/terminal.go:187","msg":"✔ [1]  pre (42s)\n"}
{"level":"info","time":"2026-06-10T19:01:26.182+0530","caller":"terminal/terminal.go:187","msg":"✔ [1]  discovery (0s)\n"}
{"level":"debug","time":"2026-06-10T19:01:56.180+0530","caller":"events/manager.go:356","msg":"No new messages received from SSE for jobID: bac5527b-36ed-4c41-ae76-6a7cc3e0eb06. Fetching from APIs"}
{"level":"info","time":"2026-06-10T19:01:57.650+0530","caller":"terminal/terminal.go:187","msg":"✔ [1]  tests/test_1.spec.js (30s)\n"}
{"level":"debug","time":"2026-06-10T19:02:27.649+0530","caller":"events/manager.go:356","msg":"No new messages received from SSE for jobID: bac5527b-36ed-4c41-ae76-6a7cc3e0eb06. Fetching from APIs"}
{"level":"info","time":"2026-06-10T19:02:29.110+0530","caller":"terminal/terminal.go:187","msg":"✔ [1]  tests/test_2.spec.js (30s)\n"}
{"level":"info","time":"2026-06-10T19:02:29.113+0530","caller":"terminal/terminal.go:187","msg":"✔ [1]  tests/test_3.spec.js (12s)\n"}
{"level":"debug","time":"2026-06-10T19:02:59.110+0530","caller":"events/manager.go:356","msg":"No new messages received from SSE for jobID: bac5527b-36ed-4c41-ae76-6a7cc3e0eb06. Fetching from APIs"}
{"level":"debug","time":"2026-06-10T19:03:00.819+0530","caller":"jobmanager/sse_setup.go:134","msg":"\n\nJob status"}
{"level":"info","time":"2026-06-10T19:03:01.523+0530","caller":"jobmanager/JobSummaryManager.go:54","msg":"\n PARTIALLY COMPLETED \n"}
{"level":"info","time":"2026-06-10T19:03:01.523+0530","caller":"jobmanager/JobSummaryManager.go:113","msg":"    Test Execution Time:                  21s"}
{"level":"info","time":"2026-06-10T19:03:01.523+0530","caller":"jobmanager/JobSummaryManager.go:113","msg":"    Job Duration Time:                    2m43s"}
{"level":"info","time":"2026-06-10T19:03:01.524+0530","caller":"jobmanager/JobSummaryManager.go:113","msg":"    Total Tasks:                          1"}
{"level":"info","time":"2026-06-10T19:03:01.524+0530","caller":"jobmanager/JobSummaryManager.go:113","msg":"    Cumulative Time Consumed:             2m43s"}
{"level":"info","time":"2026-06-10T19:03:01.525+0530","caller":"jobmanager/JobSummaryManager.go:113","msg":"    Total Stages:                         5"}
{"level":"info","time":"2026-06-10T19:03:01.525+0530","caller":"jobmanager/JobSummaryManager.go:113","msg":"    Pass discovery stage percentage:      100.00%"}
{"level":"info","time":"2026-06-10T19:03:01.525+0530","caller":"jobmanager/JobSummaryManager.go:113","msg":"    Failed discovery stage percentage:    0.00%"}
{"level":"info","time":"2026-06-10T19:03:01.525+0530","caller":"jobmanager/JobSummaryManager.go:113","msg":"    Pass pre stage percentage:            100.00%"}
{"level":"info","time":"2026-06-10T19:03:01.525+0530","caller":"jobmanager/JobSummaryManager.go:113","msg":"    Failed pre stage percentage:          0.00%"}
{"level":"info","time":"2026-06-10T19:03:01.525+0530","caller":"jobmanager/JobSummaryManager.go:113","msg":"    Pass test stage percentage:           100.00%"}
{"level":"info","time":"2026-06-10T19:03:01.525+0530","caller":"jobmanager/JobSummaryManager.go:113","msg":"    Failed test stage percentage:         0.00%"}
{"level":"info","time":"2026-06-10T19:03:01.526+0530","caller":"jobmanager/JobSummaryManager.go:113","msg":"    Pass post stage percentage:           0.00%"}
{"level":"info","time":"2026-06-10T19:03:01.526+0530","caller":"jobmanager/JobSummaryManager.go:113","msg":"    Failed post stage percentage:         0.00%"}
{"level":"info","time":"2026-06-10T19:03:01.526+0530","caller":"jobmanager/JobSummaryManager.go:113","msg":"    Failed Tasks:                         0"}
{"level":"info","time":"2026-06-10T19:03:01.526+0530","caller":"jobmanager/JobSummaryManager.go:58","msg":""}
{"level":"debug","time":"2026-06-10T19:03:01.528+0530","caller":"core/lifecycle.go:933","msg":"Context canceled"}
{"level":"info","time":"2026-06-10T19:03:01.528+0530","caller":"events/manager.go:338","msg":"context done and stopping SSE"}
{"level":"debug","time":"2026-06-10T19:03:01.529+0530","caller":"events/manager.go:256","msg":"Stopping event manager"}
{"level":"info","time":"2026-06-10T19:03:01.528+0530","caller":"core/lifecycle.go:936","msg":"Stopping pipeline gracefully"}
{"level":"info","time":"2026-06-10T19:03:01.529+0530","caller":"jobmanager/manager.go:138","msg":"Job Link: https://hyperexecute.lambdatest.com/hyperexecute/task?jobId=bac5527b-36ed-4c41-ae76-6a7cc3e0eb06\n"}
{"level":"debug","time":"2026-06-10T19:03:01.530+0530","caller":"core/lifecycle.go:75","msg":"Quit requested from main goroutine...."}
{"level":"debug","time":"2026-06-10T19:03:01.530+0530","caller":"core/lifecycle.go:76","msg":"Waiting for the goroutines to exit"}
{"level":"debug","time":"2026-06-10T19:03:01.530+0530","caller":"core/lifecycle.go:79","msg":"All lifecycle goroutines exited"}
{"level":"debug","time":"2026-06-10T19:03:01.530+0530","caller":"cmd/bin.go:361","msg":"main: all goroutines have finished."}
{"level":"debug","time":"2026-06-10T19:07:19.584+0530","caller":"cmd/bin.go:145","msg":"cli os: windows, cli arch: amd64"}
{"level":"debug","time":"2026-06-10T19:07:20.265+0530","caller":"cmd/bin.go:154","msg":"Upstream version details: {Name:cli Min:0.2.265 Max:0.2.343} "}
{"level":"info","time":"2026-06-10T19:07:20.265+0530","caller":"cmd/bin.go:202","msg":"Generating TraceID for tracking request: 01KTRW0VAPDAS2DFGS4R2QK09Z \n"}
{"level":"warn","time":"2026-06-10T19:07:20.297+0530","caller":"globalconfigvalidator/setup.go:45","msg":"Found user credentials in env and cli flag both, credentials in env will be ignored"}
{"level":"warn","time":"2026-06-10T19:07:20.299+0530","caller":"globalconfigvalidator/setup.go:50","msg":"Found key credentials in env and cli flag both, credentials in env will be ignored"}
{"level":"debug","time":"2026-06-10T19:07:22.910+0530","caller":"core/lifecycle.go:123","msg":"Setting environment"}
{"level":"debug","time":"2026-06-10T19:07:22.911+0530","caller":"core/lifecycle.go:126","msg":"Parsing config"}
{"level":"debug","time":"2026-06-10T19:07:22.911+0530","caller":"yamlconfigmanager/setup.go:725","msg":"Custom location for .hyperexecute.yaml specified. Using: ./yaml/win11/.hyperexecute_autosplit.yaml"}
{"level":"debug","time":"2026-06-10T19:07:22.911+0530","caller":"yamlconfigmanager/setup.go:117","msg":"using hyperexecute config from : ./yaml/win11/.hyperexecute_autosplit.yaml"}
{"level":"debug","time":"2026-06-10T19:07:24.763+0530","caller":"yamlconfigmanager/setup.go:2153","msg":"Autodetecting test type in files of path : C:\\PW102\\HyperExecute-Playwright-Vanilla-Javascript-main"}
{"level":"debug","time":"2026-06-10T19:07:24.798+0530","caller":"yamlconfigmanager/setup.go:2195","msg":"File in which test type is detected - C:\\PW102\\HyperExecute-Playwright-Vanilla-Javascript-main/package.json"}
{"level":"debug","time":"2026-06-10T19:07:24.798+0530","caller":"yamlconfigmanager/setup.go:2196","msg":"Pre command in which test type is detected - npx playwright install"}
{"level":"debug","time":"2026-06-10T19:07:24.798+0530","caller":"yamlconfigmanager/setup.go:515","msg":"Automatic test type detected - playwright"}
{"level":"debug","time":"2026-06-10T19:07:24.798+0530","caller":"yamlconfigmanager/setup.go:547","msg":"Tunnel: false"}
{"level":"info","time":"2026-06-10T19:07:24.798+0530","caller":"models/HypertestYamlConfig.go:974","msg":"\n\u001b[4m\u001b[1m\u001b[97mExecution Plan\u001b[0m\u001b[22m\u001b[24m"}
{"level":"info","time":"2026-06-10T19:07:24.798+0530","caller":"models/HypertestYamlConfig.go:775","msg":"Mode:    \u001b[36mautosplit\u001b[0m"}
{"level":"info","time":"2026-06-10T19:07:24.798+0530","caller":"models/HypertestYamlConfig.go:835","msg":"Runson:    \u001b[36mwin11\u001b[0m"}
{"level":"info","time":"2026-06-10T19:07:24.801+0530","caller":"models/HypertestYamlConfig.go:843","msg":"Concurrency:    \u001b[36m1\u001b[0m"}
{"level":"info","time":"2026-06-10T19:07:24.801+0530","caller":"models/HypertestYamlConfig.go:907","msg":"Report:    \u001b[36menabled\u001b[0m"}
{"level":"info","time":"2026-06-10T19:07:24.801+0530","caller":"models/HypertestYamlConfig.go:921","msg":"Artefacts:"}
{"level":"info","time":"2026-06-10T19:07:24.801+0530","caller":"models/HypertestYamlConfig.go:924","msg":"    Executed-Job-Artifacts:    \u001b[36msrc/test/index.html\u001b[0m"}
{"level":"info","time":"2026-06-10T19:07:24.801+0530","caller":"models/HypertestYamlConfig.go:924","msg":"    My-Job-Artifacts:    \u001b[36msrc/collect/info.html\u001b[0m"}
{"level":"info","time":"2026-06-10T19:07:24.801+0530","caller":"models/HypertestYamlConfig.go:939","msg":"Cache Directories:"}
{"level":"info","time":"2026-06-10T19:07:24.801+0530","caller":"models/HypertestYamlConfig.go:941","msg":"    \u001b[36mnode_modules\u001b[0m"}
{"level":"info","time":"2026-06-10T19:07:24.801+0530","caller":"models/HypertestYamlConfig.go:987","msg":""}
{"level":"debug","time":"2026-06-10T19:07:24.801+0530","caller":"filevalidator/setup.go:49","msg":"Warning: Checking data.json file in current directory, no dataJsonPath found in .hyperexecute.yaml"}
{"level":"debug","time":"2026-06-10T19:07:24.802+0530","caller":"filevalidator/setup.go:53","msg":"Warning: data.json file doesn't exist"}
{"level":"info","time":"2026-06-10T19:07:27.885+0530","caller":"core/lifecycle.go:457","msg":"\u001b[102m\u001b[1m\u001b[30mYou've consumed 17.00 % of your limit. Free trial mins left - 249.00\u001b[0m\u001b[22m\u001b[0m"}
{"level":"debug","time":"2026-06-10T19:07:27.885+0530","caller":"core/lifecycle.go:536","msg":"Job ID: 7ae5e9c0-d9b9-4241-820e-bdb1d3c7cc49"}
{"level":"debug","time":"2026-06-10T19:07:27.885+0530","caller":"core/lifecycle.go:539","msg":"User - musharrafali17696, triggered job with ID 7ae5e9c0-d9b9-4241-820e-bdb1d3c7cc49 from CLI"}
{"level":"debug","time":"2026-06-10T19:07:27.885+0530","caller":"core/lifecycle.go:542","msg":"User has provided playwright as test type for the job with ID 7ae5e9c0-d9b9-4241-820e-bdb1d3c7cc49"}
{"level":"debug","time":"2026-06-10T19:07:27.885+0530","caller":"events/manager.go:97","msg":"Starting event manager"}
{"level":"debug","time":"2026-06-10T19:07:27.885+0530","caller":"events/manager.go:99","msg":"SSE enabled, getting SSE connection"}
{"level":"debug","time":"2026-06-10T19:07:27.887+0530","caller":"archivemanager/setup.go:339","msg":"digestMap: map[]"}
{"level":"debug","time":"2026-06-10T19:07:27.887+0530","caller":"archivemanager/setup.go:345","msg":"Creating archive of target directory: C:\\PW102\\HyperExecute-Playwright-Vanilla-Javascript-main"}
{"level":"debug","time":"2026-06-10T19:07:30.267+0530","caller":"core/lifecycle.go:693","msg":"Zip file size: 11.48 MB"}
{"level":"debug","time":"2026-06-10T19:07:30.268+0530","caller":"core/lifecycle.go:703","msg":"Archive location: C:\\PW102\\HyperExecute-Playwright-Vanilla-Javascript-main\\hyperexecute-code-7ae5e9c0-d9b9-4241-820e-bdb1d3c7cc49.zip\n"}
{"level":"debug","time":"2026-06-10T19:07:30.297+0530","caller":"storage/azure.go:60","msg":"Payload size: 11.48 MB, source path C:\\PW102\\HyperExecute-Playwright-Vanilla-Javascript-main\\hyperexecute-code-7ae5e9c0-d9b9-4241-820e-bdb1d3c7cc49.zip"}
{"level":"debug","time":"2026-06-10T19:07:39.032+0530","caller":"storage/azure.go:84","msg":"Azcopy output: \n\r0.0 %, 0 Done, 0 Failed, 1 Pending, 0 Skipped, 1 Total, 2-sec Throughput (Mb/s): 45.9121\r26.9 %, 0 Done, 0 Failed, 1 Pending, 0 Skipped, 1 Total,                                \r100.0 %, 1 Done, 0 Failed, 0 Pending, 0 Skipped, 1 Total, \nTotal time taken to upload(min) :0.1\n, stderr: "}
{"level":"info","time":"2026-06-10T19:07:39.032+0530","caller":"storage/azure.go:123","msg":"File: C:\\PW102\\HyperExecute-Playwright-Vanilla-Javascript-main\\hyperexecute-code-7ae5e9c0-d9b9-4241-820e-bdb1d3c7cc49.zip upload completed in 8.7635393s"}
{"level":"debug","time":"2026-06-10T19:07:39.033+0530","caller":"receptionmanager/setup.go:274","msg":"number of entries in runtimes: 0, switching to new yaml format"}
{"level":"debug","time":"2026-06-10T19:07:39.033+0530","caller":"receptionmanager/setup.go:303","msg":"number of entries in partialreports: 0, switching to new yaml format"}
{"level":"debug","time":"2026-06-10T19:07:39.035+0530","caller":"receptionmanager/setup.go:188","msg":"Uploading yaml : C:\\PW102\\HyperExecute-Playwright-Vanilla-Javascript-main\\.updatedhyperexecute.yaml"}
{"level":"debug","time":"2026-06-10T19:07:39.059+0530","caller":"storage/azure.go:60","msg":"Payload size: 4.49 kB, source path C:\\PW102\\HyperExecute-Playwright-Vanilla-Javascript-main\\.updatedhyperexecute.yaml"}
{"level":"debug","time":"2026-06-10T19:07:43.494+0530","caller":"storage/azure.go:84","msg":"Azcopy output: \n\r100.0 %, 1 Done, 0 Failed, 0 Pending, 0 Skipped, 1 Total, 2-sec Throughput (Mb/s): 0.0179\nTotal time taken to upload(min) :0.0333\n, stderr: "}
{"level":"info","time":"2026-06-10T19:07:43.494+0530","caller":"storage/azure.go:123","msg":"File: C:\\PW102\\HyperExecute-Playwright-Vanilla-Javascript-main\\.updatedhyperexecute.yaml upload completed in 4.4593165s"}
{"level":"debug","time":"2026-06-10T19:07:43.498+0530","caller":"core/lifecycle.go:730","msg":"Successfully deleted code archive: C:\\PW102\\HyperExecute-Playwright-Vanilla-Javascript-main\\hyperexecute-code-7ae5e9c0-d9b9-4241-820e-bdb1d3c7cc49.zip\n"}
{"level":"debug","time":"2026-06-10T19:07:43.524+0530","caller":"storage/azure.go:60","msg":"Payload size: 799 B, source path yaml\\win11\\mask-7ae5e9c0-d9b9-4241-820e-bdb1d3c7cc49.yaml"}
{"level":"debug","time":"2026-06-10T19:07:47.831+0530","caller":"storage/azure.go:84","msg":"Azcopy output: \n\r100.0 %, 1 Done, 0 Failed, 0 Pending, 0 Skipped, 1 Total, 2-sec Throughput (Mb/s): 0.0032\nTotal time taken to upload(min) :0.0333\n, stderr: "}
{"level":"info","time":"2026-06-10T19:07:47.831+0530","caller":"storage/azure.go:123","msg":"File: yaml\\win11\\mask-7ae5e9c0-d9b9-4241-820e-bdb1d3c7cc49.yaml upload completed in 4.3296342s"}
{"level":"debug","time":"2026-06-10T19:07:57.886+0530","caller":"events/manager.go:356","msg":"No new messages received from SSE for jobID: 7ae5e9c0-d9b9-4241-820e-bdb1d3c7cc49. Fetching from APIs"}
{"level":"info","time":"2026-06-10T19:07:58.644+0530","caller":"jobmanager/sse_setup.go:84","msg":"\nJob 7ae5e9c0-d9b9-4241-820e-bdb1d3c7cc49 has started RUNNING"}
{"level":"info","time":"2026-06-10T19:07:58.644+0530","caller":"jobmanager/manager.go:138","msg":"Job Link: https://hyperexecute.lambdatest.com/hyperexecute/task?jobId=7ae5e9c0-d9b9-4241-820e-bdb1d3c7cc49\n"}
{"level":"info","time":"2026-06-10T19:07:59.369+0530","caller":"terminal/terminal.go:187","msg":"✔ [1]  cache-download (2s)\n"}
{"level":"debug","time":"2026-06-10T19:08:29.368+0530","caller":"events/manager.go:356","msg":"No new messages received from SSE for jobID: 7ae5e9c0-d9b9-4241-820e-bdb1d3c7cc49. Fetching from APIs"}
{"level":"debug","time":"2026-06-10T19:09:00.748+0530","caller":"events/manager.go:356","msg":"No new messages received from SSE for jobID: 7ae5e9c0-d9b9-4241-820e-bdb1d3c7cc49. Fetching from APIs"}
{"level":"info","time":"2026-06-10T19:09:02.255+0530","caller":"terminal/terminal.go:187","msg":"✔ [1]  pre (51s)\n"}
{"level":"info","time":"2026-06-10T19:09:02.257+0530","caller":"terminal/terminal.go:187","msg":"✔ [1]  discovery (0s)\n"}
{"level":"debug","time":"2026-06-10T19:09:32.255+0530","caller":"events/manager.go:356","msg":"No new messages received from SSE for jobID: 7ae5e9c0-d9b9-4241-820e-bdb1d3c7cc49. Fetching from APIs"}
{"level":"info","time":"2026-06-10T19:09:33.746+0530","caller":"terminal/terminal.go:187","msg":"✔ [1]  tests/test_2.spec.js (30s)\n"}
{"level":"debug","time":"2026-06-10T19:09:33.786+0530","caller":"jobmanager/sse_setup.go:134","msg":"\n\nJob status"}
{"level":"info","time":"2026-06-10T19:09:34.480+0530","caller":"jobmanager/JobSummaryManager.go:54","msg":"\n PARTIALLY COMPLETED \n"}
{"level":"info","time":"2026-06-10T19:09:34.480+0530","caller":"jobmanager/JobSummaryManager.go:113","msg":"    Test Execution Time:                  30s"}
{"level":"info","time":"2026-06-10T19:09:34.480+0530","caller":"jobmanager/JobSummaryManager.go:113","msg":"    Job Duration Time:                    1m35s"}
{"level":"info","time":"2026-06-10T19:09:34.481+0530","caller":"jobmanager/JobSummaryManager.go:113","msg":"    Total Tasks:                          1"}
{"level":"info","time":"2026-06-10T19:09:34.481+0530","caller":"jobmanager/JobSummaryManager.go:113","msg":"    Cumulative Time Consumed:             1m35s"}
{"level":"info","time":"2026-06-10T19:09:34.481+0530","caller":"jobmanager/JobSummaryManager.go:113","msg":"    Total Stages:                         3"}
{"level":"info","time":"2026-06-10T19:09:34.481+0530","caller":"jobmanager/JobSummaryManager.go:113","msg":"    Pass discovery stage percentage:      100.00%"}
{"level":"info","time":"2026-06-10T19:09:34.481+0530","caller":"jobmanager/JobSummaryManager.go:113","msg":"    Failed discovery stage percentage:    0.00%"}
{"level":"info","time":"2026-06-10T19:09:34.481+0530","caller":"jobmanager/JobSummaryManager.go:113","msg":"    Pass pre stage percentage:            100.00%"}
{"level":"info","time":"2026-06-10T19:09:34.481+0530","caller":"jobmanager/JobSummaryManager.go:113","msg":"    Failed pre stage percentage:          0.00%"}
{"level":"info","time":"2026-06-10T19:09:34.482+0530","caller":"jobmanager/JobSummaryManager.go:113","msg":"    Pass test stage percentage:           100.00%"}
{"level":"info","time":"2026-06-10T19:09:34.482+0530","caller":"jobmanager/JobSummaryManager.go:113","msg":"    Failed test stage percentage:         0.00%"}
{"level":"info","time":"2026-06-10T19:09:34.482+0530","caller":"jobmanager/JobSummaryManager.go:113","msg":"    Pass post stage percentage:           0.00%"}
{"level":"info","time":"2026-06-10T19:09:34.482+0530","caller":"jobmanager/JobSummaryManager.go:113","msg":"    Failed post stage percentage:         0.00%"}
{"level":"info","time":"2026-06-10T19:09:34.482+0530","caller":"jobmanager/JobSummaryManager.go:113","msg":"    Failed Tasks:                         0"}
{"level":"info","time":"2026-06-10T19:09:34.483+0530","caller":"jobmanager/JobSummaryManager.go:58","msg":""}
{"level":"debug","time":"2026-06-10T19:09:34.486+0530","caller":"core/lifecycle.go:933","msg":"Context canceled"}
{"level":"info","time":"2026-06-10T19:09:34.486+0530","caller":"events/manager.go:338","msg":"context done and stopping SSE"}
{"level":"debug","time":"2026-06-10T19:09:34.486+0530","caller":"events/manager.go:256","msg":"Stopping event manager"}
{"level":"info","time":"2026-06-10T19:09:34.486+0530","caller":"core/lifecycle.go:936","msg":"Stopping pipeline gracefully"}
{"level":"info","time":"2026-06-10T19:09:34.487+0530","caller":"jobmanager/manager.go:138","msg":"Job Link: https://hyperexecute.lambdatest.com/hyperexecute/task?jobId=7ae5e9c0-d9b9-4241-820e-bdb1d3c7cc49\n"}
{"level":"debug","time":"2026-06-10T19:09:34.487+0530","caller":"core/lifecycle.go:75","msg":"Quit requested from main goroutine...."}
{"level":"debug","time":"2026-06-10T19:09:34.487+0530","caller":"core/lifecycle.go:76","msg":"Waiting for the goroutines to exit"}
{"level":"debug","time":"2026-06-10T19:09:34.487+0530","caller":"core/lifecycle.go:79","msg":"All lifecycle goroutines exited"}
{"level":"debug","time":"2026-06-10T19:09:34.487+0530","caller":"cmd/bin.go:361","msg":"main: all goroutines have finished."}
{"level":"debug","time":"2026-06-10T19:18:36.828+0530","caller":"cmd/bin.go:145","msg":"cli os: windows, cli arch: amd64"}
{"level":"debug","time":"2026-06-10T19:18:37.525+0530","caller":"cmd/bin.go:154","msg":"Upstream version details: {Name:cli Min:0.2.265 Max:0.2.343} "}
{"level":"info","time":"2026-06-10T19:18:37.526+0530","caller":"cmd/bin.go:202","msg":"Generating TraceID for tracking request: 01KTRWNGKSHQM9S85SRFRSGWZT \n"}
{"level":"warn","time":"2026-06-10T19:18:37.538+0530","caller":"globalconfigvalidator/setup.go:45","msg":"Found user credentials in env and cli flag both, credentials in env will be ignored"}
{"level":"warn","time":"2026-06-10T19:18:37.539+0530","caller":"globalconfigvalidator/setup.go:50","msg":"Found key credentials in env and cli flag both, credentials in env will be ignored"}
{"level":"debug","time":"2026-06-10T19:18:41.109+0530","caller":"core/lifecycle.go:123","msg":"Setting environment"}
{"level":"debug","time":"2026-06-10T19:18:41.109+0530","caller":"core/lifecycle.go:126","msg":"Parsing config"}
{"level":"debug","time":"2026-06-10T19:18:41.109+0530","caller":"yamlconfigmanager/setup.go:725","msg":"Custom location for .hyperexecute.yaml specified. Using: ./yaml/win11/.hyperexecute_autosplit.yaml"}
{"level":"debug","time":"2026-06-10T19:18:41.109+0530","caller":"yamlconfigmanager/setup.go:117","msg":"using hyperexecute config from : ./yaml/win11/.hyperexecute_autosplit.yaml"}
{"level":"debug","time":"2026-06-10T19:18:42.962+0530","caller":"yamlconfigmanager/setup.go:2153","msg":"Autodetecting test type in files of path : C:\\PW102\\HyperExecute-Playwright-Vanilla-Javascript-main"}
{"level":"debug","time":"2026-06-10T19:18:42.965+0530","caller":"yamlconfigmanager/setup.go:2195","msg":"File in which test type is detected - C:\\PW102\\HyperExecute-Playwright-Vanilla-Javascript-main/package.json"}
{"level":"debug","time":"2026-06-10T19:18:42.965+0530","caller":"yamlconfigmanager/setup.go:2196","msg":"Pre command in which test type is detected - npx playwright install"}
{"level":"debug","time":"2026-06-10T19:18:42.966+0530","caller":"yamlconfigmanager/setup.go:515","msg":"Automatic test type detected - playwright"}
{"level":"debug","time":"2026-06-10T19:18:42.966+0530","caller":"yamlconfigmanager/setup.go:547","msg":"Tunnel: false"}
{"level":"info","time":"2026-06-10T19:18:42.966+0530","caller":"models/HypertestYamlConfig.go:974","msg":"\n\u001b[4m\u001b[1m\u001b[97mExecution Plan\u001b[0m\u001b[22m\u001b[24m"}
{"level":"info","time":"2026-06-10T19:18:42.966+0530","caller":"models/HypertestYamlConfig.go:775","msg":"Mode:    \u001b[36mautosplit\u001b[0m"}
{"level":"info","time":"2026-06-10T19:18:42.966+0530","caller":"models/HypertestYamlConfig.go:835","msg":"Runson:    \u001b[36mwin11\u001b[0m"}
{"level":"info","time":"2026-06-10T19:18:42.966+0530","caller":"models/HypertestYamlConfig.go:843","msg":"Concurrency:    \u001b[36m1\u001b[0m"}
{"level":"info","time":"2026-06-10T19:18:42.967+0530","caller":"models/HypertestYamlConfig.go:907","msg":"Report:    \u001b[36menabled\u001b[0m"}
{"level":"info","time":"2026-06-10T19:18:42.967+0530","caller":"models/HypertestYamlConfig.go:921","msg":"Artefacts:"}
{"level":"info","time":"2026-06-10T19:18:42.967+0530","caller":"models/HypertestYamlConfig.go:924","msg":"    Executed-Job-Artifacts:    \u001b[36msrc/test/index.html\u001b[0m"}
{"level":"info","time":"2026-06-10T19:18:42.967+0530","caller":"models/HypertestYamlConfig.go:924","msg":"    My-Job-Artifacts:    \u001b[36msrc/collect/info.html\u001b[0m"}
{"level":"info","time":"2026-06-10T19:18:42.967+0530","caller":"models/HypertestYamlConfig.go:939","msg":"Cache Directories:"}
{"level":"info","time":"2026-06-10T19:18:42.967+0530","caller":"models/HypertestYamlConfig.go:941","msg":"    \u001b[36mnode_modules\u001b[0m"}
{"level":"info","time":"2026-06-10T19:18:42.967+0530","caller":"models/HypertestYamlConfig.go:987","msg":""}
{"level":"debug","time":"2026-06-10T19:18:42.967+0530","caller":"filevalidator/setup.go:49","msg":"Warning: Checking data.json file in current directory, no dataJsonPath found in .hyperexecute.yaml"}
{"level":"debug","time":"2026-06-10T19:18:42.967+0530","caller":"filevalidator/setup.go:53","msg":"Warning: data.json file doesn't exist"}
{"level":"info","time":"2026-06-10T19:18:46.298+0530","caller":"core/lifecycle.go:457","msg":"\u001b[102m\u001b[1m\u001b[30mYou've consumed 17.33 % of your limit. Free trial mins left - 248.00\u001b[0m\u001b[22m\u001b[0m"}
{"level":"debug","time":"2026-06-10T19:18:46.298+0530","caller":"core/lifecycle.go:536","msg":"Job ID: 16eec1ef-b99e-4739-9629-a3d885e2e7cd"}
{"level":"debug","time":"2026-06-10T19:18:46.298+0530","caller":"core/lifecycle.go:539","msg":"User - musharrafali17696, triggered job with ID 16eec1ef-b99e-4739-9629-a3d885e2e7cd from CLI"}
{"level":"debug","time":"2026-06-10T19:18:46.298+0530","caller":"core/lifecycle.go:542","msg":"User has provided playwright as test type for the job with ID 16eec1ef-b99e-4739-9629-a3d885e2e7cd"}
{"level":"debug","time":"2026-06-10T19:18:46.298+0530","caller":"events/manager.go:97","msg":"Starting event manager"}
{"level":"debug","time":"2026-06-10T19:18:46.298+0530","caller":"events/manager.go:99","msg":"SSE enabled, getting SSE connection"}
{"level":"debug","time":"2026-06-10T19:18:46.303+0530","caller":"archivemanager/setup.go:339","msg":"digestMap: map[]"}
{"level":"debug","time":"2026-06-10T19:18:46.304+0530","caller":"archivemanager/setup.go:345","msg":"Creating archive of target directory: C:\\PW102\\HyperExecute-Playwright-Vanilla-Javascript-main"}
{"level":"debug","time":"2026-06-10T19:18:47.860+0530","caller":"core/lifecycle.go:693","msg":"Zip file size: 11.48 MB"}
{"level":"debug","time":"2026-06-10T19:18:47.861+0530","caller":"core/lifecycle.go:703","msg":"Archive location: C:\\PW102\\HyperExecute-Playwright-Vanilla-Javascript-main\\hyperexecute-code-16eec1ef-b99e-4739-9629-a3d885e2e7cd.zip\n"}
{"level":"debug","time":"2026-06-10T19:18:47.895+0530","caller":"storage/azure.go:60","msg":"Payload size: 11.48 MB, source path C:\\PW102\\HyperExecute-Playwright-Vanilla-Javascript-main\\hyperexecute-code-16eec1ef-b99e-4739-9629-a3d885e2e7cd.zip"}
{"level":"debug","time":"2026-06-10T19:18:56.103+0530","caller":"storage/azure.go:84","msg":"Azcopy output: \n\r0.0 %, 0 Done, 0 Failed, 1 Pending, 0 Skipped, 1 Total, 2-sec Throughput (Mb/s): 45.9206\r26.9 %, 0 Done, 0 Failed, 1 Pending, 0 Skipped, 1 Total,                                \r100.0 %, 1 Done, 0 Failed, 0 Pending, 0 Skipped, 1 Total, \nTotal time taken to upload(min) :0.1\n, stderr: "}
{"level":"info","time":"2026-06-10T19:18:56.104+0530","caller":"storage/azure.go:123","msg":"File: C:\\PW102\\HyperExecute-Playwright-Vanilla-Javascript-main\\hyperexecute-code-16eec1ef-b99e-4739-9629-a3d885e2e7cd.zip upload completed in 8.2434832s"}
{"level":"debug","time":"2026-06-10T19:18:56.105+0530","caller":"receptionmanager/setup.go:274","msg":"number of entries in runtimes: 0, switching to new yaml format"}
{"level":"debug","time":"2026-06-10T19:18:56.105+0530","caller":"receptionmanager/setup.go:303","msg":"number of entries in partialreports: 0, switching to new yaml format"}
{"level":"debug","time":"2026-06-10T19:18:56.107+0530","caller":"receptionmanager/setup.go:188","msg":"Uploading yaml : C:\\PW102\\HyperExecute-Playwright-Vanilla-Javascript-main\\.updatedhyperexecute.yaml"}
{"level":"debug","time":"2026-06-10T19:18:56.133+0530","caller":"storage/azure.go:60","msg":"Payload size: 4.49 kB, source path C:\\PW102\\HyperExecute-Playwright-Vanilla-Javascript-main\\.updatedhyperexecute.yaml"}
{"level":"debug","time":"2026-06-10T19:19:00.365+0530","caller":"storage/azure.go:84","msg":"Azcopy output: \n\r100.0 %, 1 Done, 0 Failed, 0 Pending, 0 Skipped, 1 Total, 2-sec Throughput (Mb/s): 0.0179\nTotal time taken to upload(min) :0.0333\n, stderr: "}
{"level":"info","time":"2026-06-10T19:19:00.365+0530","caller":"storage/azure.go:123","msg":"File: C:\\PW102\\HyperExecute-Playwright-Vanilla-Javascript-main\\.updatedhyperexecute.yaml upload completed in 4.2576449s"}
{"level":"debug","time":"2026-06-10T19:19:00.368+0530","caller":"core/lifecycle.go:730","msg":"Successfully deleted code archive: C:\\PW102\\HyperExecute-Playwright-Vanilla-Javascript-main\\hyperexecute-code-16eec1ef-b99e-4739-9629-a3d885e2e7cd.zip\n"}
{"level":"debug","time":"2026-06-10T19:19:00.374+0530","caller":"storage/azure.go:60","msg":"Payload size: 799 B, source path yaml\\win11\\mask-16eec1ef-b99e-4739-9629-a3d885e2e7cd.yaml"}
{"level":"debug","time":"2026-06-10T19:19:04.523+0530","caller":"storage/azure.go:84","msg":"Azcopy output: \n\r100.0 %, 1 Done, 0 Failed, 0 Pending, 0 Skipped, 1 Total, 2-sec Throughput (Mb/s): 0.0032\nTotal time taken to upload(min) :0.0333\n, stderr: "}
{"level":"info","time":"2026-06-10T19:19:04.523+0530","caller":"storage/azure.go:123","msg":"File: yaml\\win11\\mask-16eec1ef-b99e-4739-9629-a3d885e2e7cd.yaml upload completed in 4.1531256s"}
{"level":"debug","time":"2026-06-10T19:19:16.300+0530","caller":"events/manager.go:356","msg":"No new messages received from SSE for jobID: 16eec1ef-b99e-4739-9629-a3d885e2e7cd. Fetching from APIs"}
{"level":"info","time":"2026-06-10T19:19:17.009+0530","caller":"jobmanager/sse_setup.go:84","msg":"\nJob 16eec1ef-b99e-4739-9629-a3d885e2e7cd has started RUNNING"}
{"level":"info","time":"2026-06-10T19:19:17.010+0530","caller":"jobmanager/manager.go:138","msg":"Job Link: https://hyperexecute.lambdatest.com/hyperexecute/task?jobId=16eec1ef-b99e-4739-9629-a3d885e2e7cd\n"}
{"level":"info","time":"2026-06-10T19:19:17.685+0530","caller":"terminal/terminal.go:187","msg":"✔ [1]  cache-download (1s)\n"}
{"level":"debug","time":"2026-06-10T19:19:47.684+0530","caller":"events/manager.go:356","msg":"No new messages received from SSE for jobID: 16eec1ef-b99e-4739-9629-a3d885e2e7cd. Fetching from APIs"}
{"level":"debug","time":"2026-06-10T19:20:19.099+0530","caller":"events/manager.go:356","msg":"No new messages received from SSE for jobID: 16eec1ef-b99e-4739-9629-a3d885e2e7cd. Fetching from APIs"}
{"level":"info","time":"2026-06-10T19:20:20.570+0530","caller":"terminal/terminal.go:187","msg":"✔ [1]  pre (40s)\n"}
{"level":"info","time":"2026-06-10T19:20:20.572+0530","caller":"terminal/terminal.go:187","msg":"✔ [1]  discovery (0s)\n"}
{"level":"info","time":"2026-06-10T19:20:20.574+0530","caller":"terminal/terminal.go:187","msg":"✔ [1]  tests/test_2.spec.js (7s)\n"}
{"level":"debug","time":"2026-06-10T19:20:20.607+0530","caller":"jobmanager/sse_setup.go:134","msg":"\n\nJob status"}
{"level":"info","time":"2026-06-10T19:20:21.347+0530","caller":"jobmanager/JobSummaryManager.go:54","msg":"\n PARTIALLY COMPLETED \n"}
{"level":"info","time":"2026-06-10T19:20:21.348+0530","caller":"jobmanager/JobSummaryManager.go:113","msg":"    Test Execution Time:                  7s"}
{"level":"info","time":"2026-06-10T19:20:21.348+0530","caller":"jobmanager/JobSummaryManager.go:113","msg":"    Job Duration Time:                    59s"}
{"level":"info","time":"2026-06-10T19:20:21.348+0530","caller":"jobmanager/JobSummaryManager.go:113","msg":"    Total Tasks:                          1"}
{"level":"info","time":"2026-06-10T19:20:21.348+0530","caller":"jobmanager/JobSummaryManager.go:113","msg":"    Cumulative Time Consumed:             59s"}
{"level":"info","time":"2026-06-10T19:20:21.349+0530","caller":"jobmanager/JobSummaryManager.go:113","msg":"    Total Stages:                         3"}
{"level":"info","time":"2026-06-10T19:20:21.349+0530","caller":"jobmanager/JobSummaryManager.go:113","msg":"    Pass discovery stage percentage:      100.00%"}
{"level":"info","time":"2026-06-10T19:20:21.349+0530","caller":"jobmanager/JobSummaryManager.go:113","msg":"    Failed discovery stage percentage:    0.00%"}
{"level":"info","time":"2026-06-10T19:20:21.349+0530","caller":"jobmanager/JobSummaryManager.go:113","msg":"    Pass pre stage percentage:            100.00%"}
{"level":"info","time":"2026-06-10T19:20:21.350+0530","caller":"jobmanager/JobSummaryManager.go:113","msg":"    Failed pre stage percentage:          0.00%"}
{"level":"info","time":"2026-06-10T19:20:21.350+0530","caller":"jobmanager/JobSummaryManager.go:113","msg":"    Pass test stage percentage:           100.00%"}
{"level":"info","time":"2026-06-10T19:20:21.350+0530","caller":"jobmanager/JobSummaryManager.go:113","msg":"    Failed test stage percentage:         0.00%"}
{"level":"info","time":"2026-06-10T19:20:21.350+0530","caller":"jobmanager/JobSummaryManager.go:113","msg":"    Pass post stage percentage:           0.00%"}
{"level":"info","time":"2026-06-10T19:20:21.350+0530","caller":"jobmanager/JobSummaryManager.go:113","msg":"    Failed post stage percentage:         0.00%"}
{"level":"info","time":"2026-06-10T19:20:21.350+0530","caller":"jobmanager/JobSummaryManager.go:113","msg":"    Failed Tasks:                         0"}
{"level":"info","time":"2026-06-10T19:20:21.350+0530","caller":"jobmanager/JobSummaryManager.go:58","msg":""}
{"level":"debug","time":"2026-06-10T19:20:21.352+0530","caller":"core/lifecycle.go:933","msg":"Context canceled"}
{"level":"info","time":"2026-06-10T19:20:21.352+0530","caller":"events/manager.go:338","msg":"context done and stopping SSE"}
{"level":"debug","time":"2026-06-10T19:20:21.353+0530","caller":"events/manager.go:256","msg":"Stopping event manager"}
{"level":"info","time":"2026-06-10T19:20:21.352+0530","caller":"core/lifecycle.go:936","msg":"Stopping pipeline gracefully"}
{"level":"info","time":"2026-06-10T19:20:21.353+0530","caller":"jobmanager/manager.go:138","msg":"Job Link: https://hyperexecute.lambdatest.com/hyperexecute/task?jobId=16eec1ef-b99e-4739-9629-a3d885e2e7cd\n"}
{"level":"debug","time":"2026-06-10T19:20:21.353+0530","caller":"core/lifecycle.go:75","msg":"Quit requested from main goroutine...."}
{"level":"debug","time":"2026-06-10T19:20:21.353+0530","caller":"core/lifecycle.go:76","msg":"Waiting for the goroutines to exit"}
{"level":"debug","time":"2026-06-10T19:20:21.353+0530","caller":"core/lifecycle.go:79","msg":"All lifecycle goroutines exited"}
{"level":"debug","time":"2026-06-10T19:20:21.353+0530","caller":"cmd/bin.go:361","msg":"main: all goroutines have finished."}
{"level":"debug","time":"2026-06-10T19:22:36.765+0530","caller":"cmd/bin.go:145","msg":"cli os: windows, cli arch: amd64"}
{"level":"debug","time":"2026-06-10T19:22:37.499+0530","caller":"cmd/bin.go:154","msg":"Upstream version details: {Name:cli Min:0.2.265 Max:0.2.343} "}
{"level":"info","time":"2026-06-10T19:22:37.499+0530","caller":"cmd/bin.go:202","msg":"Generating TraceID for tracking request: 01KTRWWV2ANHBM6ETS212A3JD8 \n"}
{"level":"warn","time":"2026-06-10T19:22:37.503+0530","caller":"globalconfigvalidator/setup.go:45","msg":"Found user credentials in env and cli flag both, credentials in env will be ignored"}
{"level":"warn","time":"2026-06-10T19:22:37.504+0530","caller":"globalconfigvalidator/setup.go:50","msg":"Found key credentials in env and cli flag both, credentials in env will be ignored"}
{"level":"debug","time":"2026-06-10T19:22:41.189+0530","caller":"core/lifecycle.go:123","msg":"Setting environment"}
{"level":"debug","time":"2026-06-10T19:22:41.189+0530","caller":"core/lifecycle.go:126","msg":"Parsing config"}
{"level":"debug","time":"2026-06-10T19:22:41.189+0530","caller":"yamlconfigmanager/setup.go:725","msg":"Custom location for .hyperexecute.yaml specified. Using: ./yaml/win11/.hyperexecute_autosplit.yaml"}
{"level":"debug","time":"2026-06-10T19:22:41.190+0530","caller":"yamlconfigmanager/setup.go:117","msg":"using hyperexecute config from : ./yaml/win11/.hyperexecute_autosplit.yaml"}
{"level":"debug","time":"2026-06-10T19:22:43.045+0530","caller":"yamlconfigmanager/setup.go:2153","msg":"Autodetecting test type in files of path : C:\\PW102\\HyperExecute-Playwright-Vanilla-Javascript-main"}
{"level":"debug","time":"2026-06-10T19:22:43.047+0530","caller":"yamlconfigmanager/setup.go:2195","msg":"File in which test type is detected - C:\\PW102\\HyperExecute-Playwright-Vanilla-Javascript-main/package.json"}
{"level":"debug","time":"2026-06-10T19:22:43.047+0530","caller":"yamlconfigmanager/setup.go:2196","msg":"Pre command in which test type is detected - npx playwright install"}
{"level":"debug","time":"2026-06-10T19:22:43.047+0530","caller":"yamlconfigmanager/setup.go:515","msg":"Automatic test type detected - playwright"}
{"level":"debug","time":"2026-06-10T19:22:43.047+0530","caller":"yamlconfigmanager/setup.go:547","msg":"Tunnel: false"}
{"level":"info","time":"2026-06-10T19:22:43.047+0530","caller":"models/HypertestYamlConfig.go:974","msg":"\n\u001b[4m\u001b[1m\u001b[97mExecution Plan\u001b[0m\u001b[22m\u001b[24m"}
{"level":"info","time":"2026-06-10T19:22:43.047+0530","caller":"models/HypertestYamlConfig.go:775","msg":"Mode:    \u001b[36mautosplit\u001b[0m"}
{"level":"info","time":"2026-06-10T19:22:43.048+0530","caller":"models/HypertestYamlConfig.go:835","msg":"Runson:    \u001b[36mwin11\u001b[0m"}
{"level":"info","time":"2026-06-10T19:22:43.048+0530","caller":"models/HypertestYamlConfig.go:843","msg":"Concurrency:    \u001b[36m1\u001b[0m"}
{"level":"info","time":"2026-06-10T19:22:43.048+0530","caller":"models/HypertestYamlConfig.go:907","msg":"Report:    \u001b[36menabled\u001b[0m"}
{"level":"info","time":"2026-06-10T19:22:43.048+0530","caller":"models/HypertestYamlConfig.go:921","msg":"Artefacts:"}
{"level":"info","time":"2026-06-10T19:22:43.048+0530","caller":"models/HypertestYamlConfig.go:924","msg":"    Executed-Job-Artifacts:    \u001b[36msrc/test/index.html\u001b[0m"}
{"level":"info","time":"2026-06-10T19:22:43.049+0530","caller":"models/HypertestYamlConfig.go:924","msg":"    My-Job-Artifacts:    \u001b[36msrc/collect/info.html\u001b[0m"}
{"level":"info","time":"2026-06-10T19:22:43.049+0530","caller":"models/HypertestYamlConfig.go:939","msg":"Cache Directories:"}
{"level":"info","time":"2026-06-10T19:22:43.049+0530","caller":"models/HypertestYamlConfig.go:941","msg":"    \u001b[36mnode_modules\u001b[0m"}
{"level":"info","time":"2026-06-10T19:22:43.049+0530","caller":"models/HypertestYamlConfig.go:987","msg":""}
{"level":"debug","time":"2026-06-10T19:22:43.049+0530","caller":"filevalidator/setup.go:49","msg":"Warning: Checking data.json file in current directory, no dataJsonPath found in .hyperexecute.yaml"}
{"level":"debug","time":"2026-06-10T19:22:43.050+0530","caller":"filevalidator/setup.go:53","msg":"Warning: data.json file doesn't exist"}
{"level":"info","time":"2026-06-10T19:22:46.377+0530","caller":"core/lifecycle.go:457","msg":"\u001b[102m\u001b[1m\u001b[30mYou've consumed 17.67 % of your limit. Free trial mins left - 247.00\u001b[0m\u001b[22m\u001b[0m"}
{"level":"debug","time":"2026-06-10T19:22:46.377+0530","caller":"core/lifecycle.go:536","msg":"Job ID: 1850e6c0-0450-41b2-b4a3-589331caac50"}
{"level":"debug","time":"2026-06-10T19:22:46.377+0530","caller":"core/lifecycle.go:539","msg":"User - musharrafali17696, triggered job with ID 1850e6c0-0450-41b2-b4a3-589331caac50 from CLI"}
{"level":"debug","time":"2026-06-10T19:22:46.377+0530","caller":"core/lifecycle.go:542","msg":"User has provided playwright as test type for the job with ID 1850e6c0-0450-41b2-b4a3-589331caac50"}
{"level":"debug","time":"2026-06-10T19:22:46.377+0530","caller":"events/manager.go:97","msg":"Starting event manager"}
{"level":"debug","time":"2026-06-10T19:22:46.377+0530","caller":"events/manager.go:99","msg":"SSE enabled, getting SSE connection"}
{"level":"debug","time":"2026-06-10T19:22:46.381+0530","caller":"archivemanager/setup.go:339","msg":"digestMap: map[]"}
{"level":"debug","time":"2026-06-10T19:22:46.381+0530","caller":"archivemanager/setup.go:345","msg":"Creating archive of target directory: C:\\PW102\\HyperExecute-Playwright-Vanilla-Javascript-main"}
{"level":"debug","time":"2026-06-10T19:22:48.605+0530","caller":"core/lifecycle.go:693","msg":"Zip file size: 11.48 MB"}
{"level":"debug","time":"2026-06-10T19:22:48.605+0530","caller":"core/lifecycle.go:703","msg":"Archive location: C:\\PW102\\HyperExecute-Playwright-Vanilla-Javascript-main\\hyperexecute-code-1850e6c0-0450-41b2-b4a3-589331caac50.zip\n"}
{"level":"debug","time":"2026-06-10T19:22:48.644+0530","caller":"storage/azure.go:60","msg":"Payload size: 11.48 MB, source path C:\\PW102\\HyperExecute-Playwright-Vanilla-Javascript-main\\hyperexecute-code-1850e6c0-0450-41b2-b4a3-589331caac50.zip"}
{"level":"debug","time":"2026-06-10T19:22:57.019+0530","caller":"storage/azure.go:84","msg":"Azcopy output: \n\r0.0 %, 0 Done, 0 Failed, 1 Pending, 0 Skipped, 1 Total, 2-sec Throughput (Mb/s): 45.921\r0.0 %, 0 Done, 0 Failed, 1 Pending, 0 Skipped, 1 Total,                                \r100.0 %, 1 Done, 0 Failed, 0 Pending, 0 Skipped, 1 Total, \nTotal time taken to upload(min) :0.1\n, stderr: "}
{"level":"info","time":"2026-06-10T19:22:57.019+0530","caller":"storage/azure.go:123","msg":"File: C:\\PW102\\HyperExecute-Playwright-Vanilla-Javascript-main\\hyperexecute-code-1850e6c0-0450-41b2-b4a3-589331caac50.zip upload completed in 8.4128161s"}
{"level":"debug","time":"2026-06-10T19:22:57.020+0530","caller":"receptionmanager/setup.go:274","msg":"number of entries in runtimes: 0, switching to new yaml format"}
{"level":"debug","time":"2026-06-10T19:22:57.020+0530","caller":"receptionmanager/setup.go:303","msg":"number of entries in partialreports: 0, switching to new yaml format"}
{"level":"debug","time":"2026-06-10T19:22:57.022+0530","caller":"receptionmanager/setup.go:188","msg":"Uploading yaml : C:\\PW102\\HyperExecute-Playwright-Vanilla-Javascript-main\\.updatedhyperexecute.yaml"}
{"level":"debug","time":"2026-06-10T19:22:57.055+0530","caller":"storage/azure.go:60","msg":"Payload size: 4.49 kB, source path C:\\PW102\\HyperExecute-Playwright-Vanilla-Javascript-main\\.updatedhyperexecute.yaml"}
{"level":"debug","time":"2026-06-10T19:23:01.436+0530","caller":"storage/azure.go:84","msg":"Azcopy output: \n\r100.0 %, 1 Done, 0 Failed, 0 Pending, 0 Skipped, 1 Total, 2-sec Throughput (Mb/s): 0.0179\nTotal time taken to upload(min) :0.0333\n, stderr: "}
{"level":"info","time":"2026-06-10T19:23:01.436+0530","caller":"storage/azure.go:123","msg":"File: C:\\PW102\\HyperExecute-Playwright-Vanilla-Javascript-main\\.updatedhyperexecute.yaml upload completed in 4.4136383s"}
{"level":"debug","time":"2026-06-10T19:23:01.439+0530","caller":"core/lifecycle.go:730","msg":"Successfully deleted code archive: C:\\PW102\\HyperExecute-Playwright-Vanilla-Javascript-main\\hyperexecute-code-1850e6c0-0450-41b2-b4a3-589331caac50.zip\n"}
{"level":"debug","time":"2026-06-10T19:23:01.445+0530","caller":"storage/azure.go:60","msg":"Payload size: 799 B, source path yaml\\win11\\mask-1850e6c0-0450-41b2-b4a3-589331caac50.yaml"}
{"level":"debug","time":"2026-06-10T19:23:05.806+0530","caller":"storage/azure.go:84","msg":"Azcopy output: \n\r100.0 %, 1 Done, 0 Failed, 0 Pending, 0 Skipped, 1 Total, 2-sec Throughput (Mb/s): 0.0032\nTotal time taken to upload(min) :0.0333\n, stderr: "}
{"level":"info","time":"2026-06-10T19:23:05.806+0530","caller":"storage/azure.go:123","msg":"File: yaml\\win11\\mask-1850e6c0-0450-41b2-b4a3-589331caac50.yaml upload completed in 4.3627281s"}
{"level":"debug","time":"2026-06-10T19:23:16.378+0530","caller":"events/manager.go:356","msg":"No new messages received from SSE for jobID: 1850e6c0-0450-41b2-b4a3-589331caac50. Fetching from APIs"}
{"level":"info","time":"2026-06-10T19:23:17.139+0530","caller":"jobmanager/sse_setup.go:84","msg":"\nJob 1850e6c0-0450-41b2-b4a3-589331caac50 has started RUNNING"}
{"level":"info","time":"2026-06-10T19:23:17.140+0530","caller":"jobmanager/manager.go:138","msg":"Job Link: https://hyperexecute.lambdatest.com/hyperexecute/task?jobId=1850e6c0-0450-41b2-b4a3-589331caac50\n"}
{"level":"info","time":"2026-06-10T19:23:17.807+0530","caller":"terminal/terminal.go:187","msg":"✔ [1]  cache-download (1s)\n"}
{"level":"debug","time":"2026-06-10T19:23:47.806+0530","caller":"events/manager.go:356","msg":"No new messages received from SSE for jobID: 1850e6c0-0450-41b2-b4a3-589331caac50. Fetching from APIs"}
{"level":"debug","time":"2026-06-10T19:24:19.404+0530","caller":"events/manager.go:356","msg":"No new messages received from SSE for jobID: 1850e6c0-0450-41b2-b4a3-589331caac50. Fetching from APIs"}
{"level":"info","time":"2026-06-10T19:24:20.839+0530","caller":"terminal/terminal.go:187","msg":"✔ [1]  pre (42s)\n"}
{"level":"debug","time":"2026-06-10T19:24:20.841+0530","caller":"jobmanager/sse_setup.go:134","msg":"\n\nJob status"}
{"level":"info","time":"2026-06-10T19:24:20.841+0530","caller":"core/lifecycle.go:820","msg":"taskId:HYPW-3042128-1781099586693343574GSA has failed with remark: Job failed as encountered a Test level failure\n"}
{"level":"info","time":"2026-06-10T19:24:20.842+0530","caller":"terminal/terminal.go:187","msg":"✔ [1]  discovery (0s)\n"}
{"level":"info","time":"2026-06-10T19:24:20.843+0530","caller":"terminal/terminal.go:187","msg":"x [1]  tests/test_2.spec.js (2s)\n"}
{"level":"info","time":"2026-06-10T19:24:21.578+0530","caller":"jobmanager/JobSummaryManager.go:54","msg":"\n FAILED \n"}
{"level":"info","time":"2026-06-10T19:24:21.578+0530","caller":"jobmanager/JobSummaryManager.go:113","msg":"    Test Execution Time:                  2s"}
{"level":"info","time":"2026-06-10T19:24:21.578+0530","caller":"jobmanager/JobSummaryManager.go:113","msg":"    Job Duration Time:                    56s"}
{"level":"info","time":"2026-06-10T19:24:21.578+0530","caller":"jobmanager/JobSummaryManager.go:113","msg":"    Total Tasks:                          1"}
{"level":"info","time":"2026-06-10T19:24:21.578+0530","caller":"jobmanager/JobSummaryManager.go:113","msg":"    Cumulative Time Consumed:             56s"}
{"level":"info","time":"2026-06-10T19:24:21.579+0530","caller":"jobmanager/JobSummaryManager.go:113","msg":"    Total Stages:                         3"}
{"level":"info","time":"2026-06-10T19:24:21.579+0530","caller":"jobmanager/JobSummaryManager.go:113","msg":"    Pass discovery stage percentage:      100.00%"}
{"level":"info","time":"2026-06-10T19:24:21.579+0530","caller":"jobmanager/JobSummaryManager.go:113","msg":"    Failed discovery stage percentage:    0.00%"}
{"level":"info","time":"2026-06-10T19:24:21.579+0530","caller":"jobmanager/JobSummaryManager.go:113","msg":"    Pass pre stage percentage:            100.00%"}
{"level":"info","time":"2026-06-10T19:24:21.579+0530","caller":"jobmanager/JobSummaryManager.go:113","msg":"    Failed pre stage percentage:          0.00%"}
{"level":"info","time":"2026-06-10T19:24:21.579+0530","caller":"jobmanager/JobSummaryManager.go:113","msg":"    Pass test stage percentage:           0.00%"}
{"level":"info","time":"2026-06-10T19:24:21.579+0530","caller":"jobmanager/JobSummaryManager.go:113","msg":"    Failed test stage percentage:         100.00%"}
{"level":"info","time":"2026-06-10T19:24:21.580+0530","caller":"jobmanager/JobSummaryManager.go:113","msg":"    Pass post stage percentage:           0.00%"}
{"level":"info","time":"2026-06-10T19:24:21.580+0530","caller":"jobmanager/JobSummaryManager.go:113","msg":"    Failed post stage percentage:         0.00%"}
{"level":"info","time":"2026-06-10T19:24:21.580+0530","caller":"jobmanager/JobSummaryManager.go:113","msg":"    Failed Tasks:                         1"}
{"level":"info","time":"2026-06-10T19:24:21.580+0530","caller":"jobmanager/JobSummaryManager.go:58","msg":""}
{"level":"debug","time":"2026-06-10T19:24:21.582+0530","caller":"core/lifecycle.go:933","msg":"Context canceled"}
{"level":"info","time":"2026-06-10T19:24:21.582+0530","caller":"events/manager.go:338","msg":"context done and stopping SSE"}
{"level":"debug","time":"2026-06-10T19:24:21.583+0530","caller":"events/manager.go:256","msg":"Stopping event manager"}
{"level":"info","time":"2026-06-10T19:24:21.582+0530","caller":"core/lifecycle.go:936","msg":"Stopping pipeline gracefully"}
{"level":"error","time":"2026-06-10T19:24:21.583+0530","caller":"core/lifecycle.go:939","msg":"2026-06-10T19:22:35+05:30    error    Exiting with error: Failed tasks found."}
{"level":"info","time":"2026-06-10T19:24:21.583+0530","caller":"jobmanager/manager.go:138","msg":"Job Link: https://hyperexecute.lambdatest.com/hyperexecute/task?jobId=1850e6c0-0450-41b2-b4a3-589331caac50\n"}
{"level":"debug","time":"2026-06-10T19:24:21.584+0530","caller":"core/lifecycle.go:75","msg":"Quit requested from main goroutine...."}
{"level":"debug","time":"2026-06-10T19:24:21.584+0530","caller":"core/lifecycle.go:76","msg":"Waiting for the goroutines to exit"}
{"level":"debug","time":"2026-06-10T19:24:21.584+0530","caller":"core/lifecycle.go:79","msg":"All lifecycle goroutines exited"}
{"level":"debug","time":"2026-06-10T19:24:21.584+0530","caller":"cmd/bin.go:361","msg":"main: all goroutines have finished."}
{"level":"debug","time":"2026-06-10T19:24:21.584+0530","caller":"cmd/bin.go:400","msg":"Exiting application due to error Failed tasks found."}
{"level":"debug","time":"2026-06-10T19:26:54.525+0530","caller":"cmd/bin.go:145","msg":"cli os: windows, cli arch: amd64"}
{"level":"debug","time":"2026-06-10T19:26:55.188+0530","caller":"cmd/bin.go:154","msg":"Upstream version details: {Name:cli Min:0.2.265 Max:0.2.343} "}
{"level":"info","time":"2026-06-10T19:26:55.189+0530","caller":"cmd/bin.go:202","msg":"Generating TraceID for tracking request: 01KTRX4PT75T5NQBYGRWPZ5WWT \n"}
{"level":"warn","time":"2026-06-10T19:26:55.193+0530","caller":"globalconfigvalidator/setup.go:45","msg":"Found user credentials in env and cli flag both, credentials in env will be ignored"}
{"level":"warn","time":"2026-06-10T19:26:55.194+0530","caller":"globalconfigvalidator/setup.go:50","msg":"Found key credentials in env and cli flag both, credentials in env will be ignored"}
{"level":"debug","time":"2026-06-10T19:26:58.896+0530","caller":"core/lifecycle.go:123","msg":"Setting environment"}
{"level":"debug","time":"2026-06-10T19:26:58.896+0530","caller":"core/lifecycle.go:126","msg":"Parsing config"}
{"level":"debug","time":"2026-06-10T19:26:58.896+0530","caller":"yamlconfigmanager/setup.go:725","msg":"Custom location for .hyperexecute.yaml specified. Using: ./yaml/win11/.hyperexecute_autosplit.yaml"}
{"level":"debug","time":"2026-06-10T19:26:58.896+0530","caller":"yamlconfigmanager/setup.go:117","msg":"using hyperexecute config from : ./yaml/win11/.hyperexecute_autosplit.yaml"}
{"level":"debug","time":"2026-06-10T19:27:00.707+0530","caller":"yamlconfigmanager/setup.go:2153","msg":"Autodetecting test type in files of path : C:\\PW102\\HyperExecute-Playwright-Vanilla-Javascript-main"}
{"level":"debug","time":"2026-06-10T19:27:00.710+0530","caller":"yamlconfigmanager/setup.go:2195","msg":"File in which test type is detected - C:\\PW102\\HyperExecute-Playwright-Vanilla-Javascript-main/package.json"}
{"level":"debug","time":"2026-06-10T19:27:00.710+0530","caller":"yamlconfigmanager/setup.go:2196","msg":"Pre command in which test type is detected - npx playwright install"}
{"level":"debug","time":"2026-06-10T19:27:00.710+0530","caller":"yamlconfigmanager/setup.go:515","msg":"Automatic test type detected - playwright"}
{"level":"debug","time":"2026-06-10T19:27:00.710+0530","caller":"yamlconfigmanager/setup.go:547","msg":"Tunnel: false"}
{"level":"info","time":"2026-06-10T19:27:00.710+0530","caller":"models/HypertestYamlConfig.go:974","msg":"\n\u001b[4m\u001b[1m\u001b[97mExecution Plan\u001b[0m\u001b[22m\u001b[24m"}
{"level":"info","time":"2026-06-10T19:27:00.710+0530","caller":"models/HypertestYamlConfig.go:775","msg":"Mode:    \u001b[36mautosplit\u001b[0m"}
{"level":"info","time":"2026-06-10T19:27:00.710+0530","caller":"models/HypertestYamlConfig.go:835","msg":"Runson:    \u001b[36mwin11\u001b[0m"}
{"level":"info","time":"2026-06-10T19:27:00.711+0530","caller":"models/HypertestYamlConfig.go:843","msg":"Concurrency:    \u001b[36m1\u001b[0m"}
{"level":"info","time":"2026-06-10T19:27:00.711+0530","caller":"models/HypertestYamlConfig.go:907","msg":"Report:    \u001b[36menabled\u001b[0m"}
{"level":"info","time":"2026-06-10T19:27:00.711+0530","caller":"models/HypertestYamlConfig.go:921","msg":"Artefacts:"}
{"level":"info","time":"2026-06-10T19:27:00.711+0530","caller":"models/HypertestYamlConfig.go:924","msg":"    Executed-Job-Artifacts:    \u001b[36msrc/test/index.html\u001b[0m"}
{"level":"info","time":"2026-06-10T19:27:00.711+0530","caller":"models/HypertestYamlConfig.go:924","msg":"    My-Job-Artifacts:    \u001b[36msrc/collect/info.html\u001b[0m"}
{"level":"info","time":"2026-06-10T19:27:00.711+0530","caller":"models/HypertestYamlConfig.go:939","msg":"Cache Directories:"}
{"level":"info","time":"2026-06-10T19:27:00.712+0530","caller":"models/HypertestYamlConfig.go:941","msg":"    \u001b[36mnode_modules\u001b[0m"}
{"level":"info","time":"2026-06-10T19:27:00.712+0530","caller":"models/HypertestYamlConfig.go:987","msg":""}
{"level":"debug","time":"2026-06-10T19:27:00.712+0530","caller":"filevalidator/setup.go:49","msg":"Warning: Checking data.json file in current directory, no dataJsonPath found in .hyperexecute.yaml"}
{"level":"debug","time":"2026-06-10T19:27:00.712+0530","caller":"filevalidator/setup.go:53","msg":"Warning: data.json file doesn't exist"}
{"level":"info","time":"2026-06-10T19:27:04.037+0530","caller":"core/lifecycle.go:457","msg":"\u001b[102m\u001b[1m\u001b[30mYou've consumed 18.00 % of your limit. Free trial mins left - 246.00\u001b[0m\u001b[22m\u001b[0m"}
{"level":"debug","time":"2026-06-10T19:27:04.037+0530","caller":"core/lifecycle.go:536","msg":"Job ID: 784e29f3-5c90-4094-b99b-b8ccae0e725d"}
{"level":"debug","time":"2026-06-10T19:27:04.037+0530","caller":"core/lifecycle.go:539","msg":"User - musharrafali17696, triggered job with ID 784e29f3-5c90-4094-b99b-b8ccae0e725d from CLI"}
{"level":"debug","time":"2026-06-10T19:27:04.037+0530","caller":"events/manager.go:97","msg":"Starting event manager"}
{"level":"debug","time":"2026-06-10T19:27:04.037+0530","caller":"events/manager.go:99","msg":"SSE enabled, getting SSE connection"}
{"level":"debug","time":"2026-06-10T19:27:04.037+0530","caller":"core/lifecycle.go:542","msg":"User has provided playwright as test type for the job with ID 784e29f3-5c90-4094-b99b-b8ccae0e725d"}
{"level":"debug","time":"2026-06-10T19:27:04.039+0530","caller":"archivemanager/setup.go:339","msg":"digestMap: map[]"}
{"level":"debug","time":"2026-06-10T19:27:04.039+0530","caller":"archivemanager/setup.go:345","msg":"Creating archive of target directory: C:\\PW102\\HyperExecute-Playwright-Vanilla-Javascript-main"}
{"level":"debug","time":"2026-06-10T19:27:05.964+0530","caller":"core/lifecycle.go:693","msg":"Zip file size: 11.48 MB"}
{"level":"debug","time":"2026-06-10T19:27:05.965+0530","caller":"core/lifecycle.go:703","msg":"Archive location: C:\\PW102\\HyperExecute-Playwright-Vanilla-Javascript-main\\hyperexecute-code-784e29f3-5c90-4094-b99b-b8ccae0e725d.zip\n"}
{"level":"debug","time":"2026-06-10T19:27:05.996+0530","caller":"storage/azure.go:60","msg":"Payload size: 11.48 MB, source path C:\\PW102\\HyperExecute-Playwright-Vanilla-Javascript-main\\hyperexecute-code-784e29f3-5c90-4094-b99b-b8ccae0e725d.zip"}
{"level":"debug","time":"2026-06-10T19:27:14.313+0530","caller":"storage/azure.go:84","msg":"Azcopy output: \n\r0.0 %, 0 Done, 0 Failed, 1 Pending, 0 Skipped, 1 Total, 2-sec Throughput (Mb/s): 45.9055\r26.9 %, 0 Done, 0 Failed, 1 Pending, 0 Skipped, 1 Total,                                \r100.0 %, 1 Done, 0 Failed, 0 Pending, 0 Skipped, 1 Total, \nTotal time taken to upload(min) :0.1\n, stderr: "}
{"level":"info","time":"2026-06-10T19:27:14.313+0530","caller":"storage/azure.go:123","msg":"File: C:\\PW102\\HyperExecute-Playwright-Vanilla-Javascript-main\\hyperexecute-code-784e29f3-5c90-4094-b99b-b8ccae0e725d.zip upload completed in 8.348034s"}
{"level":"debug","time":"2026-06-10T19:27:14.315+0530","caller":"receptionmanager/setup.go:274","msg":"number of entries in runtimes: 0, switching to new yaml format"}
{"level":"debug","time":"2026-06-10T19:27:14.315+0530","caller":"receptionmanager/setup.go:303","msg":"number of entries in partialreports: 0, switching to new yaml format"}
{"level":"debug","time":"2026-06-10T19:27:14.317+0530","caller":"receptionmanager/setup.go:188","msg":"Uploading yaml : C:\\PW102\\HyperExecute-Playwright-Vanilla-Javascript-main\\.updatedhyperexecute.yaml"}
{"level":"debug","time":"2026-06-10T19:27:14.352+0530","caller":"storage/azure.go:60","msg":"Payload size: 4.49 kB, source path C:\\PW102\\HyperExecute-Playwright-Vanilla-Javascript-main\\.updatedhyperexecute.yaml"}
{"level":"debug","time":"2026-06-10T19:27:19.226+0530","caller":"storage/azure.go:84","msg":"Azcopy output: \n\r100.0 %, 1 Done, 0 Failed, 0 Pending, 0 Skipped, 1 Total, 2-sec Throughput (Mb/s): 0.0179\nTotal time taken to upload(min) :0.0333\n, stderr: "}
{"level":"info","time":"2026-06-10T19:27:19.226+0530","caller":"storage/azure.go:123","msg":"File: C:\\PW102\\HyperExecute-Playwright-Vanilla-Javascript-main\\.updatedhyperexecute.yaml upload completed in 4.9085555s"}
{"level":"debug","time":"2026-06-10T19:27:19.231+0530","caller":"core/lifecycle.go:730","msg":"Successfully deleted code archive: C:\\PW102\\HyperExecute-Playwright-Vanilla-Javascript-main\\hyperexecute-code-784e29f3-5c90-4094-b99b-b8ccae0e725d.zip\n"}
{"level":"debug","time":"2026-06-10T19:27:19.239+0530","caller":"storage/azure.go:60","msg":"Payload size: 799 B, source path yaml\\win11\\mask-784e29f3-5c90-4094-b99b-b8ccae0e725d.yaml"}
{"level":"debug","time":"2026-06-10T19:27:23.863+0530","caller":"storage/azure.go:84","msg":"Azcopy output: \n\r100.0 %, 1 Done, 0 Failed, 0 Pending, 0 Skipped, 1 Total, 2-sec Throughput (Mb/s): 0.0032\nTotal time taken to upload(min) :0.0333\n, stderr: "}
{"level":"info","time":"2026-06-10T19:27:23.863+0530","caller":"storage/azure.go:123","msg":"File: yaml\\win11\\mask-784e29f3-5c90-4094-b99b-b8ccae0e725d.yaml upload completed in 4.6274772s"}
{"level":"debug","time":"2026-06-10T19:27:34.038+0530","caller":"events/manager.go:356","msg":"No new messages received from SSE for jobID: 784e29f3-5c90-4094-b99b-b8ccae0e725d. Fetching from APIs"}
{"level":"info","time":"2026-06-10T19:27:34.807+0530","caller":"jobmanager/sse_setup.go:84","msg":"\nJob 784e29f3-5c90-4094-b99b-b8ccae0e725d has started RUNNING"}
{"level":"info","time":"2026-06-10T19:27:34.808+0530","caller":"jobmanager/manager.go:138","msg":"Job Link: https://hyperexecute.lambdatest.com/hyperexecute/task?jobId=784e29f3-5c90-4094-b99b-b8ccae0e725d\n"}
{"level":"info","time":"2026-06-10T19:27:35.437+0530","caller":"terminal/terminal.go:187","msg":"✔ [1]  cache-download (1s)\n"}
{"level":"debug","time":"2026-06-10T19:28:05.437+0530","caller":"events/manager.go:356","msg":"No new messages received from SSE for jobID: 784e29f3-5c90-4094-b99b-b8ccae0e725d. Fetching from APIs"}
{"level":"debug","time":"2026-06-10T19:28:36.896+0530","caller":"events/manager.go:356","msg":"No new messages received from SSE for jobID: 784e29f3-5c90-4094-b99b-b8ccae0e725d. Fetching from APIs"}
{"level":"info","time":"2026-06-10T19:28:38.412+0530","caller":"terminal/terminal.go:187","msg":"✔ [1]  pre (42s)\n"}
{"level":"info","time":"2026-06-10T19:28:38.415+0530","caller":"terminal/terminal.go:187","msg":"✔ [1]  discovery (0s)\n"}
{"level":"debug","time":"2026-06-10T19:29:08.411+0530","caller":"events/manager.go:356","msg":"No new messages received from SSE for jobID: 784e29f3-5c90-4094-b99b-b8ccae0e725d. Fetching from APIs"}
{"level":"debug","time":"2026-06-10T19:29:39.980+0530","caller":"events/manager.go:356","msg":"No new messages received from SSE for jobID: 784e29f3-5c90-4094-b99b-b8ccae0e725d. Fetching from APIs"}
{"level":"debug","time":"2026-06-10T19:30:11.370+0530","caller":"events/manager.go:356","msg":"No new messages received from SSE for jobID: 784e29f3-5c90-4094-b99b-b8ccae0e725d. Fetching from APIs"}
{"level":"debug","time":"2026-06-10T19:30:25.531+0530","caller":"events/manager.go:279","msg":"SSE connection completed. Reconnecting!!"}
{"level":"debug","time":"2026-06-10T19:30:42.832+0530","caller":"events/manager.go:356","msg":"No new messages received from SSE for jobID: 784e29f3-5c90-4094-b99b-b8ccae0e725d. Fetching from APIs"}
{"level":"debug","time":"2026-06-10T19:31:14.274+0530","caller":"events/manager.go:356","msg":"No new messages received from SSE for jobID: 784e29f3-5c90-4094-b99b-b8ccae0e725d. Fetching from APIs"}
{"level":"debug","time":"2026-06-10T19:31:45.825+0530","caller":"events/manager.go:356","msg":"No new messages received from SSE for jobID: 784e29f3-5c90-4094-b99b-b8ccae0e725d. Fetching from APIs"}
{"level":"debug","time":"2026-06-10T19:32:17.325+0530","caller":"events/manager.go:356","msg":"No new messages received from SSE for jobID: 784e29f3-5c90-4094-b99b-b8ccae0e725d. Fetching from APIs"}
{"level":"debug","time":"2026-06-10T19:32:18.759+0530","caller":"cmd/bin.go:369","msg":"main: received C-c - attempting graceful shutdown ...."}
{"level":"debug","time":"2026-06-10T19:32:18.759+0530","caller":"cmd/bin.go:370","msg":"Sending abort job signal to sentinel"}
{"level":"debug","time":"2026-06-10T19:32:18.759+0530","caller":"cmd/bin.go:376","msg":"Sending request to abort job"}
{"level":"error","time":"2026-06-10T19:32:18.857+0530","caller":"jobmanager/sse_setup.go:104","msg":"2026-06-10T19:26:53+05:30    error    ERR::JOB::STS     Job aborted!"}
{"level":"debug","time":"2026-06-10T19:32:18.857+0530","caller":"jobmanager/sse_setup.go:134","msg":"\n\nJob status"}
{"level":"info","time":"2026-06-10T19:32:19.550+0530","caller":"jobmanager/JobSummaryManager.go:54","msg":"\n ABORTED \n"}
{"level":"info","time":"2026-06-10T19:32:19.551+0530","caller":"jobmanager/JobSummaryManager.go:113","msg":"    Test Execution Time:                  5s"}
{"level":"info","time":"2026-06-10T19:32:19.551+0530","caller":"jobmanager/JobSummaryManager.go:113","msg":"    Job Duration Time:                    4m49s"}
{"level":"info","time":"2026-06-10T19:32:19.551+0530","caller":"jobmanager/JobSummaryManager.go:113","msg":"    Total Tasks:                          1"}
{"level":"info","time":"2026-06-10T19:32:19.551+0530","caller":"jobmanager/JobSummaryManager.go:113","msg":"    Cumulative Time Consumed:             4m26s"}
{"level":"info","time":"2026-06-10T19:32:19.552+0530","caller":"jobmanager/JobSummaryManager.go:113","msg":"    Total Stages:                         3"}
{"level":"info","time":"2026-06-10T19:32:19.552+0530","caller":"jobmanager/JobSummaryManager.go:113","msg":"    Pass discovery stage percentage:      100.00%"}
{"level":"info","time":"2026-06-10T19:32:19.553+0530","caller":"jobmanager/JobSummaryManager.go:113","msg":"    Failed discovery stage percentage:    0.00%"}
{"level":"info","time":"2026-06-10T19:32:19.553+0530","caller":"jobmanager/JobSummaryManager.go:113","msg":"    Pass pre stage percentage:            100.00%"}
{"level":"info","time":"2026-06-10T19:32:19.553+0530","caller":"jobmanager/JobSummaryManager.go:113","msg":"    Failed pre stage percentage:          0.00%"}
{"level":"info","time":"2026-06-10T19:32:19.553+0530","caller":"jobmanager/JobSummaryManager.go:113","msg":"    Pass test stage percentage:           0.00%"}
{"level":"info","time":"2026-06-10T19:32:19.553+0530","caller":"jobmanager/JobSummaryManager.go:113","msg":"    Failed test stage percentage:         100.00%"}
{"level":"info","time":"2026-06-10T19:32:19.553+0530","caller":"jobmanager/JobSummaryManager.go:113","msg":"    Pass post stage percentage:           0.00%"}
{"level":"info","time":"2026-06-10T19:32:19.553+0530","caller":"jobmanager/JobSummaryManager.go:113","msg":"    Failed post stage percentage:         0.00%"}
{"level":"info","time":"2026-06-10T19:32:19.554+0530","caller":"jobmanager/JobSummaryManager.go:113","msg":"    Failed Tasks:                         0"}
{"level":"info","time":"2026-06-10T19:32:19.554+0530","caller":"jobmanager/JobSummaryManager.go:58","msg":""}
{"level":"debug","time":"2026-06-10T19:32:19.555+0530","caller":"core/lifecycle.go:933","msg":"Context canceled"}
{"level":"info","time":"2026-06-10T19:32:19.555+0530","caller":"events/manager.go:338","msg":"context done and stopping SSE"}
{"level":"debug","time":"2026-06-10T19:32:19.556+0530","caller":"events/manager.go:256","msg":"Stopping event manager"}
{"level":"info","time":"2026-06-10T19:32:19.555+0530","caller":"core/lifecycle.go:936","msg":"Stopping pipeline gracefully"}
{"level":"error","time":"2026-06-10T19:32:19.555+0530","caller":"cmd/bin.go:379","msg":"2026-06-10T19:26:53+05:30    error    Unable to abort job: ERR:HTTP:HOST     Facing problem in connecting with ORCHESTRATOR_HOST :: https://api-hyperexecute.lambdatest.com/orchestrator - prod "}
{"level":"debug","time":"2026-06-10T19:32:19.556+0530","caller":"cmd/bin.go:385","msg":"main: telling goroutines to stop"}
{"level":"error","time":"2026-06-10T19:32:19.556+0530","caller":"core/lifecycle.go:939","msg":"2026-06-10T19:26:53+05:30    error    Exiting with error: Job aborted."}
{"level":"info","time":"2026-06-10T19:32:19.556+0530","caller":"jobmanager/manager.go:138","msg":"Job Link: https://hyperexecute.lambdatest.com/hyperexecute/task?jobId=784e29f3-5c90-4094-b99b-b8ccae0e725d\n"}
{"level":"debug","time":"2026-06-10T19:32:19.556+0530","caller":"core/lifecycle.go:75","msg":"Quit requested from main goroutine...."}
{"level":"debug","time":"2026-06-10T19:32:19.556+0530","caller":"core/lifecycle.go:76","msg":"Waiting for the goroutines to exit"}
{"level":"debug","time":"2026-06-10T19:32:19.556+0530","caller":"core/lifecycle.go:79","msg":"All lifecycle goroutines exited"}
{"level":"error","time":"2026-06-10T19:33:19.557+0530","caller":"cmd/bin.go:392","msg":"2026-06-10T19:26:53+05:30    error    ERR::TIME::OUT     Time Exceeded.    Graceful timeout exceeded. Brutally killing the application"}
{"level":"debug","time":"2026-06-10T19:34:20.745+0530","caller":"cmd/bin.go:145","msg":"cli os: windows, cli arch: amd64"}
{"level":"debug","time":"2026-06-10T19:34:21.455+0530","caller":"cmd/bin.go:154","msg":"Upstream version details: {Name:cli Min:0.2.265 Max:0.2.343} "}
{"level":"info","time":"2026-06-10T19:34:21.456+0530","caller":"cmd/bin.go:202","msg":"Generating TraceID for tracking request: 01KTRXJAEN3GSBH9R4ACAG1GE5 \n"}
{"level":"warn","time":"2026-06-10T19:34:21.485+0530","caller":"globalconfigvalidator/setup.go:45","msg":"Found user credentials in env and cli flag both, credentials in env will be ignored"}
{"level":"warn","time":"2026-06-10T19:34:21.486+0530","caller":"globalconfigvalidator/setup.go:50","msg":"Found key credentials in env and cli flag both, credentials in env will be ignored"}
{"level":"debug","time":"2026-06-10T19:34:24.740+0530","caller":"core/lifecycle.go:123","msg":"Setting environment"}
{"level":"debug","time":"2026-06-10T19:34:24.740+0530","caller":"core/lifecycle.go:126","msg":"Parsing config"}
{"level":"debug","time":"2026-06-10T19:34:24.740+0530","caller":"yamlconfigmanager/setup.go:725","msg":"Custom location for .hyperexecute.yaml specified. Using: ./yaml/win11/.hyperexecute_autosplit.yaml"}
{"level":"debug","time":"2026-06-10T19:34:24.741+0530","caller":"yamlconfigmanager/setup.go:117","msg":"using hyperexecute config from : ./yaml/win11/.hyperexecute_autosplit.yaml"}
{"level":"debug","time":"2026-06-10T19:34:26.623+0530","caller":"yamlconfigmanager/setup.go:2153","msg":"Autodetecting test type in files of path : C:\\PW102\\HyperExecute-Playwright-Vanilla-Javascript-main"}
{"level":"debug","time":"2026-06-10T19:34:26.668+0530","caller":"yamlconfigmanager/setup.go:2195","msg":"File in which test type is detected - C:\\PW102\\HyperExecute-Playwright-Vanilla-Javascript-main/package.json"}
{"level":"debug","time":"2026-06-10T19:34:26.668+0530","caller":"yamlconfigmanager/setup.go:2196","msg":"Pre command in which test type is detected - npx playwright install"}
{"level":"debug","time":"2026-06-10T19:34:26.669+0530","caller":"yamlconfigmanager/setup.go:515","msg":"Automatic test type detected - playwright"}
{"level":"debug","time":"2026-06-10T19:34:26.669+0530","caller":"yamlconfigmanager/setup.go:547","msg":"Tunnel: false"}
{"level":"info","time":"2026-06-10T19:34:26.669+0530","caller":"models/HypertestYamlConfig.go:974","msg":"\n\u001b[4m\u001b[1m\u001b[97mExecution Plan\u001b[0m\u001b[22m\u001b[24m"}
{"level":"info","time":"2026-06-10T19:34:26.669+0530","caller":"models/HypertestYamlConfig.go:775","msg":"Mode:    \u001b[36mautosplit\u001b[0m"}
{"level":"info","time":"2026-06-10T19:34:26.669+0530","caller":"models/HypertestYamlConfig.go:835","msg":"Runson:    \u001b[36mwin11\u001b[0m"}
{"level":"info","time":"2026-06-10T19:34:26.670+0530","caller":"models/HypertestYamlConfig.go:843","msg":"Concurrency:    \u001b[36m1\u001b[0m"}
{"level":"info","time":"2026-06-10T19:34:26.670+0530","caller":"models/HypertestYamlConfig.go:907","msg":"Report:    \u001b[36mdisabled\u001b[0m"}
{"level":"info","time":"2026-06-10T19:34:26.670+0530","caller":"models/HypertestYamlConfig.go:939","msg":"Cache Directories:"}
{"level":"info","time":"2026-06-10T19:34:26.670+0530","caller":"models/HypertestYamlConfig.go:941","msg":"    \u001b[36mnode_modules\u001b[0m"}
{"level":"info","time":"2026-06-10T19:34:26.670+0530","caller":"models/HypertestYamlConfig.go:987","msg":""}
{"level":"debug","time":"2026-06-10T19:34:26.671+0530","caller":"filevalidator/setup.go:49","msg":"Warning: Checking data.json file in current directory, no dataJsonPath found in .hyperexecute.yaml"}
{"level":"debug","time":"2026-06-10T19:34:26.671+0530","caller":"filevalidator/setup.go:53","msg":"Warning: data.json file doesn't exist"}
{"level":"info","time":"2026-06-10T19:34:30.072+0530","caller":"core/lifecycle.go:457","msg":"\u001b[102m\u001b[1m\u001b[30mYou've consumed 19.67 % of your limit. Free trial mins left - 241.00\u001b[0m\u001b[22m\u001b[0m"}
{"level":"debug","time":"2026-06-10T19:34:30.073+0530","caller":"core/lifecycle.go:536","msg":"Job ID: b4328f44-e1aa-46da-8e2d-8cf29fecb6d8"}
{"level":"debug","time":"2026-06-10T19:34:30.073+0530","caller":"core/lifecycle.go:539","msg":"User - musharrafali17696, triggered job with ID b4328f44-e1aa-46da-8e2d-8cf29fecb6d8 from CLI"}
{"level":"debug","time":"2026-06-10T19:34:30.073+0530","caller":"core/lifecycle.go:542","msg":"User has provided playwright as test type for the job with ID b4328f44-e1aa-46da-8e2d-8cf29fecb6d8"}
{"level":"debug","time":"2026-06-10T19:34:30.073+0530","caller":"events/manager.go:97","msg":"Starting event manager"}
{"level":"debug","time":"2026-06-10T19:34:30.073+0530","caller":"events/manager.go:99","msg":"SSE enabled, getting SSE connection"}
{"level":"debug","time":"2026-06-10T19:34:30.075+0530","caller":"archivemanager/setup.go:339","msg":"digestMap: map[]"}
{"level":"debug","time":"2026-06-10T19:34:30.075+0530","caller":"archivemanager/setup.go:345","msg":"Creating archive of target directory: C:\\PW102\\HyperExecute-Playwright-Vanilla-Javascript-main"}
{"level":"debug","time":"2026-06-10T19:34:32.789+0530","caller":"core/lifecycle.go:693","msg":"Zip file size: 11.48 MB"}
{"level":"debug","time":"2026-06-10T19:34:32.789+0530","caller":"core/lifecycle.go:703","msg":"Archive location: C:\\PW102\\HyperExecute-Playwright-Vanilla-Javascript-main\\hyperexecute-code-b4328f44-e1aa-46da-8e2d-8cf29fecb6d8.zip\n"}
{"level":"debug","time":"2026-06-10T19:34:32.823+0530","caller":"storage/azure.go:60","msg":"Payload size: 11.48 MB, source path C:\\PW102\\HyperExecute-Playwright-Vanilla-Javascript-main\\hyperexecute-code-b4328f44-e1aa-46da-8e2d-8cf29fecb6d8.zip"}
{"level":"debug","time":"2026-06-10T19:34:55.122+0530","caller":"storage/azure.go:84","msg":"Azcopy output: \n\r0.0 %, 0 Done, 0 Failed, 1 Pending, 0 Skipped, 1 Total, 2-sec Throughput (Mb/s): 44.3321\r0.0 %, 0 Done, 0 Failed, 1 Pending, 0 Skipped, 1 Total, 2-sec Throughput (Mb/s): 1.5727 \r0.0 %, 0 Done, 0 Failed, 1 Pending, 0 Skipped, 1 Total,                                \r0.0 %, 0 Done, 0 Failed, 1 Pending, 0 Skipped, 1 Total, \r0.0 %, 0 Done, 0 Failed, 1 Pending, 0 Skipped, 1 Total, \r0.0 %, 0 Done, 0 Failed, 1 Pending, 0 Skipped, 1 Total, \r0.0 %, 0 Done, 0 Failed, 1 Pending, 0 Skipped, 1 Total, 2-sec Throughput (Mb/s): 45.9182\r0.0 %, 0 Done, 0 Failed, 1 Pending, 0 Skipped, 1 Total, 2-sec Throughput (Mb/s): 6.1588 \r26.9 %, 0 Done, 0 Failed, 1 Pending, 0 Skipped, 1 Total, 2-sec Throughput (Mb/s): 28.7537\r100.0 %, 1 Done, 0 Failed, 0 Pending, 0 Skipped, 1 Total, 2-sec Throughput (Mb/s): 11.0093\nTotal time taken to upload(min) :0.3334\n, stderr: "}
{"level":"info","time":"2026-06-10T19:34:55.122+0530","caller":"storage/azure.go:123","msg":"File: C:\\PW102\\HyperExecute-Playwright-Vanilla-Javascript-main\\hyperexecute-code-b4328f44-e1aa-46da-8e2d-8cf29fecb6d8.zip upload completed in 22.3320006s"}
{"level":"debug","time":"2026-06-10T19:34:55.123+0530","caller":"receptionmanager/setup.go:274","msg":"number of entries in runtimes: 0, switching to new yaml format"}
{"level":"debug","time":"2026-06-10T19:34:55.123+0530","caller":"receptionmanager/setup.go:303","msg":"number of entries in partialreports: 0, switching to new yaml format"}
{"level":"debug","time":"2026-06-10T19:34:55.125+0530","caller":"receptionmanager/setup.go:188","msg":"Uploading yaml : C:\\PW102\\HyperExecute-Playwright-Vanilla-Javascript-main\\.updatedhyperexecute.yaml"}
{"level":"debug","time":"2026-06-10T19:34:55.158+0530","caller":"storage/azure.go:60","msg":"Payload size: 3.85 kB, source path C:\\PW102\\HyperExecute-Playwright-Vanilla-Javascript-main\\.updatedhyperexecute.yaml"}
{"level":"debug","time":"2026-06-10T19:35:00.073+0530","caller":"events/manager.go:356","msg":"No new messages received from SSE for jobID: b4328f44-e1aa-46da-8e2d-8cf29fecb6d8. Fetching from APIs"}
{"level":"debug","time":"2026-06-10T19:35:03.527+0530","caller":"storage/azure.go:84","msg":"Azcopy output: \n\r0.0 %, 0 Done, 0 Failed, 1 Pending, 0 Skipped, 1 Total, 2-sec Throughput (Mb/s): 0.0154\r0.0 %, 0 Done, 0 Failed, 1 Pending, 0 Skipped, 1 Total, 2-sec Throughput (Mb/s): 0.0154\r100.0 %, 1 Done, 0 Failed, 0 Pending, 0 Skipped, 1 Total,                              \nTotal time taken to upload(min) :0.1\n, stderr: "}
{"level":"info","time":"2026-06-10T19:35:03.527+0530","caller":"storage/azure.go:123","msg":"File: C:\\PW102\\HyperExecute-Playwright-Vanilla-Javascript-main\\.updatedhyperexecute.yaml upload completed in 8.4015904s"}
{"level":"debug","time":"2026-06-10T19:35:03.532+0530","caller":"core/lifecycle.go:730","msg":"Successfully deleted code archive: C:\\PW102\\HyperExecute-Playwright-Vanilla-Javascript-main\\hyperexecute-code-b4328f44-e1aa-46da-8e2d-8cf29fecb6d8.zip\n"}
{"level":"debug","time":"2026-06-10T19:35:03.563+0530","caller":"storage/azure.go:60","msg":"Payload size: 471 B, source path yaml\\win11\\mask-b4328f44-e1aa-46da-8e2d-8cf29fecb6d8.yaml"}
{"level":"debug","time":"2026-06-10T19:35:07.802+0530","caller":"storage/azure.go:84","msg":"Azcopy output: \n\r100.0 %, 1 Done, 0 Failed, 0 Pending, 0 Skipped, 1 Total, 2-sec Throughput (Mb/s): 0.0019\nTotal time taken to upload(min) :0.0333\n, stderr: "}
{"level":"info","time":"2026-06-10T19:35:07.802+0530","caller":"storage/azure.go:123","msg":"File: yaml\\win11\\mask-b4328f44-e1aa-46da-8e2d-8cf29fecb6d8.yaml upload completed in 4.2670186s"}
{"level":"info","time":"2026-06-10T19:35:08.966+0530","caller":"jobmanager/sse_setup.go:86","msg":"\nJob b4328f44-e1aa-46da-8e2d-8cf29fecb6d8 has INITIATED"}
{"level":"info","time":"2026-06-10T19:35:08.966+0530","caller":"jobmanager/manager.go:138","msg":"Job Link: https://hyperexecute.lambdatest.com/hyperexecute/task?jobId=b4328f44-e1aa-46da-8e2d-8cf29fecb6d8\n"}
{"level":"debug","time":"2026-06-10T19:35:31.818+0530","caller":"events/manager.go:356","msg":"No new messages received from SSE for jobID: b4328f44-e1aa-46da-8e2d-8cf29fecb6d8. Fetching from APIs"}
{"level":"info","time":"2026-06-10T19:35:33.331+0530","caller":"terminal/terminal.go:187","msg":"✔ [1]  cache-download (1s)\n"}
{"level":"debug","time":"2026-06-10T19:36:03.330+0530","caller":"events/manager.go:356","msg":"No new messages received from SSE for jobID: b4328f44-e1aa-46da-8e2d-8cf29fecb6d8. Fetching from APIs"}
{"level":"debug","time":"2026-06-10T19:36:34.748+0530","caller":"events/manager.go:356","msg":"No new messages received from SSE for jobID: b4328f44-e1aa-46da-8e2d-8cf29fecb6d8. Fetching from APIs"}
{"level":"info","time":"2026-06-10T19:36:36.213+0530","caller":"terminal/terminal.go:187","msg":"✔ [1]  pre (55s)\n"}
{"level":"info","time":"2026-06-10T19:36:36.215+0530","caller":"terminal/terminal.go:187","msg":"✔ [1]  discovery (0s)\n"}
{"level":"debug","time":"2026-06-10T19:37:06.213+0530","caller":"events/manager.go:356","msg":"No new messages received from SSE for jobID: b4328f44-e1aa-46da-8e2d-8cf29fecb6d8. Fetching from APIs"}
{"level":"debug","time":"2026-06-10T19:37:37.687+0530","caller":"events/manager.go:356","msg":"No new messages received from SSE for jobID: b4328f44-e1aa-46da-8e2d-8cf29fecb6d8. Fetching from APIs"}
{"level":"debug","time":"2026-06-10T19:38:09.109+0530","caller":"events/manager.go:356","msg":"No new messages received from SSE for jobID: b4328f44-e1aa-46da-8e2d-8cf29fecb6d8. Fetching from APIs"}
{"level":"debug","time":"2026-06-10T19:38:22.860+0530","caller":"events/manager.go:279","msg":"SSE connection completed. Reconnecting!!"}
{"level":"debug","time":"2026-06-10T19:38:40.619+0530","caller":"events/manager.go:356","msg":"No new messages received from SSE for jobID: b4328f44-e1aa-46da-8e2d-8cf29fecb6d8. Fetching from APIs"}
{"level":"debug","time":"2026-06-10T19:39:12.115+0530","caller":"events/manager.go:356","msg":"No new messages received from SSE for jobID: b4328f44-e1aa-46da-8e2d-8cf29fecb6d8. Fetching from APIs"}
{"level":"debug","time":"2026-06-10T19:39:43.598+0530","caller":"events/manager.go:356","msg":"No new messages received from SSE for jobID: b4328f44-e1aa-46da-8e2d-8cf29fecb6d8. Fetching from APIs"}
{"level":"debug","time":"2026-06-10T19:40:15.066+0530","caller":"events/manager.go:356","msg":"No new messages received from SSE for jobID: b4328f44-e1aa-46da-8e2d-8cf29fecb6d8. Fetching from APIs"}
{"level":"debug","time":"2026-06-10T19:40:28.869+0530","caller":"events/manager.go:279","msg":"SSE connection completed. Reconnecting!!"}
{"level":"debug","time":"2026-06-10T19:40:46.515+0530","caller":"events/manager.go:356","msg":"No new messages received from SSE for jobID: b4328f44-e1aa-46da-8e2d-8cf29fecb6d8. Fetching from APIs"}
{"level":"error","time":"2026-06-10T19:40:48.090+0530","caller":"jobmanager/sse_setup.go:104","msg":"2026-06-10T19:34:19+05:30    error    ERR::JOB::STS     Job aborted!"}
{"level":"debug","time":"2026-06-10T19:40:48.091+0530","caller":"jobmanager/sse_setup.go:134","msg":"\n\nJob status"}
{"level":"info","time":"2026-06-10T19:40:48.718+0530","caller":"jobmanager/JobSummaryManager.go:54","msg":"\n ABORTED \n"}
{"level":"info","time":"2026-06-10T19:40:48.718+0530","caller":"jobmanager/JobSummaryManager.go:113","msg":"    Test Execution Time:                  2m28s"}
{"level":"info","time":"2026-06-10T19:40:48.718+0530","caller":"jobmanager/JobSummaryManager.go:113","msg":"    Job Duration Time:                    6m2s"}
{"level":"info","time":"2026-06-10T19:40:48.718+0530","caller":"jobmanager/JobSummaryManager.go:113","msg":"    Total Tasks:                          1"}
{"level":"info","time":"2026-06-10T19:40:48.719+0530","caller":"jobmanager/JobSummaryManager.go:113","msg":"    Cumulative Time Consumed:             5m21s"}
{"level":"info","time":"2026-06-10T19:40:48.719+0530","caller":"jobmanager/JobSummaryManager.go:113","msg":"    Total Stages:                         3"}
{"level":"info","time":"2026-06-10T19:40:48.719+0530","caller":"jobmanager/JobSummaryManager.go:113","msg":"    Pass discovery stage percentage:      100.00%"}
{"level":"info","time":"2026-06-10T19:40:48.719+0530","caller":"jobmanager/JobSummaryManager.go:113","msg":"    Failed discovery stage percentage:    0.00%"}
{"level":"info","time":"2026-06-10T19:40:48.719+0530","caller":"jobmanager/JobSummaryManager.go:113","msg":"    Pass pre stage percentage:            100.00%"}
{"level":"info","time":"2026-06-10T19:40:48.719+0530","caller":"jobmanager/JobSummaryManager.go:113","msg":"    Failed pre stage percentage:          0.00%"}
{"level":"info","time":"2026-06-10T19:40:48.719+0530","caller":"jobmanager/JobSummaryManager.go:113","msg":"    Pass test stage percentage:           0.00%"}
{"level":"info","time":"2026-06-10T19:40:48.720+0530","caller":"jobmanager/JobSummaryManager.go:113","msg":"    Failed test stage percentage:         100.00%"}
{"level":"info","time":"2026-06-10T19:40:48.720+0530","caller":"jobmanager/JobSummaryManager.go:113","msg":"    Pass post stage percentage:           0.00%"}
{"level":"info","time":"2026-06-10T19:40:48.720+0530","caller":"jobmanager/JobSummaryManager.go:113","msg":"    Failed post stage percentage:         0.00%"}
{"level":"info","time":"2026-06-10T19:40:48.720+0530","caller":"jobmanager/JobSummaryManager.go:113","msg":"    Failed Tasks:                         0"}
{"level":"info","time":"2026-06-10T19:40:48.720+0530","caller":"jobmanager/JobSummaryManager.go:58","msg":""}
{"level":"debug","time":"2026-06-10T19:40:48.722+0530","caller":"core/lifecycle.go:933","msg":"Context canceled"}
{"level":"info","time":"2026-06-10T19:40:48.722+0530","caller":"events/manager.go:338","msg":"context done and stopping SSE"}
{"level":"debug","time":"2026-06-10T19:40:48.723+0530","caller":"events/manager.go:256","msg":"Stopping event manager"}
{"level":"info","time":"2026-06-10T19:40:48.722+0530","caller":"core/lifecycle.go:936","msg":"Stopping pipeline gracefully"}
{"level":"error","time":"2026-06-10T19:40:48.723+0530","caller":"core/lifecycle.go:939","msg":"2026-06-10T19:34:19+05:30    error    Exiting with error: Job aborted."}
{"level":"info","time":"2026-06-10T19:40:48.724+0530","caller":"jobmanager/manager.go:138","msg":"Job Link: https://hyperexecute.lambdatest.com/hyperexecute/task?jobId=b4328f44-e1aa-46da-8e2d-8cf29fecb6d8\n"}
{"level":"debug","time":"2026-06-10T19:40:48.724+0530","caller":"core/lifecycle.go:75","msg":"Quit requested from main goroutine...."}
{"level":"debug","time":"2026-06-10T19:40:48.724+0530","caller":"core/lifecycle.go:76","msg":"Waiting for the goroutines to exit"}
{"level":"debug","time":"2026-06-10T19:40:48.724+0530","caller":"core/lifecycle.go:79","msg":"All lifecycle goroutines exited"}
{"level":"debug","time":"2026-06-10T19:40:48.724+0530","caller":"cmd/bin.go:361","msg":"main: all goroutines have finished."}
{"level":"debug","time":"2026-06-10T19:40:48.724+0530","caller":"cmd/bin.go:400","msg":"Exiting application due to error Job aborted."}
{"level":"debug","time":"2026-06-11T09:14:56.860+0530","caller":"cmd/bin.go:145","msg":"cli os: windows, cli arch: amd64"}
{"level":"debug","time":"2026-06-11T09:14:57.625+0530","caller":"cmd/bin.go:154","msg":"Upstream version details: {Name:cli Min:0.2.265 Max:0.2.343} "}
{"level":"info","time":"2026-06-11T09:14:57.626+0530","caller":"cmd/bin.go:202","msg":"Generating TraceID for tracking request: 01KTTCGWPQYSSN0CMK9BGSBGZK \n"}
{"level":"warn","time":"2026-06-11T09:14:57.687+0530","caller":"globalconfigvalidator/setup.go:45","msg":"Found user credentials in env and cli flag both, credentials in env will be ignored"}
{"level":"warn","time":"2026-06-11T09:14:57.689+0530","caller":"globalconfigvalidator/setup.go:50","msg":"Found key credentials in env and cli flag both, credentials in env will be ignored"}
{"level":"debug","time":"2026-06-11T09:15:01.638+0530","caller":"core/lifecycle.go:123","msg":"Setting environment"}
{"level":"debug","time":"2026-06-11T09:15:01.639+0530","caller":"core/lifecycle.go:126","msg":"Parsing config"}
{"level":"debug","time":"2026-06-11T09:15:01.639+0530","caller":"yamlconfigmanager/setup.go:725","msg":"Custom location for .hyperexecute.yaml specified. Using: ./yaml/linux/.hyperexecute_autosplits.yaml"}
{"level":"debug","time":"2026-06-11T09:15:01.639+0530","caller":"yamlconfigmanager/setup.go:117","msg":"using hyperexecute config from : ./yaml/linux/.hyperexecute_autosplits.yaml"}
{"level":"debug","time":"2026-06-11T09:15:03.575+0530","caller":"yamlconfigmanager/setup.go:2153","msg":"Autodetecting test type in files of path : C:\\PW102\\HyperExecute-Playwright-Vanilla-Javascript-main"}
{"level":"debug","time":"2026-06-11T09:15:03.622+0530","caller":"yamlconfigmanager/setup.go:2195","msg":"File in which test type is detected - C:\\PW102\\HyperExecute-Playwright-Vanilla-Javascript-main/package.json"}
{"level":"debug","time":"2026-06-11T09:15:03.623+0530","caller":"yamlconfigmanager/setup.go:2196","msg":"Pre command in which test type is detected - npx playwright install"}
{"level":"debug","time":"2026-06-11T09:15:03.623+0530","caller":"yamlconfigmanager/setup.go:515","msg":"Automatic test type detected - playwright"}
{"level":"debug","time":"2026-06-11T09:15:03.623+0530","caller":"yamlconfigmanager/setup.go:547","msg":"Tunnel: false"}
{"level":"info","time":"2026-06-11T09:15:03.623+0530","caller":"models/HypertestYamlConfig.go:974","msg":"\n\u001b[4m\u001b[1m\u001b[97mExecution Plan\u001b[0m\u001b[22m\u001b[24m"}
{"level":"info","time":"2026-06-11T09:15:03.624+0530","caller":"models/HypertestYamlConfig.go:775","msg":"Mode:    \u001b[36mautosplit\u001b[0m"}
{"level":"info","time":"2026-06-11T09:15:03.624+0530","caller":"models/HypertestYamlConfig.go:835","msg":"Runson:    \u001b[36mlinux\u001b[0m"}
{"level":"info","time":"2026-06-11T09:15:03.624+0530","caller":"models/HypertestYamlConfig.go:843","msg":"Concurrency:    \u001b[36m2\u001b[0m"}
{"level":"info","time":"2026-06-11T09:15:03.624+0530","caller":"models/HypertestYamlConfig.go:907","msg":"Report:    \u001b[36mdisabled\u001b[0m"}
{"level":"info","time":"2026-06-11T09:15:03.625+0530","caller":"models/HypertestYamlConfig.go:939","msg":"Cache Directories:"}
{"level":"info","time":"2026-06-11T09:15:03.625+0530","caller":"models/HypertestYamlConfig.go:941","msg":"    \u001b[36mnode_modules\u001b[0m"}
{"level":"info","time":"2026-06-11T09:15:03.625+0530","caller":"models/HypertestYamlConfig.go:987","msg":""}
{"level":"debug","time":"2026-06-11T09:15:03.625+0530","caller":"filevalidator/setup.go:49","msg":"Warning: Checking data.json file in current directory, no dataJsonPath found in .hyperexecute.yaml"}
{"level":"debug","time":"2026-06-11T09:15:03.625+0530","caller":"filevalidator/setup.go:53","msg":"Warning: data.json file doesn't exist"}
{"level":"info","time":"2026-06-11T09:15:07.071+0530","caller":"core/lifecycle.go:457","msg":"\u001b[102m\u001b[1m\u001b[30mYou've consumed 21.33 % of your limit. Free trial mins left - 236.00\u001b[0m\u001b[22m\u001b[0m"}
{"level":"debug","time":"2026-06-11T09:15:07.072+0530","caller":"core/lifecycle.go:536","msg":"Job ID: 522d3812-9fd9-4d07-9d3e-49e6900490cc"}
{"level":"debug","time":"2026-06-11T09:15:07.072+0530","caller":"core/lifecycle.go:539","msg":"User - musharrafali17696, triggered job with ID 522d3812-9fd9-4d07-9d3e-49e6900490cc from CLI"}
{"level":"debug","time":"2026-06-11T09:15:07.072+0530","caller":"core/lifecycle.go:542","msg":"User has provided playwright as test type for the job with ID 522d3812-9fd9-4d07-9d3e-49e6900490cc"}
{"level":"debug","time":"2026-06-11T09:15:07.072+0530","caller":"events/manager.go:97","msg":"Starting event manager"}
{"level":"debug","time":"2026-06-11T09:15:07.072+0530","caller":"events/manager.go:99","msg":"SSE enabled, getting SSE connection"}
{"level":"debug","time":"2026-06-11T09:15:07.074+0530","caller":"archivemanager/setup.go:339","msg":"digestMap: map[]"}
{"level":"debug","time":"2026-06-11T09:15:07.074+0530","caller":"archivemanager/setup.go:345","msg":"Creating archive of target directory: C:\\PW102\\HyperExecute-Playwright-Vanilla-Javascript-main"}
{"level":"debug","time":"2026-06-11T09:15:09.996+0530","caller":"core/lifecycle.go:693","msg":"Zip file size: 11.48 MB"}
{"level":"debug","time":"2026-06-11T09:15:09.997+0530","caller":"core/lifecycle.go:703","msg":"Archive location: C:\\PW102\\HyperExecute-Playwright-Vanilla-Javascript-main\\hyperexecute-code-522d3812-9fd9-4d07-9d3e-49e6900490cc.zip\n"}
{"level":"debug","time":"2026-06-11T09:15:10.034+0530","caller":"storage/azure.go:60","msg":"Payload size: 11.48 MB, source path C:\\PW102\\HyperExecute-Playwright-Vanilla-Javascript-main\\hyperexecute-code-522d3812-9fd9-4d07-9d3e-49e6900490cc.zip"}
{"level":"debug","time":"2026-06-11T09:15:20.803+0530","caller":"storage/azure.go:84","msg":"Azcopy output: \n\r0.0 %, 0 Done, 0 Failed, 1 Pending, 0 Skipped, 1 Total, 2-sec Throughput (Mb/s): 45.9178\r0.0 %, 0 Done, 0 Failed, 1 Pending, 0 Skipped, 1 Total,                                 \r100.0 %, 1 Done, 0 Failed, 0 Pending, 0 Skipped, 1 Total, \nTotal time taken to upload(min) :0.1\n, stderr: "}
{"level":"info","time":"2026-06-11T09:15:20.804+0530","caller":"storage/azure.go:123","msg":"File: C:\\PW102\\HyperExecute-Playwright-Vanilla-Javascript-main\\hyperexecute-code-522d3812-9fd9-4d07-9d3e-49e6900490cc.zip upload completed in 10.8061928s"}
{"level":"debug","time":"2026-06-11T09:15:20.805+0530","caller":"receptionmanager/setup.go:274","msg":"number of entries in runtimes: 0, switching to new yaml format"}
{"level":"debug","time":"2026-06-11T09:15:20.806+0530","caller":"receptionmanager/setup.go:303","msg":"number of entries in partialreports: 0, switching to new yaml format"}
{"level":"debug","time":"2026-06-11T09:15:20.807+0530","caller":"receptionmanager/setup.go:188","msg":"Uploading yaml : C:\\PW102\\HyperExecute-Playwright-Vanilla-Javascript-main\\.updatedhyperexecute.yaml"}
{"level":"debug","time":"2026-06-11T09:15:20.842+0530","caller":"storage/azure.go:60","msg":"Payload size: 3.87 kB, source path C:\\PW102\\HyperExecute-Playwright-Vanilla-Javascript-main\\.updatedhyperexecute.yaml"}
{"level":"debug","time":"2026-06-11T09:15:25.520+0530","caller":"storage/azure.go:84","msg":"Azcopy output: \n\r100.0 %, 1 Done, 0 Failed, 0 Pending, 0 Skipped, 1 Total, 2-sec Throughput (Mb/s): 0.0155\nTotal time taken to upload(min) :0.0333\n, stderr: "}
{"level":"info","time":"2026-06-11T09:15:25.521+0530","caller":"storage/azure.go:123","msg":"File: C:\\PW102\\HyperExecute-Playwright-Vanilla-Javascript-main\\.updatedhyperexecute.yaml upload completed in 4.7144952s"}
{"level":"debug","time":"2026-06-11T09:15:25.525+0530","caller":"core/lifecycle.go:730","msg":"Successfully deleted code archive: C:\\PW102\\HyperExecute-Playwright-Vanilla-Javascript-main\\hyperexecute-code-522d3812-9fd9-4d07-9d3e-49e6900490cc.zip\n"}
{"level":"debug","time":"2026-06-11T09:15:25.566+0530","caller":"storage/azure.go:60","msg":"Payload size: 493 B, source path yaml\\linux\\mask-522d3812-9fd9-4d07-9d3e-49e6900490cc.yaml"}
{"level":"debug","time":"2026-06-11T09:15:30.025+0530","caller":"storage/azure.go:84","msg":"Azcopy output: \n\r100.0 %, 1 Done, 0 Failed, 0 Pending, 0 Skipped, 1 Total, 2-sec Throughput (Mb/s): 0.002\nTotal time taken to upload(min) :0.0333\n, stderr: "}
{"level":"info","time":"2026-06-11T09:15:30.030+0530","caller":"storage/azure.go:123","msg":"File: yaml\\linux\\mask-522d3812-9fd9-4d07-9d3e-49e6900490cc.yaml upload completed in 4.4939019s"}
{"level":"debug","time":"2026-06-11T09:15:37.073+0530","caller":"events/manager.go:356","msg":"No new messages received from SSE for jobID: 522d3812-9fd9-4d07-9d3e-49e6900490cc. Fetching from APIs"}
{"level":"info","time":"2026-06-11T09:15:37.943+0530","caller":"jobmanager/sse_setup.go:84","msg":"\nJob 522d3812-9fd9-4d07-9d3e-49e6900490cc has started RUNNING"}
{"level":"info","time":"2026-06-11T09:15:37.943+0530","caller":"jobmanager/manager.go:138","msg":"Job Link: https://hyperexecute.lambdatest.com/hyperexecute/task?jobId=522d3812-9fd9-4d07-9d3e-49e6900490cc\n"}
{"level":"info","time":"2026-06-11T09:15:38.643+0530","caller":"terminal/terminal.go:187","msg":"✔ [1]  cache-download (0s)\n"}
{"level":"info","time":"2026-06-11T09:15:38.646+0530","caller":"terminal/terminal.go:187","msg":"✔ [2]  cache-download (0s)\n"}
{"level":"debug","time":"2026-06-11T09:16:08.636+0530","caller":"events/manager.go:356","msg":"No new messages received from SSE for jobID: 522d3812-9fd9-4d07-9d3e-49e6900490cc. Fetching from APIs"}
{"level":"debug","time":"2026-06-11T09:16:40.219+0530","caller":"events/manager.go:356","msg":"No new messages received from SSE for jobID: 522d3812-9fd9-4d07-9d3e-49e6900490cc. Fetching from APIs"}
{"level":"info","time":"2026-06-11T09:16:41.916+0530","caller":"terminal/terminal.go:187","msg":"✔ [1]  pre (43s)\n"}
{"level":"info","time":"2026-06-11T09:16:41.928+0530","caller":"terminal/terminal.go:187","msg":"✔ [1]  discovery (0s)\n"}
{"level":"info","time":"2026-06-11T09:16:41.940+0530","caller":"terminal/terminal.go:187","msg":"✔ [2]  pre (40s)\n"}
{"level":"info","time":"2026-06-11T09:16:41.946+0530","caller":"terminal/terminal.go:187","msg":"✔ [2]  discovery (0s)\n"}
{"level":"debug","time":"2026-06-11T09:17:11.913+0530","caller":"events/manager.go:356","msg":"No new messages received from SSE for jobID: 522d3812-9fd9-4d07-9d3e-49e6900490cc. Fetching from APIs"}
{"level":"debug","time":"2026-06-11T09:17:43.366+0530","caller":"events/manager.go:356","msg":"No new messages received from SSE for jobID: 522d3812-9fd9-4d07-9d3e-49e6900490cc. Fetching from APIs"}
{"level":"debug","time":"2026-06-11T09:18:14.798+0530","caller":"events/manager.go:356","msg":"No new messages received from SSE for jobID: 522d3812-9fd9-4d07-9d3e-49e6900490cc. Fetching from APIs"}
{"level":"debug","time":"2026-06-11T09:18:31.009+0530","caller":"events/manager.go:279","msg":"SSE connection completed. Reconnecting!!"}
{"level":"debug","time":"2026-06-11T09:18:48.136+0530","caller":"events/manager.go:356","msg":"No new messages received from SSE for jobID: 522d3812-9fd9-4d07-9d3e-49e6900490cc. Fetching from APIs"}
{"level":"debug","time":"2026-06-11T09:19:19.784+0530","caller":"events/manager.go:356","msg":"No new messages received from SSE for jobID: 522d3812-9fd9-4d07-9d3e-49e6900490cc. Fetching from APIs"}
{"level":"debug","time":"2026-06-11T09:19:51.232+0530","caller":"events/manager.go:356","msg":"No new messages received from SSE for jobID: 522d3812-9fd9-4d07-9d3e-49e6900490cc. Fetching from APIs"}
{"level":"error","time":"2026-06-11T09:19:52.981+0530","caller":"jobmanager/sse_setup.go:104","msg":"2026-06-11T09:14:56+05:30    error    ERR::JOB::STS     Job aborted!"}
{"level":"debug","time":"2026-06-11T09:19:52.981+0530","caller":"jobmanager/sse_setup.go:134","msg":"\n\nJob status"}
{"level":"info","time":"2026-06-11T09:19:53.755+0530","caller":"jobmanager/JobSummaryManager.go:54","msg":"\n ABORTED \n"}
{"level":"info","time":"2026-06-11T09:19:53.756+0530","caller":"jobmanager/JobSummaryManager.go:113","msg":"    Test Execution Time:                  2m26s"}
{"level":"info","time":"2026-06-11T09:19:53.757+0530","caller":"jobmanager/JobSummaryManager.go:113","msg":"    Job Duration Time:                    4m44s"}
{"level":"info","time":"2026-06-11T09:19:53.758+0530","caller":"jobmanager/JobSummaryManager.go:113","msg":"    Total Tasks:                          2"}
{"level":"info","time":"2026-06-11T09:19:53.758+0530","caller":"jobmanager/JobSummaryManager.go:113","msg":"    Cumulative Time Consumed:             5m0s"}
{"level":"info","time":"2026-06-11T09:19:53.758+0530","caller":"jobmanager/JobSummaryManager.go:113","msg":"    Total Stages:                         5"}
{"level":"info","time":"2026-06-11T09:19:53.759+0530","caller":"jobmanager/JobSummaryManager.go:113","msg":"    Pass discovery stage percentage:      100.00%"}
{"level":"info","time":"2026-06-11T09:19:53.759+0530","caller":"jobmanager/JobSummaryManager.go:113","msg":"    Failed discovery stage percentage:    0.00%"}
{"level":"info","time":"2026-06-11T09:19:53.760+0530","caller":"jobmanager/JobSummaryManager.go:113","msg":"    Pass pre stage percentage:            100.00%"}
{"level":"info","time":"2026-06-11T09:19:53.760+0530","caller":"jobmanager/JobSummaryManager.go:113","msg":"    Failed pre stage percentage:          0.00%"}
{"level":"info","time":"2026-06-11T09:19:53.760+0530","caller":"jobmanager/JobSummaryManager.go:113","msg":"    Pass test stage percentage:           0.00%"}
{"level":"info","time":"2026-06-11T09:19:53.760+0530","caller":"jobmanager/JobSummaryManager.go:113","msg":"    Failed test stage percentage:         100.00%"}
{"level":"info","time":"2026-06-11T09:19:53.760+0530","caller":"jobmanager/JobSummaryManager.go:113","msg":"    Pass post stage percentage:           0.00%"}
{"level":"info","time":"2026-06-11T09:19:53.761+0530","caller":"jobmanager/JobSummaryManager.go:113","msg":"    Failed post stage percentage:         0.00%"}
{"level":"info","time":"2026-06-11T09:19:53.761+0530","caller":"jobmanager/JobSummaryManager.go:113","msg":"    Failed Tasks:                         0"}
{"level":"info","time":"2026-06-11T09:19:53.761+0530","caller":"jobmanager/JobSummaryManager.go:58","msg":""}
{"level":"debug","time":"2026-06-11T09:19:53.765+0530","caller":"core/lifecycle.go:933","msg":"Context canceled"}
{"level":"info","time":"2026-06-11T09:19:53.765+0530","caller":"events/manager.go:338","msg":"context done and stopping SSE"}
{"level":"debug","time":"2026-06-11T09:19:53.766+0530","caller":"events/manager.go:256","msg":"Stopping event manager"}
{"level":"info","time":"2026-06-11T09:19:53.766+0530","caller":"core/lifecycle.go:936","msg":"Stopping pipeline gracefully"}
{"level":"error","time":"2026-06-11T09:19:53.767+0530","caller":"core/lifecycle.go:939","msg":"2026-06-11T09:14:56+05:30    error    Exiting with error: Job aborted."}
{"level":"info","time":"2026-06-11T09:19:53.768+0530","caller":"jobmanager/manager.go:138","msg":"Job Link: https://hyperexecute.lambdatest.com/hyperexecute/task?jobId=522d3812-9fd9-4d07-9d3e-49e6900490cc\n"}
{"level":"debug","time":"2026-06-11T09:19:53.768+0530","caller":"core/lifecycle.go:75","msg":"Quit requested from main goroutine...."}
{"level":"debug","time":"2026-06-11T09:19:53.768+0530","caller":"core/lifecycle.go:76","msg":"Waiting for the goroutines to exit"}
{"level":"debug","time":"2026-06-11T09:19:53.768+0530","caller":"core/lifecycle.go:79","msg":"All lifecycle goroutines exited"}
{"level":"debug","time":"2026-06-11T09:19:53.768+0530","caller":"cmd/bin.go:361","msg":"main: all goroutines have finished."}
{"level":"debug","time":"2026-06-11T09:19:53.768+0530","caller":"cmd/bin.go:400","msg":"Exiting application due to error Job aborted."}
{"level":"debug","time":"2026-06-11T09:49:10.125+0530","caller":"cmd/bin.go:145","msg":"cli os: windows, cli arch: amd64"}
{"level":"debug","time":"2026-06-11T09:49:10.817+0530","caller":"cmd/bin.go:154","msg":"Upstream version details: {Name:cli Min:0.2.265 Max:0.2.343} "}
{"level":"info","time":"2026-06-11T09:49:10.817+0530","caller":"cmd/bin.go:202","msg":"Generating TraceID for tracking request: 01KTTEFHJA43SD5S4JJMKPVKQY \n"}
{"level":"warn","time":"2026-06-11T09:49:10.866+0530","caller":"globalconfigvalidator/setup.go:45","msg":"Found user credentials in env and cli flag both, credentials in env will be ignored"}
{"level":"warn","time":"2026-06-11T09:49:10.867+0530","caller":"globalconfigvalidator/setup.go:50","msg":"Found key credentials in env and cli flag both, credentials in env will be ignored"}
{"level":"debug","time":"2026-06-11T09:49:14.570+0530","caller":"core/lifecycle.go:123","msg":"Setting environment"}
{"level":"debug","time":"2026-06-11T09:49:14.571+0530","caller":"core/lifecycle.go:126","msg":"Parsing config"}
{"level":"debug","time":"2026-06-11T09:49:14.571+0530","caller":"yamlconfigmanager/setup.go:725","msg":"Custom location for .hyperexecute.yaml specified. Using: ./yaml/linux/.hyperexecute_autosplits.yaml"}
{"level":"debug","time":"2026-06-11T09:49:14.571+0530","caller":"yamlconfigmanager/setup.go:117","msg":"using hyperexecute config from : ./yaml/linux/.hyperexecute_autosplits.yaml"}
{"level":"debug","time":"2026-06-11T09:49:16.611+0530","caller":"yamlconfigmanager/setup.go:2153","msg":"Autodetecting test type in files of path : C:\\PW102\\HyperExecute-Playwright-Vanilla-Javascript-main"}
{"level":"debug","time":"2026-06-11T09:49:16.665+0530","caller":"yamlconfigmanager/setup.go:2195","msg":"File in which test type is detected - C:\\PW102\\HyperExecute-Playwright-Vanilla-Javascript-main/package.json"}
{"level":"debug","time":"2026-06-11T09:49:16.666+0530","caller":"yamlconfigmanager/setup.go:2196","msg":"Pre command in which test type is detected - npx playwright install"}
{"level":"debug","time":"2026-06-11T09:49:16.666+0530","caller":"yamlconfigmanager/setup.go:515","msg":"Automatic test type detected - playwright"}
{"level":"debug","time":"2026-06-11T09:49:16.666+0530","caller":"yamlconfigmanager/setup.go:547","msg":"Tunnel: false"}
{"level":"info","time":"2026-06-11T09:49:16.666+0530","caller":"models/HypertestYamlConfig.go:974","msg":"\n\u001b[4m\u001b[1m\u001b[97mExecution Plan\u001b[0m\u001b[22m\u001b[24m"}
{"level":"info","time":"2026-06-11T09:49:16.667+0530","caller":"models/HypertestYamlConfig.go:775","msg":"Mode:    \u001b[36mautosplit\u001b[0m"}
{"level":"info","time":"2026-06-11T09:49:16.667+0530","caller":"models/HypertestYamlConfig.go:835","msg":"Runson:    \u001b[36mlinux\u001b[0m"}
{"level":"info","time":"2026-06-11T09:49:16.667+0530","caller":"models/HypertestYamlConfig.go:843","msg":"Concurrency:    \u001b[36m2\u001b[0m"}
{"level":"info","time":"2026-06-11T09:49:16.667+0530","caller":"models/HypertestYamlConfig.go:907","msg":"Report:    \u001b[36mdisabled\u001b[0m"}
{"level":"info","time":"2026-06-11T09:49:16.668+0530","caller":"models/HypertestYamlConfig.go:939","msg":"Cache Directories:"}
{"level":"info","time":"2026-06-11T09:49:16.668+0530","caller":"models/HypertestYamlConfig.go:941","msg":"    \u001b[36mnode_modules\u001b[0m"}
{"level":"info","time":"2026-06-11T09:49:16.668+0530","caller":"models/HypertestYamlConfig.go:987","msg":""}
{"level":"debug","time":"2026-06-11T09:49:16.668+0530","caller":"filevalidator/setup.go:49","msg":"Warning: Checking data.json file in current directory, no dataJsonPath found in .hyperexecute.yaml"}
{"level":"debug","time":"2026-06-11T09:49:16.668+0530","caller":"filevalidator/setup.go:53","msg":"Warning: data.json file doesn't exist"}
{"level":"info","time":"2026-06-11T09:49:20.018+0530","caller":"core/lifecycle.go:457","msg":"\u001b[102m\u001b[1m\u001b[30mYou've consumed 23.00 % of your limit. Free trial mins left - 231.00\u001b[0m\u001b[22m\u001b[0m"}
{"level":"debug","time":"2026-06-11T09:49:20.019+0530","caller":"core/lifecycle.go:536","msg":"Job ID: 94394977-ba6b-440e-b72f-b808e5246caa"}
{"level":"debug","time":"2026-06-11T09:49:20.019+0530","caller":"core/lifecycle.go:539","msg":"User - musharrafali17696, triggered job with ID 94394977-ba6b-440e-b72f-b808e5246caa from CLI"}
{"level":"debug","time":"2026-06-11T09:49:20.019+0530","caller":"core/lifecycle.go:542","msg":"User has provided playwright as test type for the job with ID 94394977-ba6b-440e-b72f-b808e5246caa"}
{"level":"debug","time":"2026-06-11T09:49:20.019+0530","caller":"events/manager.go:97","msg":"Starting event manager"}
{"level":"debug","time":"2026-06-11T09:49:20.019+0530","caller":"events/manager.go:99","msg":"SSE enabled, getting SSE connection"}
{"level":"debug","time":"2026-06-11T09:49:20.026+0530","caller":"archivemanager/setup.go:339","msg":"digestMap: map[]"}
{"level":"debug","time":"2026-06-11T09:49:20.027+0530","caller":"archivemanager/setup.go:345","msg":"Creating archive of target directory: C:\\PW102\\HyperExecute-Playwright-Vanilla-Javascript-main"}
{"level":"debug","time":"2026-06-11T09:49:22.876+0530","caller":"core/lifecycle.go:693","msg":"Zip file size: 11.48 MB"}
{"level":"debug","time":"2026-06-11T09:49:22.876+0530","caller":"core/lifecycle.go:703","msg":"Archive location: C:\\PW102\\HyperExecute-Playwright-Vanilla-Javascript-main\\hyperexecute-code-94394977-ba6b-440e-b72f-b808e5246caa.zip\n"}
{"level":"debug","time":"2026-06-11T09:49:22.908+0530","caller":"storage/azure.go:60","msg":"Payload size: 11.48 MB, source path C:\\PW102\\HyperExecute-Playwright-Vanilla-Javascript-main\\hyperexecute-code-94394977-ba6b-440e-b72f-b808e5246caa.zip"}
{"level":"debug","time":"2026-06-11T09:49:31.560+0530","caller":"storage/azure.go:84","msg":"Azcopy output: \n\r0.0 %, 0 Done, 0 Failed, 1 Pending, 0 Skipped, 1 Total, 2-sec Throughput (Mb/s): 45.9226\r0.0 %, 0 Done, 0 Failed, 1 Pending, 0 Skipped, 1 Total,                                 \r100.0 %, 1 Done, 0 Failed, 0 Pending, 0 Skipped, 1 Total, \nTotal time taken to upload(min) :0.1\n, stderr: "}
{"level":"info","time":"2026-06-11T09:49:31.561+0530","caller":"storage/azure.go:123","msg":"File: C:\\PW102\\HyperExecute-Playwright-Vanilla-Javascript-main\\hyperexecute-code-94394977-ba6b-440e-b72f-b808e5246caa.zip upload completed in 8.6840564s"}
{"level":"debug","time":"2026-06-11T09:49:31.562+0530","caller":"receptionmanager/setup.go:274","msg":"number of entries in runtimes: 0, switching to new yaml format"}
{"level":"debug","time":"2026-06-11T09:49:31.562+0530","caller":"receptionmanager/setup.go:303","msg":"number of entries in partialreports: 0, switching to new yaml format"}
{"level":"debug","time":"2026-06-11T09:49:31.564+0530","caller":"receptionmanager/setup.go:188","msg":"Uploading yaml : C:\\PW102\\HyperExecute-Playwright-Vanilla-Javascript-main\\.updatedhyperexecute.yaml"}
{"level":"debug","time":"2026-06-11T09:49:31.600+0530","caller":"storage/azure.go:60","msg":"Payload size: 3.87 kB, source path C:\\PW102\\HyperExecute-Playwright-Vanilla-Javascript-main\\.updatedhyperexecute.yaml"}
{"level":"debug","time":"2026-06-11T09:49:36.171+0530","caller":"storage/azure.go:84","msg":"Azcopy output: \n\r100.0 %, 1 Done, 0 Failed, 0 Pending, 0 Skipped, 1 Total, 2-sec Throughput (Mb/s): 0.0155\nTotal time taken to upload(min) :0.0334\n, stderr: "}
{"level":"info","time":"2026-06-11T09:49:36.171+0530","caller":"storage/azure.go:123","msg":"File: C:\\PW102\\HyperExecute-Playwright-Vanilla-Javascript-main\\.updatedhyperexecute.yaml upload completed in 4.607296s"}
{"level":"debug","time":"2026-06-11T09:49:36.176+0530","caller":"core/lifecycle.go:730","msg":"Successfully deleted code archive: C:\\PW102\\HyperExecute-Playwright-Vanilla-Javascript-main\\hyperexecute-code-94394977-ba6b-440e-b72f-b808e5246caa.zip\n"}
{"level":"debug","time":"2026-06-11T09:49:36.218+0530","caller":"storage/azure.go:60","msg":"Payload size: 493 B, source path yaml\\linux\\mask-94394977-ba6b-440e-b72f-b808e5246caa.yaml"}
{"level":"debug","time":"2026-06-11T09:49:40.940+0530","caller":"storage/azure.go:84","msg":"Azcopy output: \n\r100.0 %, 1 Done, 0 Failed, 0 Pending, 0 Skipped, 1 Total, 2-sec Throughput (Mb/s): 0.002\nTotal time taken to upload(min) :0.0333\n, stderr: "}
{"level":"info","time":"2026-06-11T09:49:40.941+0530","caller":"storage/azure.go:123","msg":"File: yaml\\linux\\mask-94394977-ba6b-440e-b72f-b808e5246caa.yaml upload completed in 4.7615688s"}
{"level":"debug","time":"2026-06-11T09:49:50.020+0530","caller":"events/manager.go:356","msg":"No new messages received from SSE for jobID: 94394977-ba6b-440e-b72f-b808e5246caa. Fetching from APIs"}
{"level":"info","time":"2026-06-11T09:49:50.738+0530","caller":"jobmanager/sse_setup.go:86","msg":"\nJob 94394977-ba6b-440e-b72f-b808e5246caa has INITIATED"}
{"level":"info","time":"2026-06-11T09:49:50.739+0530","caller":"jobmanager/manager.go:138","msg":"Job Link: https://hyperexecute.lambdatest.com/hyperexecute/task?jobId=94394977-ba6b-440e-b72f-b808e5246caa\n"}
{"level":"debug","time":"2026-06-11T09:50:21.396+0530","caller":"events/manager.go:356","msg":"No new messages received from SSE for jobID: 94394977-ba6b-440e-b72f-b808e5246caa. Fetching from APIs"}
{"level":"debug","time":"2026-06-11T09:50:53.048+0530","caller":"events/manager.go:356","msg":"No new messages received from SSE for jobID: 94394977-ba6b-440e-b72f-b808e5246caa. Fetching from APIs"}
{"level":"info","time":"2026-06-11T09:50:54.590+0530","caller":"terminal/terminal.go:187","msg":"✔ [1]  cache-download (0s)\n"}
{"level":"info","time":"2026-06-11T09:50:54.593+0530","caller":"terminal/terminal.go:187","msg":"✔ [2]  cache-download (0s)\n"}
{"level":"debug","time":"2026-06-11T09:51:24.589+0530","caller":"events/manager.go:356","msg":"No new messages received from SSE for jobID: 94394977-ba6b-440e-b72f-b808e5246caa. Fetching from APIs"}
{"level":"debug","time":"2026-06-11T09:51:56.196+0530","caller":"events/manager.go:356","msg":"No new messages received from SSE for jobID: 94394977-ba6b-440e-b72f-b808e5246caa. Fetching from APIs"}
{"level":"info","time":"2026-06-11T09:51:57.709+0530","caller":"terminal/terminal.go:187","msg":"✔ [1]  pre (52s)\n"}
{"level":"info","time":"2026-06-11T09:51:57.712+0530","caller":"terminal/terminal.go:187","msg":"✔ [1]  discovery (0s)\n"}
{"level":"info","time":"2026-06-11T09:51:57.715+0530","caller":"terminal/terminal.go:187","msg":"✔ [2]  pre (49s)\n"}
{"level":"info","time":"2026-06-11T09:51:57.719+0530","caller":"terminal/terminal.go:187","msg":"✔ [2]  discovery (0s)\n"}
{"level":"debug","time":"2026-06-11T09:52:27.708+0530","caller":"events/manager.go:356","msg":"No new messages received from SSE for jobID: 94394977-ba6b-440e-b72f-b808e5246caa. Fetching from APIs"}
{"level":"debug","time":"2026-06-11T09:52:59.352+0530","caller":"events/manager.go:356","msg":"No new messages received from SSE for jobID: 94394977-ba6b-440e-b72f-b808e5246caa. Fetching from APIs"}
{"level":"debug","time":"2026-06-11T09:53:30.987+0530","caller":"events/manager.go:356","msg":"No new messages received from SSE for jobID: 94394977-ba6b-440e-b72f-b808e5246caa. Fetching from APIs"}
{"level":"debug","time":"2026-06-11T09:54:02.640+0530","caller":"events/manager.go:356","msg":"No new messages received from SSE for jobID: 94394977-ba6b-440e-b72f-b808e5246caa. Fetching from APIs"}
{"level":"error","time":"2026-06-11T09:54:04.372+0530","caller":"jobmanager/sse_setup.go:104","msg":"2026-06-11T09:49:08+05:30    error    ERR::JOB::STS     Job aborted!"}
{"level":"debug","time":"2026-06-11T09:54:04.372+0530","caller":"jobmanager/sse_setup.go:134","msg":"\n\nJob status"}
{"level":"info","time":"2026-06-11T09:54:05.190+0530","caller":"jobmanager/JobSummaryManager.go:54","msg":"\n ABORTED \n"}
{"level":"info","time":"2026-06-11T09:54:05.191+0530","caller":"jobmanager/JobSummaryManager.go:113","msg":"    Test Execution Time:                  33s"}
{"level":"info","time":"2026-06-11T09:54:05.191+0530","caller":"jobmanager/JobSummaryManager.go:113","msg":"    Job Duration Time:                    4m25s"}
{"level":"info","time":"2026-06-11T09:54:05.192+0530","caller":"jobmanager/JobSummaryManager.go:113","msg":"    Total Tasks:                          2"}
{"level":"info","time":"2026-06-11T09:54:05.192+0530","caller":"jobmanager/JobSummaryManager.go:113","msg":"    Cumulative Time Consumed:             3m53s"}
{"level":"info","time":"2026-06-11T09:54:05.192+0530","caller":"jobmanager/JobSummaryManager.go:113","msg":"    Total Stages:                         5"}
{"level":"info","time":"2026-06-11T09:54:05.192+0530","caller":"jobmanager/JobSummaryManager.go:113","msg":"    Pass discovery stage percentage:      100.00%"}
{"level":"info","time":"2026-06-11T09:54:05.192+0530","caller":"jobmanager/JobSummaryManager.go:113","msg":"    Failed discovery stage percentage:    0.00%"}
{"level":"info","time":"2026-06-11T09:54:05.192+0530","caller":"jobmanager/JobSummaryManager.go:113","msg":"    Pass pre stage percentage:            100.00%"}
{"level":"info","time":"2026-06-11T09:54:05.193+0530","caller":"jobmanager/JobSummaryManager.go:113","msg":"    Failed pre stage percentage:          0.00%"}
{"level":"info","time":"2026-06-11T09:54:05.193+0530","caller":"jobmanager/JobSummaryManager.go:113","msg":"    Pass test stage percentage:           0.00%"}
{"level":"info","time":"2026-06-11T09:54:05.193+0530","caller":"jobmanager/JobSummaryManager.go:113","msg":"    Failed test stage percentage:         100.00%"}
{"level":"info","time":"2026-06-11T09:54:05.193+0530","caller":"jobmanager/JobSummaryManager.go:113","msg":"    Pass post stage percentage:           0.00%"}
{"level":"info","time":"2026-06-11T09:54:05.193+0530","caller":"jobmanager/JobSummaryManager.go:113","msg":"    Failed post stage percentage:         0.00%"}
{"level":"info","time":"2026-06-11T09:54:05.194+0530","caller":"jobmanager/JobSummaryManager.go:113","msg":"    Failed Tasks:                         0"}
{"level":"info","time":"2026-06-11T09:54:05.194+0530","caller":"jobmanager/JobSummaryManager.go:58","msg":""}
{"level":"debug","time":"2026-06-11T09:54:05.197+0530","caller":"core/lifecycle.go:933","msg":"Context canceled"}
{"level":"info","time":"2026-06-11T09:54:05.197+0530","caller":"events/manager.go:338","msg":"context done and stopping SSE"}
{"level":"info","time":"2026-06-11T09:54:05.197+0530","caller":"core/lifecycle.go:936","msg":"Stopping pipeline gracefully"}
{"level":"error","time":"2026-06-11T09:54:05.199+0530","caller":"core/lifecycle.go:939","msg":"2026-06-11T09:49:08+05:30    error    Exiting with error: Job aborted."}
{"level":"debug","time":"2026-06-11T09:54:05.199+0530","caller":"events/manager.go:256","msg":"Stopping event manager"}
{"level":"info","time":"2026-06-11T09:54:05.199+0530","caller":"jobmanager/manager.go:138","msg":"Job Link: https://hyperexecute.lambdatest.com/hyperexecute/task?jobId=94394977-ba6b-440e-b72f-b808e5246caa\n"}
{"level":"debug","time":"2026-06-11T09:54:05.200+0530","caller":"core/lifecycle.go:75","msg":"Quit requested from main goroutine...."}
{"level":"debug","time":"2026-06-11T09:54:05.200+0530","caller":"core/lifecycle.go:76","msg":"Waiting for the goroutines to exit"}
{"level":"debug","time":"2026-06-11T09:54:05.200+0530","caller":"core/lifecycle.go:79","msg":"All lifecycle goroutines exited"}
{"level":"debug","time":"2026-06-11T09:54:05.200+0530","caller":"cmd/bin.go:361","msg":"main: all goroutines have finished."}
{"level":"debug","time":"2026-06-11T09:54:05.200+0530","caller":"cmd/bin.go:400","msg":"Exiting application due to error Job aborted."}
{"level":"debug","time":"2026-06-11T09:59:31.849+0530","caller":"cmd/bin.go:145","msg":"cli os: windows, cli arch: amd64"}
{"level":"debug","time":"2026-06-11T09:59:32.734+0530","caller":"cmd/bin.go:154","msg":"Upstream version details: {Name:cli Min:0.2.265 Max:0.2.343} "}
{"level":"info","time":"2026-06-11T09:59:32.734+0530","caller":"cmd/bin.go:202","msg":"Generating TraceID for tracking request: 01KTTF2GQSBNV80F8JCYTY5CFH \n"}
{"level":"warn","time":"2026-06-11T09:59:32.740+0530","caller":"globalconfigvalidator/setup.go:45","msg":"Found user credentials in env and cli flag both, credentials in env will be ignored"}
{"level":"warn","time":"2026-06-11T09:59:32.741+0530","caller":"globalconfigvalidator/setup.go:50","msg":"Found key credentials in env and cli flag both, credentials in env will be ignored"}
{"level":"debug","time":"2026-06-11T09:59:36.266+0530","caller":"core/lifecycle.go:123","msg":"Setting environment"}
{"level":"debug","time":"2026-06-11T09:59:36.267+0530","caller":"core/lifecycle.go:126","msg":"Parsing config"}
{"level":"debug","time":"2026-06-11T09:59:36.267+0530","caller":"yamlconfigmanager/setup.go:725","msg":"Custom location for .hyperexecute.yaml specified. Using: ./yaml/linux/.hyperexecute_autosplits.yaml"}
{"level":"debug","time":"2026-06-11T09:59:36.268+0530","caller":"yamlconfigmanager/setup.go:117","msg":"using hyperexecute config from : ./yaml/linux/.hyperexecute_autosplits.yaml"}
{"level":"debug","time":"2026-06-11T09:59:38.314+0530","caller":"yamlconfigmanager/setup.go:2153","msg":"Autodetecting test type in files of path : C:\\PW102\\HyperExecute-Playwright-Vanilla-Javascript-main"}
{"level":"debug","time":"2026-06-11T09:59:38.326+0530","caller":"yamlconfigmanager/setup.go:2195","msg":"File in which test type is detected - C:\\PW102\\HyperExecute-Playwright-Vanilla-Javascript-main/package.json"}
{"level":"debug","time":"2026-06-11T09:59:38.326+0530","caller":"yamlconfigmanager/setup.go:2196","msg":"Pre command in which test type is detected - npx playwright install"}
{"level":"debug","time":"2026-06-11T09:59:38.326+0530","caller":"yamlconfigmanager/setup.go:515","msg":"Automatic test type detected - playwright"}
{"level":"debug","time":"2026-06-11T09:59:38.326+0530","caller":"yamlconfigmanager/setup.go:547","msg":"Tunnel: false"}
{"level":"info","time":"2026-06-11T09:59:38.326+0530","caller":"models/HypertestYamlConfig.go:974","msg":"\n\u001b[4m\u001b[1m\u001b[97mExecution Plan\u001b[0m\u001b[22m\u001b[24m"}
{"level":"info","time":"2026-06-11T09:59:38.327+0530","caller":"models/HypertestYamlConfig.go:775","msg":"Mode:    \u001b[36mautosplit\u001b[0m"}
{"level":"info","time":"2026-06-11T09:59:38.327+0530","caller":"models/HypertestYamlConfig.go:835","msg":"Runson:    \u001b[36mlinux\u001b[0m"}
{"level":"info","time":"2026-06-11T09:59:38.327+0530","caller":"models/HypertestYamlConfig.go:843","msg":"Concurrency:    \u001b[36m1\u001b[0m"}
{"level":"info","time":"2026-06-11T09:59:38.327+0530","caller":"models/HypertestYamlConfig.go:907","msg":"Report:    \u001b[36mdisabled\u001b[0m"}
{"level":"info","time":"2026-06-11T09:59:38.328+0530","caller":"models/HypertestYamlConfig.go:939","msg":"Cache Directories:"}
{"level":"info","time":"2026-06-11T09:59:38.328+0530","caller":"models/HypertestYamlConfig.go:941","msg":"    \u001b[36mnode_modules\u001b[0m"}
{"level":"info","time":"2026-06-11T09:59:38.328+0530","caller":"models/HypertestYamlConfig.go:987","msg":""}
{"level":"debug","time":"2026-06-11T09:59:38.328+0530","caller":"filevalidator/setup.go:49","msg":"Warning: Checking data.json file in current directory, no dataJsonPath found in .hyperexecute.yaml"}
{"level":"debug","time":"2026-06-11T09:59:38.328+0530","caller":"filevalidator/setup.go:53","msg":"Warning: data.json file doesn't exist"}
{"level":"info","time":"2026-06-11T09:59:41.796+0530","caller":"core/lifecycle.go:457","msg":"\u001b[102m\u001b[1m\u001b[30mYou've consumed 24.33 % of your limit. Free trial mins left - 227.00\u001b[0m\u001b[22m\u001b[0m"}
{"level":"debug","time":"2026-06-11T09:59:41.797+0530","caller":"core/lifecycle.go:536","msg":"Job ID: 0b971830-e038-4575-a712-a9c0703906ba"}
{"level":"debug","time":"2026-06-11T09:59:41.797+0530","caller":"core/lifecycle.go:539","msg":"User - musharrafali17696, triggered job with ID 0b971830-e038-4575-a712-a9c0703906ba from CLI"}
{"level":"debug","time":"2026-06-11T09:59:41.797+0530","caller":"core/lifecycle.go:542","msg":"User has provided playwright as test type for the job with ID 0b971830-e038-4575-a712-a9c0703906ba"}
{"level":"debug","time":"2026-06-11T09:59:41.797+0530","caller":"events/manager.go:97","msg":"Starting event manager"}
{"level":"debug","time":"2026-06-11T09:59:41.797+0530","caller":"events/manager.go:99","msg":"SSE enabled, getting SSE connection"}
{"level":"debug","time":"2026-06-11T09:59:41.799+0530","caller":"archivemanager/setup.go:339","msg":"digestMap: map[]"}
{"level":"debug","time":"2026-06-11T09:59:41.799+0530","caller":"archivemanager/setup.go:345","msg":"Creating archive of target directory: C:\\PW102\\HyperExecute-Playwright-Vanilla-Javascript-main"}
{"level":"debug","time":"2026-06-11T09:59:43.908+0530","caller":"core/lifecycle.go:693","msg":"Zip file size: 11.48 MB"}
{"level":"debug","time":"2026-06-11T09:59:43.908+0530","caller":"core/lifecycle.go:703","msg":"Archive location: C:\\PW102\\HyperExecute-Playwright-Vanilla-Javascript-main\\hyperexecute-code-0b971830-e038-4575-a712-a9c0703906ba.zip\n"}
{"level":"debug","time":"2026-06-11T09:59:43.946+0530","caller":"storage/azure.go:60","msg":"Payload size: 11.48 MB, source path C:\\PW102\\HyperExecute-Playwright-Vanilla-Javascript-main\\hyperexecute-code-0b971830-e038-4575-a712-a9c0703906ba.zip"}
{"level":"debug","time":"2026-06-11T09:59:54.787+0530","caller":"storage/azure.go:84","msg":"Azcopy output: \n\r0.0 %, 0 Done, 0 Failed, 1 Pending, 0 Skipped, 1 Total, 2-sec Throughput (Mb/s): 42.2477\r0.0 %, 0 Done, 0 Failed, 1 Pending, 0 Skipped, 1 Total, 2-sec Throughput (Mb/s): 3.6697 \r100.0 %, 0 Done, 0 Failed, 1 Pending, 0 Skipped, 1 Total,                              \r100.0 %, 1 Done, 0 Failed, 0 Pending, 0 Skipped, 1 Total, \nTotal time taken to upload(min) :0.1334\n, stderr: "}
{"level":"info","time":"2026-06-11T09:59:54.787+0530","caller":"storage/azure.go:123","msg":"File: C:\\PW102\\HyperExecute-Playwright-Vanilla-Javascript-main\\hyperexecute-code-0b971830-e038-4575-a712-a9c0703906ba.zip upload completed in 10.878371s"}
{"level":"debug","time":"2026-06-11T09:59:54.789+0530","caller":"receptionmanager/setup.go:274","msg":"number of entries in runtimes: 0, switching to new yaml format"}
{"level":"debug","time":"2026-06-11T09:59:54.789+0530","caller":"receptionmanager/setup.go:303","msg":"number of entries in partialreports: 0, switching to new yaml format"}
{"level":"debug","time":"2026-06-11T09:59:54.790+0530","caller":"receptionmanager/setup.go:188","msg":"Uploading yaml : C:\\PW102\\HyperExecute-Playwright-Vanilla-Javascript-main\\.updatedhyperexecute.yaml"}
{"level":"debug","time":"2026-06-11T09:59:54.834+0530","caller":"storage/azure.go:60","msg":"Payload size: 3.87 kB, source path C:\\PW102\\HyperExecute-Playwright-Vanilla-Javascript-main\\.updatedhyperexecute.yaml"}
{"level":"debug","time":"2026-06-11T09:59:59.501+0530","caller":"storage/azure.go:84","msg":"Azcopy output: \n\r100.0 %, 1 Done, 0 Failed, 0 Pending, 0 Skipped, 1 Total, 2-sec Throughput (Mb/s): 0.0155\nTotal time taken to upload(min) :0.0333\n, stderr: "}
{"level":"info","time":"2026-06-11T09:59:59.501+0530","caller":"storage/azure.go:123","msg":"File: C:\\PW102\\HyperExecute-Playwright-Vanilla-Javascript-main\\.updatedhyperexecute.yaml upload completed in 4.7107976s"}
{"level":"debug","time":"2026-06-11T09:59:59.505+0530","caller":"core/lifecycle.go:730","msg":"Successfully deleted code archive: C:\\PW102\\HyperExecute-Playwright-Vanilla-Javascript-main\\hyperexecute-code-0b971830-e038-4575-a712-a9c0703906ba.zip\n"}
{"level":"debug","time":"2026-06-11T09:59:59.539+0530","caller":"storage/azure.go:60","msg":"Payload size: 493 B, source path yaml\\linux\\mask-0b971830-e038-4575-a712-a9c0703906ba.yaml"}
{"level":"debug","time":"2026-06-11T10:00:04.109+0530","caller":"storage/azure.go:84","msg":"Azcopy output: \n\r100.0 %, 1 Done, 0 Failed, 0 Pending, 0 Skipped, 1 Total, 2-sec Throughput (Mb/s): 0.002\nTotal time taken to upload(min) :0.0333\n, stderr: "}
{"level":"info","time":"2026-06-11T10:00:04.109+0530","caller":"storage/azure.go:123","msg":"File: yaml\\linux\\mask-0b971830-e038-4575-a712-a9c0703906ba.yaml upload completed in 4.6019253s"}
{"level":"debug","time":"2026-06-11T10:00:11.798+0530","caller":"events/manager.go:356","msg":"No new messages received from SSE for jobID: 0b971830-e038-4575-a712-a9c0703906ba. Fetching from APIs"}
{"level":"info","time":"2026-06-11T10:00:12.585+0530","caller":"jobmanager/sse_setup.go:86","msg":"\nJob 0b971830-e038-4575-a712-a9c0703906ba has INITIATED"}
{"level":"info","time":"2026-06-11T10:00:12.586+0530","caller":"jobmanager/manager.go:138","msg":"Job Link: https://hyperexecute.lambdatest.com/hyperexecute/task?jobId=0b971830-e038-4575-a712-a9c0703906ba\n"}
{"level":"debug","time":"2026-06-11T10:00:43.347+0530","caller":"events/manager.go:356","msg":"No new messages received from SSE for jobID: 0b971830-e038-4575-a712-a9c0703906ba. Fetching from APIs"}
{"level":"info","time":"2026-06-11T10:00:44.894+0530","caller":"terminal/terminal.go:187","msg":"✔ [1]  cache-download (1s)\n"}
{"level":"debug","time":"2026-06-11T10:01:14.893+0530","caller":"events/manager.go:356","msg":"No new messages received from SSE for jobID: 0b971830-e038-4575-a712-a9c0703906ba. Fetching from APIs"}
{"level":"debug","time":"2026-06-11T10:01:46.419+0530","caller":"events/manager.go:356","msg":"No new messages received from SSE for jobID: 0b971830-e038-4575-a712-a9c0703906ba. Fetching from APIs"}
{"level":"info","time":"2026-06-11T10:01:48.108+0530","caller":"terminal/terminal.go:187","msg":"✔ [1]  pre (44s)\n"}
{"level":"info","time":"2026-06-11T10:01:48.110+0530","caller":"terminal/terminal.go:187","msg":"✔ [1]  discovery (0s)\n"}
{"level":"debug","time":"2026-06-11T10:02:18.106+0530","caller":"events/manager.go:356","msg":"No new messages received from SSE for jobID: 0b971830-e038-4575-a712-a9c0703906ba. Fetching from APIs"}
{"level":"debug","time":"2026-06-11T10:02:49.796+0530","caller":"events/manager.go:356","msg":"No new messages received from SSE for jobID: 0b971830-e038-4575-a712-a9c0703906ba. Fetching from APIs"}
{"level":"debug","time":"2026-06-11T10:03:21.639+0530","caller":"events/manager.go:356","msg":"No new messages received from SSE for jobID: 0b971830-e038-4575-a712-a9c0703906ba. Fetching from APIs"}
{"level":"debug","time":"2026-06-11T10:03:32.661+0530","caller":"events/manager.go:279","msg":"SSE connection completed. Reconnecting!!"}
{"level":"debug","time":"2026-06-11T10:03:53.614+0530","caller":"events/manager.go:356","msg":"No new messages received from SSE for jobID: 0b971830-e038-4575-a712-a9c0703906ba. Fetching from APIs"}
{"level":"debug","time":"2026-06-11T10:04:25.312+0530","caller":"events/manager.go:356","msg":"No new messages received from SSE for jobID: 0b971830-e038-4575-a712-a9c0703906ba. Fetching from APIs"}
{"level":"debug","time":"2026-06-11T10:04:57.016+0530","caller":"events/manager.go:356","msg":"No new messages received from SSE for jobID: 0b971830-e038-4575-a712-a9c0703906ba. Fetching from APIs"}
{"level":"error","time":"2026-06-11T10:04:58.489+0530","caller":"jobmanager/sse_setup.go:104","msg":"2026-06-11T09:59:30+05:30    error    ERR::JOB::STS     Job aborted!"}
{"level":"debug","time":"2026-06-11T10:04:58.489+0530","caller":"jobmanager/sse_setup.go:134","msg":"\n\nJob status"}
{"level":"info","time":"2026-06-11T10:04:59.184+0530","caller":"jobmanager/JobSummaryManager.go:54","msg":"\n ABORTED \n"}
{"level":"info","time":"2026-06-11T10:04:59.184+0530","caller":"jobmanager/JobSummaryManager.go:113","msg":"    Test Execution Time:                  2m33s"}
{"level":"info","time":"2026-06-11T10:04:59.185+0530","caller":"jobmanager/JobSummaryManager.go:113","msg":"    Job Duration Time:                    4m56s"}
{"level":"info","time":"2026-06-11T10:04:59.185+0530","caller":"jobmanager/JobSummaryManager.go:113","msg":"    Total Tasks:                          1"}
{"level":"info","time":"2026-06-11T10:04:59.185+0530","caller":"jobmanager/JobSummaryManager.go:113","msg":"    Cumulative Time Consumed:             4m5s"}
{"level":"info","time":"2026-06-11T10:04:59.186+0530","caller":"jobmanager/JobSummaryManager.go:113","msg":"    Total Stages:                         3"}
{"level":"info","time":"2026-06-11T10:04:59.186+0530","caller":"jobmanager/JobSummaryManager.go:113","msg":"    Pass discovery stage percentage:      100.00%"}
{"level":"info","time":"2026-06-11T10:04:59.186+0530","caller":"jobmanager/JobSummaryManager.go:113","msg":"    Failed discovery stage percentage:    0.00%"}
{"level":"info","time":"2026-06-11T10:04:59.186+0530","caller":"jobmanager/JobSummaryManager.go:113","msg":"    Pass pre stage percentage:            100.00%"}
{"level":"info","time":"2026-06-11T10:04:59.186+0530","caller":"jobmanager/JobSummaryManager.go:113","msg":"    Failed pre stage percentage:          0.00%"}
{"level":"info","time":"2026-06-11T10:04:59.186+0530","caller":"jobmanager/JobSummaryManager.go:113","msg":"    Pass test stage percentage:           0.00%"}
{"level":"info","time":"2026-06-11T10:04:59.187+0530","caller":"jobmanager/JobSummaryManager.go:113","msg":"    Failed test stage percentage:         100.00%"}
{"level":"info","time":"2026-06-11T10:04:59.187+0530","caller":"jobmanager/JobSummaryManager.go:113","msg":"    Pass post stage percentage:           0.00%"}
{"level":"info","time":"2026-06-11T10:04:59.187+0530","caller":"jobmanager/JobSummaryManager.go:113","msg":"    Failed post stage percentage:         0.00%"}
{"level":"info","time":"2026-06-11T10:04:59.187+0530","caller":"jobmanager/JobSummaryManager.go:113","msg":"    Failed Tasks:                         0"}
{"level":"info","time":"2026-06-11T10:04:59.187+0530","caller":"jobmanager/JobSummaryManager.go:58","msg":""}
{"level":"debug","time":"2026-06-11T10:04:59.190+0530","caller":"core/lifecycle.go:933","msg":"Context canceled"}
{"level":"info","time":"2026-06-11T10:04:59.190+0530","caller":"events/manager.go:338","msg":"context done and stopping SSE"}
{"level":"debug","time":"2026-06-11T10:04:59.193+0530","caller":"events/manager.go:256","msg":"Stopping event manager"}
{"level":"info","time":"2026-06-11T10:04:59.190+0530","caller":"core/lifecycle.go:936","msg":"Stopping pipeline gracefully"}
{"level":"error","time":"2026-06-11T10:04:59.195+0530","caller":"core/lifecycle.go:939","msg":"2026-06-11T09:59:30+05:30    error    Exiting with error: Job aborted."}
{"level":"info","time":"2026-06-11T10:04:59.195+0530","caller":"jobmanager/manager.go:138","msg":"Job Link: https://hyperexecute.lambdatest.com/hyperexecute/task?jobId=0b971830-e038-4575-a712-a9c0703906ba\n"}
{"level":"debug","time":"2026-06-11T10:04:59.195+0530","caller":"core/lifecycle.go:75","msg":"Quit requested from main goroutine...."}
{"level":"debug","time":"2026-06-11T10:04:59.195+0530","caller":"core/lifecycle.go:76","msg":"Waiting for the goroutines to exit"}
{"level":"debug","time":"2026-06-11T10:04:59.195+0530","caller":"core/lifecycle.go:79","msg":"All lifecycle goroutines exited"}
{"level":"debug","time":"2026-06-11T10:04:59.195+0530","caller":"cmd/bin.go:361","msg":"main: all goroutines have finished."}
{"level":"debug","time":"2026-06-11T10:04:59.195+0530","caller":"cmd/bin.go:400","msg":"Exiting application due to error Job aborted."}
{"level":"debug","time":"2026-06-11T10:54:32.646+0530","caller":"cmd/bin.go:145","msg":"cli os: windows, cli arch: amd64"}
{"level":"debug","time":"2026-06-11T10:54:33.441+0530","caller":"cmd/bin.go:154","msg":"Upstream version details: {Name:cli Min:0.2.265 Max:0.2.343} "}
{"level":"info","time":"2026-06-11T10:54:33.441+0530","caller":"cmd/bin.go:202","msg":"Generating TraceID for tracking request: 01KTTJ787F63KBJGC1W7CPXM17 \n"}
{"level":"warn","time":"2026-06-11T10:54:33.484+0530","caller":"globalconfigvalidator/setup.go:45","msg":"Found user credentials in env and cli flag both, credentials in env will be ignored"}
{"level":"warn","time":"2026-06-11T10:54:33.485+0530","caller":"globalconfigvalidator/setup.go:50","msg":"Found key credentials in env and cli flag both, credentials in env will be ignored"}
{"level":"debug","time":"2026-06-11T10:54:38.818+0530","caller":"core/lifecycle.go:123","msg":"Setting environment"}
{"level":"debug","time":"2026-06-11T10:54:38.818+0530","caller":"core/lifecycle.go:126","msg":"Parsing config"}
{"level":"debug","time":"2026-06-11T10:54:38.818+0530","caller":"yamlconfigmanager/setup.go:725","msg":"Custom location for .hyperexecute.yaml specified. Using: ./yaml/linux/.hyperexecute_autosplits.yaml"}
{"level":"debug","time":"2026-06-11T10:54:38.819+0530","caller":"yamlconfigmanager/setup.go:117","msg":"using hyperexecute config from : ./yaml/linux/.hyperexecute_autosplits.yaml"}
{"level":"debug","time":"2026-06-11T10:54:40.794+0530","caller":"yamlconfigmanager/setup.go:2153","msg":"Autodetecting test type in files of path : C:\\PW102\\HyperExecute-Playwright-Vanilla-Javascript-main"}
{"level":"debug","time":"2026-06-11T10:54:40.837+0530","caller":"yamlconfigmanager/setup.go:2195","msg":"File in which test type is detected - C:\\PW102\\HyperExecute-Playwright-Vanilla-Javascript-main/package.json"}
{"level":"debug","time":"2026-06-11T10:54:40.837+0530","caller":"yamlconfigmanager/setup.go:2196","msg":"Pre command in which test type is detected - npx playwright install"}
{"level":"debug","time":"2026-06-11T10:54:40.837+0530","caller":"yamlconfigmanager/setup.go:515","msg":"Automatic test type detected - playwright"}
{"level":"debug","time":"2026-06-11T10:54:40.838+0530","caller":"yamlconfigmanager/setup.go:547","msg":"Tunnel: false"}
{"level":"info","time":"2026-06-11T10:54:40.838+0530","caller":"models/HypertestYamlConfig.go:974","msg":"\n\u001b[4m\u001b[1m\u001b[97mExecution Plan\u001b[0m\u001b[22m\u001b[24m"}
{"level":"info","time":"2026-06-11T10:54:40.838+0530","caller":"models/HypertestYamlConfig.go:775","msg":"Mode:    \u001b[36mautosplit\u001b[0m"}
{"level":"info","time":"2026-06-11T10:54:40.838+0530","caller":"models/HypertestYamlConfig.go:835","msg":"Runson:    \u001b[36mlinux\u001b[0m"}
{"level":"info","time":"2026-06-11T10:54:40.838+0530","caller":"models/HypertestYamlConfig.go:843","msg":"Concurrency:    \u001b[36m2\u001b[0m"}
{"level":"info","time":"2026-06-11T10:54:40.838+0530","caller":"models/HypertestYamlConfig.go:907","msg":"Report:    \u001b[36menabled\u001b[0m"}
{"level":"info","time":"2026-06-11T10:54:40.839+0530","caller":"models/HypertestYamlConfig.go:939","msg":"Cache Directories:"}
{"level":"info","time":"2026-06-11T10:54:40.839+0530","caller":"models/HypertestYamlConfig.go:941","msg":"    \u001b[36mnode_modules\u001b[0m"}
{"level":"info","time":"2026-06-11T10:54:40.839+0530","caller":"models/HypertestYamlConfig.go:987","msg":""}
{"level":"debug","time":"2026-06-11T10:54:40.839+0530","caller":"filevalidator/setup.go:49","msg":"Warning: Checking data.json file in current directory, no dataJsonPath found in .hyperexecute.yaml"}
{"level":"debug","time":"2026-06-11T10:54:40.839+0530","caller":"filevalidator/setup.go:53","msg":"Warning: data.json file doesn't exist"}
{"level":"info","time":"2026-06-11T10:54:44.207+0530","caller":"core/lifecycle.go:457","msg":"\u001b[102m\u001b[1m\u001b[30mYou've consumed 25.67 % of your limit. Free trial mins left - 223.00\u001b[0m\u001b[22m\u001b[0m"}
{"level":"debug","time":"2026-06-11T10:54:44.207+0530","caller":"core/lifecycle.go:536","msg":"Job ID: dc9db051-7242-498e-be58-56f563dbdf86"}
{"level":"debug","time":"2026-06-11T10:54:44.207+0530","caller":"core/lifecycle.go:539","msg":"User - musharrafali17696, triggered job with ID dc9db051-7242-498e-be58-56f563dbdf86 from CLI"}
{"level":"debug","time":"2026-06-11T10:54:44.207+0530","caller":"core/lifecycle.go:542","msg":"User has provided playwright as test type for the job with ID dc9db051-7242-498e-be58-56f563dbdf86"}
{"level":"debug","time":"2026-06-11T10:54:44.207+0530","caller":"events/manager.go:97","msg":"Starting event manager"}
{"level":"debug","time":"2026-06-11T10:54:44.208+0530","caller":"events/manager.go:99","msg":"SSE enabled, getting SSE connection"}
{"level":"debug","time":"2026-06-11T10:54:44.209+0530","caller":"archivemanager/setup.go:339","msg":"digestMap: map[]"}
{"level":"debug","time":"2026-06-11T10:54:44.209+0530","caller":"archivemanager/setup.go:345","msg":"Creating archive of target directory: C:\\PW102\\HyperExecute-Playwright-Vanilla-Javascript-main"}
{"level":"debug","time":"2026-06-11T10:54:46.437+0530","caller":"core/lifecycle.go:693","msg":"Zip file size: 11.48 MB"}
{"level":"debug","time":"2026-06-11T10:54:46.437+0530","caller":"core/lifecycle.go:703","msg":"Archive location: C:\\PW102\\HyperExecute-Playwright-Vanilla-Javascript-main\\hyperexecute-code-dc9db051-7242-498e-be58-56f563dbdf86.zip\n"}
{"level":"debug","time":"2026-06-11T10:54:46.470+0530","caller":"storage/azure.go:60","msg":"Payload size: 11.48 MB, source path C:\\PW102\\HyperExecute-Playwright-Vanilla-Javascript-main\\hyperexecute-code-dc9db051-7242-498e-be58-56f563dbdf86.zip"}
{"level":"debug","time":"2026-06-11T10:54:56.636+0530","caller":"storage/azure.go:84","msg":"Azcopy output: \n\r0.0 %, 0 Done, 0 Failed, 1 Pending, 0 Skipped, 1 Total, 2-sec Throughput (Mb/s): 24.7018\r26.9 %, 0 Done, 0 Failed, 1 Pending, 0 Skipped, 1 Total, 2-sec Throughput (Mb/s): 21.0985\r26.9 %, 0 Done, 0 Failed, 1 Pending, 0 Skipped, 1 Total,                                 \r100.0 %, 1 Done, 0 Failed, 0 Pending, 0 Skipped, 1 Total, \nTotal time taken to upload(min) :0.1335\n, stderr: "}
{"level":"info","time":"2026-06-11T10:54:56.636+0530","caller":"storage/azure.go:123","msg":"File: C:\\PW102\\HyperExecute-Playwright-Vanilla-Javascript-main\\hyperexecute-code-dc9db051-7242-498e-be58-56f563dbdf86.zip upload completed in 10.1975108s"}
{"level":"debug","time":"2026-06-11T10:54:56.637+0530","caller":"receptionmanager/setup.go:274","msg":"number of entries in runtimes: 0, switching to new yaml format"}
{"level":"debug","time":"2026-06-11T10:54:56.637+0530","caller":"receptionmanager/setup.go:303","msg":"number of entries in partialreports: 0, switching to new yaml format"}
{"level":"debug","time":"2026-06-11T10:54:56.638+0530","caller":"receptionmanager/setup.go:188","msg":"Uploading yaml : C:\\PW102\\HyperExecute-Playwright-Vanilla-Javascript-main\\.updatedhyperexecute.yaml"}
{"level":"debug","time":"2026-06-11T10:54:56.673+0530","caller":"storage/azure.go:60","msg":"Payload size: 3.88 kB, source path C:\\PW102\\HyperExecute-Playwright-Vanilla-Javascript-main\\.updatedhyperexecute.yaml"}
{"level":"debug","time":"2026-06-11T10:55:00.803+0530","caller":"storage/azure.go:84","msg":"Azcopy output: \n\r100.0 %, 1 Done, 0 Failed, 0 Pending, 0 Skipped, 1 Total, 2-sec Throughput (Mb/s): 0.0155\nTotal time taken to upload(min) :0.0333\n, stderr: "}
{"level":"info","time":"2026-06-11T10:55:00.803+0530","caller":"storage/azure.go:123","msg":"File: C:\\PW102\\HyperExecute-Playwright-Vanilla-Javascript-main\\.updatedhyperexecute.yaml upload completed in 4.1650539s"}
{"level":"debug","time":"2026-06-11T10:55:00.806+0530","caller":"core/lifecycle.go:730","msg":"Successfully deleted code archive: C:\\PW102\\HyperExecute-Playwright-Vanilla-Javascript-main\\hyperexecute-code-dc9db051-7242-498e-be58-56f563dbdf86.zip\n"}
{"level":"debug","time":"2026-06-11T10:55:00.840+0530","caller":"storage/azure.go:60","msg":"Payload size: 587 B, source path yaml\\linux\\mask-dc9db051-7242-498e-be58-56f563dbdf86.yaml"}
{"level":"debug","time":"2026-06-11T10:55:04.937+0530","caller":"storage/azure.go:84","msg":"Azcopy output: \n\r100.0 %, 1 Done, 0 Failed, 0 Pending, 0 Skipped, 1 Total, 2-sec Throughput (Mb/s): 0.0023\nTotal time taken to upload(min) :0.0333\n, stderr: "}
{"level":"info","time":"2026-06-11T10:55:04.937+0530","caller":"storage/azure.go:123","msg":"File: yaml\\linux\\mask-dc9db051-7242-498e-be58-56f563dbdf86.yaml upload completed in 4.1288643s"}
{"level":"debug","time":"2026-06-11T10:55:14.208+0530","caller":"events/manager.go:356","msg":"No new messages received from SSE for jobID: dc9db051-7242-498e-be58-56f563dbdf86. Fetching from APIs"}
{"level":"info","time":"2026-06-11T10:55:15.034+0530","caller":"jobmanager/sse_setup.go:84","msg":"\nJob dc9db051-7242-498e-be58-56f563dbdf86 has started RUNNING"}
{"level":"info","time":"2026-06-11T10:55:15.034+0530","caller":"jobmanager/manager.go:138","msg":"Job Link: https://hyperexecute.lambdatest.com/hyperexecute/task?jobId=dc9db051-7242-498e-be58-56f563dbdf86\n"}
{"level":"info","time":"2026-06-11T10:55:15.795+0530","caller":"terminal/terminal.go:187","msg":"✔ [1]  cache-download (0s)\n"}
{"level":"info","time":"2026-06-11T10:55:15.797+0530","caller":"terminal/terminal.go:187","msg":"✔ [2]  cache-download (1s)\n"}
{"level":"debug","time":"2026-06-11T10:55:45.794+0530","caller":"events/manager.go:356","msg":"No new messages received from SSE for jobID: dc9db051-7242-498e-be58-56f563dbdf86. Fetching from APIs"}
{"level":"debug","time":"2026-06-11T10:56:17.289+0530","caller":"events/manager.go:356","msg":"No new messages received from SSE for jobID: dc9db051-7242-498e-be58-56f563dbdf86. Fetching from APIs"}
{"level":"debug","time":"2026-06-11T10:56:19.007+0530","caller":"jobmanager/sse_setup.go:134","msg":"\n\nJob status"}
{"level":"info","time":"2026-06-11T10:56:19.008+0530","caller":"core/lifecycle.go:820","msg":"taskId:HYPL-3042128-1781155506018746243ZTV has failed with remark: Job failed as encountered a Test level failure\n"}
{"level":"info","time":"2026-06-11T10:56:19.008+0530","caller":"core/lifecycle.go:820","msg":"taskId:HYPL-3042128-1781155506024177729UUC has failed with remark: Job failed as encountered a Test level failure\n"}
{"level":"info","time":"2026-06-11T10:56:19.031+0530","caller":"terminal/terminal.go:187","msg":"✔ [1]  pre (39s)\n"}
{"level":"info","time":"2026-06-11T10:56:19.033+0530","caller":"terminal/terminal.go:187","msg":"✔ [1]  discovery (0s)\n"}
{"level":"info","time":"2026-06-11T10:56:19.034+0530","caller":"terminal/terminal.go:187","msg":"x [1]  tests/test_3.spec.js:4:// test.describe('PlayWright Vanilla JS - 3', () => { (0s)\n"}
{"level":"info","time":"2026-06-11T10:56:19.036+0530","caller":"terminal/terminal.go:187","msg":"✔ [2]  pre (41s)\n"}
{"level":"info","time":"2026-06-11T10:56:19.037+0530","caller":"terminal/terminal.go:187","msg":"✔ [2]  discovery (0s)\n"}
{"level":"info","time":"2026-06-11T10:56:19.038+0530","caller":"terminal/terminal.go:187","msg":"x [2]  tests/test_1.spec.js:6:// test.describe('PlayWright Vanilla JS - 1', () => { (0s)\n"}
{"level":"info","time":"2026-06-11T10:56:19.704+0530","caller":"jobmanager/JobSummaryManager.go:54","msg":"\n FAILED \n"}
{"level":"info","time":"2026-06-11T10:56:19.704+0530","caller":"jobmanager/JobSummaryManager.go:113","msg":"    Test Execution Time:                  2s"}
{"level":"info","time":"2026-06-11T10:56:19.705+0530","caller":"jobmanager/JobSummaryManager.go:113","msg":"    Job Duration Time:                    53s"}
{"level":"info","time":"2026-06-11T10:56:19.705+0530","caller":"jobmanager/JobSummaryManager.go:113","msg":"    Total Tasks:                          2"}
{"level":"info","time":"2026-06-11T10:56:19.705+0530","caller":"jobmanager/JobSummaryManager.go:113","msg":"    Cumulative Time Consumed:             1m44s"}
{"level":"info","time":"2026-06-11T10:56:19.705+0530","caller":"jobmanager/JobSummaryManager.go:113","msg":"    Total Stages:                         6"}
{"level":"info","time":"2026-06-11T10:56:19.705+0530","caller":"jobmanager/JobSummaryManager.go:113","msg":"    Pass discovery stage percentage:      100.00%"}
{"level":"info","time":"2026-06-11T10:56:19.705+0530","caller":"jobmanager/JobSummaryManager.go:113","msg":"    Failed discovery stage percentage:    0.00%"}
{"level":"info","time":"2026-06-11T10:56:19.705+0530","caller":"jobmanager/JobSummaryManager.go:113","msg":"    Pass pre stage percentage:            100.00%"}
{"level":"info","time":"2026-06-11T10:56:19.706+0530","caller":"jobmanager/JobSummaryManager.go:113","msg":"    Failed pre stage percentage:          0.00%"}
{"level":"info","time":"2026-06-11T10:56:19.706+0530","caller":"jobmanager/JobSummaryManager.go:113","msg":"    Pass test stage percentage:           0.00%"}
{"level":"info","time":"2026-06-11T10:56:19.706+0530","caller":"jobmanager/JobSummaryManager.go:113","msg":"    Failed test stage percentage:         100.00%"}
{"level":"info","time":"2026-06-11T10:56:19.706+0530","caller":"jobmanager/JobSummaryManager.go:113","msg":"    Pass post stage percentage:           0.00%"}
{"level":"info","time":"2026-06-11T10:56:19.706+0530","caller":"jobmanager/JobSummaryManager.go:113","msg":"    Failed post stage percentage:         0.00%"}
{"level":"info","time":"2026-06-11T10:56:19.706+0530","caller":"jobmanager/JobSummaryManager.go:113","msg":"    Failed Tasks:                         2"}
{"level":"info","time":"2026-06-11T10:56:19.706+0530","caller":"jobmanager/JobSummaryManager.go:58","msg":""}
{"level":"debug","time":"2026-06-11T10:56:19.709+0530","caller":"core/lifecycle.go:933","msg":"Context canceled"}
{"level":"info","time":"2026-06-11T10:56:19.709+0530","caller":"events/manager.go:338","msg":"context done and stopping SSE"}
{"level":"debug","time":"2026-06-11T10:56:19.709+0530","caller":"events/manager.go:256","msg":"Stopping event manager"}
{"level":"info","time":"2026-06-11T10:56:19.709+0530","caller":"core/lifecycle.go:936","msg":"Stopping pipeline gracefully"}
{"level":"error","time":"2026-06-11T10:56:19.710+0530","caller":"core/lifecycle.go:939","msg":"2026-06-11T10:54:31+05:30    error    Exiting with error: Failed tasks found."}
{"level":"info","time":"2026-06-11T10:56:19.710+0530","caller":"jobmanager/manager.go:138","msg":"Job Link: https://hyperexecute.lambdatest.com/hyperexecute/task?jobId=dc9db051-7242-498e-be58-56f563dbdf86\n"}
{"level":"debug","time":"2026-06-11T10:56:19.710+0530","caller":"core/lifecycle.go:75","msg":"Quit requested from main goroutine...."}
{"level":"debug","time":"2026-06-11T10:56:19.710+0530","caller":"core/lifecycle.go:76","msg":"Waiting for the goroutines to exit"}
{"level":"debug","time":"2026-06-11T10:56:19.710+0530","caller":"core/lifecycle.go:79","msg":"All lifecycle goroutines exited"}
{"level":"debug","time":"2026-06-11T10:56:19.710+0530","caller":"cmd/bin.go:361","msg":"main: all goroutines have finished."}
{"level":"debug","time":"2026-06-11T10:56:19.710+0530","caller":"cmd/bin.go:400","msg":"Exiting application due to error Failed tasks found."}
{"level":"debug","time":"2026-06-11T10:59:28.847+0530","caller":"cmd/bin.go:145","msg":"cli os: windows, cli arch: amd64"}
{"level":"debug","time":"2026-06-11T10:59:29.626+0530","caller":"cmd/bin.go:154","msg":"Upstream version details: {Name:cli Min:0.2.265 Max:0.2.343} "}
{"level":"info","time":"2026-06-11T10:59:29.626+0530","caller":"cmd/bin.go:202","msg":"Generating TraceID for tracking request: 01KTTJG9JVN4J9VZVVGWMH97HJ \n"}
{"level":"warn","time":"2026-06-11T10:59:29.630+0530","caller":"globalconfigvalidator/setup.go:45","msg":"Found user credentials in env and cli flag both, credentials in env will be ignored"}
{"level":"warn","time":"2026-06-11T10:59:29.631+0530","caller":"globalconfigvalidator/setup.go:50","msg":"Found key credentials in env and cli flag both, credentials in env will be ignored"}
{"level":"debug","time":"2026-06-11T10:59:33.423+0530","caller":"core/lifecycle.go:123","msg":"Setting environment"}
{"level":"debug","time":"2026-06-11T10:59:33.423+0530","caller":"core/lifecycle.go:126","msg":"Parsing config"}
{"level":"debug","time":"2026-06-11T10:59:33.423+0530","caller":"yamlconfigmanager/setup.go:725","msg":"Custom location for .hyperexecute.yaml specified. Using: ./yaml/linux/.hyperexecute_autosplits.yaml"}
{"level":"debug","time":"2026-06-11T10:59:33.423+0530","caller":"yamlconfigmanager/setup.go:117","msg":"using hyperexecute config from : ./yaml/linux/.hyperexecute_autosplits.yaml"}
{"level":"debug","time":"2026-06-11T10:59:35.406+0530","caller":"yamlconfigmanager/setup.go:2153","msg":"Autodetecting test type in files of path : C:\\PW102\\HyperExecute-Playwright-Vanilla-Javascript-main"}
{"level":"debug","time":"2026-06-11T10:59:35.408+0530","caller":"yamlconfigmanager/setup.go:2195","msg":"File in which test type is detected - C:\\PW102\\HyperExecute-Playwright-Vanilla-Javascript-main/package.json"}
{"level":"debug","time":"2026-06-11T10:59:35.408+0530","caller":"yamlconfigmanager/setup.go:2196","msg":"Pre command in which test type is detected - npx playwright install"}
{"level":"debug","time":"2026-06-11T10:59:35.408+0530","caller":"yamlconfigmanager/setup.go:515","msg":"Automatic test type detected - playwright"}
{"level":"debug","time":"2026-06-11T10:59:35.408+0530","caller":"yamlconfigmanager/setup.go:547","msg":"Tunnel: false"}
{"level":"info","time":"2026-06-11T10:59:35.408+0530","caller":"models/HypertestYamlConfig.go:974","msg":"\n\u001b[4m\u001b[1m\u001b[97mExecution Plan\u001b[0m\u001b[22m\u001b[24m"}
{"level":"info","time":"2026-06-11T10:59:35.409+0530","caller":"models/HypertestYamlConfig.go:775","msg":"Mode:    \u001b[36mautosplit\u001b[0m"}
{"level":"info","time":"2026-06-11T10:59:35.409+0530","caller":"models/HypertestYamlConfig.go:835","msg":"Runson:    \u001b[36mlinux\u001b[0m"}
{"level":"info","time":"2026-06-11T10:59:35.409+0530","caller":"models/HypertestYamlConfig.go:843","msg":"Concurrency:    \u001b[36m2\u001b[0m"}
{"level":"info","time":"2026-06-11T10:59:35.409+0530","caller":"models/HypertestYamlConfig.go:907","msg":"Report:    \u001b[36menabled\u001b[0m"}
{"level":"info","time":"2026-06-11T10:59:35.409+0530","caller":"models/HypertestYamlConfig.go:921","msg":"Artefacts:"}
{"level":"info","time":"2026-06-11T10:59:35.409+0530","caller":"models/HypertestYamlConfig.go:924","msg":"    Executed-Job-Artifacts:    \u001b[36mplaywright-report/index.html\u001b[0m"}
{"level":"info","time":"2026-06-11T10:59:35.409+0530","caller":"models/HypertestYamlConfig.go:924","msg":"    My-Job-Artifacts:    \u001b[36msrc/collect/info.html\u001b[0m"}
{"level":"info","time":"2026-06-11T10:59:35.410+0530","caller":"models/HypertestYamlConfig.go:939","msg":"Cache Directories:"}
{"level":"info","time":"2026-06-11T10:59:35.410+0530","caller":"models/HypertestYamlConfig.go:941","msg":"    \u001b[36mnode_modules\u001b[0m"}
{"level":"info","time":"2026-06-11T10:59:35.410+0530","caller":"models/HypertestYamlConfig.go:987","msg":""}
{"level":"debug","time":"2026-06-11T10:59:35.410+0530","caller":"filevalidator/setup.go:49","msg":"Warning: Checking data.json file in current directory, no dataJsonPath found in .hyperexecute.yaml"}
{"level":"debug","time":"2026-06-11T10:59:35.410+0530","caller":"filevalidator/setup.go:53","msg":"Warning: data.json file doesn't exist"}
{"level":"info","time":"2026-06-11T10:59:39.162+0530","caller":"core/lifecycle.go:457","msg":"\u001b[102m\u001b[1m\u001b[30mYou've consumed 26.33 % of your limit. Free trial mins left - 221.00\u001b[0m\u001b[22m\u001b[0m"}
{"level":"debug","time":"2026-06-11T10:59:39.163+0530","caller":"core/lifecycle.go:536","msg":"Job ID: 62eb4691-7f66-4aa5-aba7-18fbc02763a4"}
{"level":"debug","time":"2026-06-11T10:59:39.163+0530","caller":"core/lifecycle.go:539","msg":"User - musharrafali17696, triggered job with ID 62eb4691-7f66-4aa5-aba7-18fbc02763a4 from CLI"}
{"level":"debug","time":"2026-06-11T10:59:39.163+0530","caller":"core/lifecycle.go:542","msg":"User has provided playwright as test type for the job with ID 62eb4691-7f66-4aa5-aba7-18fbc02763a4"}
{"level":"debug","time":"2026-06-11T10:59:39.163+0530","caller":"events/manager.go:97","msg":"Starting event manager"}
{"level":"debug","time":"2026-06-11T10:59:39.163+0530","caller":"events/manager.go:99","msg":"SSE enabled, getting SSE connection"}
{"level":"debug","time":"2026-06-11T10:59:39.164+0530","caller":"archivemanager/setup.go:339","msg":"digestMap: map[]"}
{"level":"debug","time":"2026-06-11T10:59:39.164+0530","caller":"archivemanager/setup.go:345","msg":"Creating archive of target directory: C:\\PW102\\HyperExecute-Playwright-Vanilla-Javascript-main"}
{"level":"debug","time":"2026-06-11T10:59:40.702+0530","caller":"core/lifecycle.go:693","msg":"Zip file size: 11.48 MB"}
{"level":"debug","time":"2026-06-11T10:59:40.702+0530","caller":"core/lifecycle.go:703","msg":"Archive location: C:\\PW102\\HyperExecute-Playwright-Vanilla-Javascript-main\\hyperexecute-code-62eb4691-7f66-4aa5-aba7-18fbc02763a4.zip\n"}
{"level":"debug","time":"2026-06-11T10:59:40.729+0530","caller":"storage/azure.go:60","msg":"Payload size: 11.48 MB, source path C:\\PW102\\HyperExecute-Playwright-Vanilla-Javascript-main\\hyperexecute-code-62eb4691-7f66-4aa5-aba7-18fbc02763a4.zip"}
{"level":"debug","time":"2026-06-11T10:59:48.807+0530","caller":"storage/azure.go:84","msg":"Azcopy output: \n\r0.0 %, 0 Done, 0 Failed, 1 Pending, 0 Skipped, 1 Total, 2-sec Throughput (Mb/s): 45.9237\r0.0 %, 0 Done, 0 Failed, 1 Pending, 0 Skipped, 1 Total,                                 \r100.0 %, 1 Done, 0 Failed, 0 Pending, 0 Skipped, 1 Total, \nTotal time taken to upload(min) :0.1\n, stderr: "}
{"level":"info","time":"2026-06-11T10:59:48.807+0530","caller":"storage/azure.go:123","msg":"File: C:\\PW102\\HyperExecute-Playwright-Vanilla-Javascript-main\\hyperexecute-code-62eb4691-7f66-4aa5-aba7-18fbc02763a4.zip upload completed in 8.1046684s"}
{"level":"debug","time":"2026-06-11T10:59:48.808+0530","caller":"receptionmanager/setup.go:274","msg":"number of entries in runtimes: 0, switching to new yaml format"}
{"level":"debug","time":"2026-06-11T10:59:48.808+0530","caller":"receptionmanager/setup.go:303","msg":"number of entries in partialreports: 0, switching to new yaml format"}
{"level":"debug","time":"2026-06-11T10:59:48.809+0530","caller":"receptionmanager/setup.go:188","msg":"Uploading yaml : C:\\PW102\\HyperExecute-Playwright-Vanilla-Javascript-main\\.updatedhyperexecute.yaml"}
{"level":"debug","time":"2026-06-11T10:59:48.837+0530","caller":"storage/azure.go:60","msg":"Payload size: 4.53 kB, source path C:\\PW102\\HyperExecute-Playwright-Vanilla-Javascript-main\\.updatedhyperexecute.yaml"}
{"level":"debug","time":"2026-06-11T10:59:52.868+0530","caller":"storage/azure.go:84","msg":"Azcopy output: \n\r100.0 %, 1 Done, 0 Failed, 0 Pending, 0 Skipped, 1 Total, 2-sec Throughput (Mb/s): 0.0181\nTotal time taken to upload(min) :0.0333\n, stderr: "}
{"level":"info","time":"2026-06-11T10:59:52.868+0530","caller":"storage/azure.go:123","msg":"File: C:\\PW102\\HyperExecute-Playwright-Vanilla-Javascript-main\\.updatedhyperexecute.yaml upload completed in 4.0590494s"}
{"level":"debug","time":"2026-06-11T10:59:52.872+0530","caller":"core/lifecycle.go:730","msg":"Successfully deleted code archive: C:\\PW102\\HyperExecute-Playwright-Vanilla-Javascript-main\\hyperexecute-code-62eb4691-7f66-4aa5-aba7-18fbc02763a4.zip\n"}
{"level":"debug","time":"2026-06-11T10:59:52.904+0530","caller":"storage/azure.go:60","msg":"Payload size: 830 B, source path yaml\\linux\\mask-62eb4691-7f66-4aa5-aba7-18fbc02763a4.yaml"}
{"level":"debug","time":"2026-06-11T10:59:56.848+0530","caller":"storage/azure.go:84","msg":"Azcopy output: \n\r100.0 %, 1 Done, 0 Failed, 0 Pending, 0 Skipped, 1 Total, 2-sec Throughput (Mb/s): 0.0033\nTotal time taken to upload(min) :0.0333\n, stderr: "}
{"level":"info","time":"2026-06-11T10:59:56.849+0530","caller":"storage/azure.go:123","msg":"File: yaml\\linux\\mask-62eb4691-7f66-4aa5-aba7-18fbc02763a4.yaml upload completed in 3.9747098s"}
{"level":"debug","time":"2026-06-11T11:00:09.163+0530","caller":"events/manager.go:356","msg":"No new messages received from SSE for jobID: 62eb4691-7f66-4aa5-aba7-18fbc02763a4. Fetching from APIs"}
{"level":"info","time":"2026-06-11T11:00:09.890+0530","caller":"jobmanager/sse_setup.go:84","msg":"\nJob 62eb4691-7f66-4aa5-aba7-18fbc02763a4 has started RUNNING"}
{"level":"info","time":"2026-06-11T11:00:09.890+0530","caller":"jobmanager/manager.go:138","msg":"Job Link: https://hyperexecute.lambdatest.com/hyperexecute/task?jobId=62eb4691-7f66-4aa5-aba7-18fbc02763a4\n"}
{"level":"info","time":"2026-06-11T11:00:10.611+0530","caller":"terminal/terminal.go:187","msg":"✔ [1]  cache-download (0s)\n"}
{"level":"info","time":"2026-06-11T11:00:10.613+0530","caller":"terminal/terminal.go:187","msg":"✔ [2]  cache-download (0s)\n"}
{"level":"debug","time":"2026-06-11T11:00:40.610+0530","caller":"events/manager.go:356","msg":"No new messages received from SSE for jobID: 62eb4691-7f66-4aa5-aba7-18fbc02763a4. Fetching from APIs"}
{"level":"debug","time":"2026-06-11T11:01:12.235+0530","caller":"events/manager.go:356","msg":"No new messages received from SSE for jobID: 62eb4691-7f66-4aa5-aba7-18fbc02763a4. Fetching from APIs"}
{"level":"info","time":"2026-06-11T11:01:13.882+0530","caller":"terminal/terminal.go:187","msg":"✔ [1]  pre (44s)\n"}
{"level":"info","time":"2026-06-11T11:01:13.885+0530","caller":"terminal/terminal.go:187","msg":"✔ [1]  discovery (0s)\n"}
{"level":"info","time":"2026-06-11T11:01:13.886+0530","caller":"terminal/terminal.go:187","msg":"✔ [1]  tests/test_3.spec.js:4 (16s)\n"}
{"level":"info","time":"2026-06-11T11:01:13.888+0530","caller":"terminal/terminal.go:187","msg":"✔ [2]  pre (45s)\n"}
{"level":"info","time":"2026-06-11T11:01:13.890+0530","caller":"terminal/terminal.go:187","msg":"✔ [2]  discovery (0s)\n"}
{"level":"debug","time":"2026-06-11T11:01:43.882+0530","caller":"events/manager.go:356","msg":"No new messages received from SSE for jobID: 62eb4691-7f66-4aa5-aba7-18fbc02763a4. Fetching from APIs"}
{"level":"info","time":"2026-06-11T11:01:45.493+0530","caller":"terminal/terminal.go:187","msg":"✔ [2]  tests/test_1.spec.js:6 (25s)\n"}
{"level":"debug","time":"2026-06-11T11:02:15.492+0530","caller":"events/manager.go:356","msg":"No new messages received from SSE for jobID: 62eb4691-7f66-4aa5-aba7-18fbc02763a4. Fetching from APIs"}
{"level":"debug","time":"2026-06-11T11:02:17.185+0530","caller":"jobmanager/sse_setup.go:134","msg":"\n\nJob status"}
{"level":"info","time":"2026-06-11T11:02:17.980+0530","caller":"jobmanager/JobSummaryManager.go:54","msg":"\n COMPLETED \n"}
{"level":"info","time":"2026-06-11T11:02:17.981+0530","caller":"jobmanager/JobSummaryManager.go:113","msg":"    Test Execution Time:                  17s"}
{"level":"info","time":"2026-06-11T11:02:17.981+0530","caller":"jobmanager/JobSummaryManager.go:113","msg":"    Job Duration Time:                    1m58s"}
{"level":"info","time":"2026-06-11T11:02:17.982+0530","caller":"jobmanager/JobSummaryManager.go:113","msg":"    Total Tasks:                          2"}
{"level":"info","time":"2026-06-11T11:02:17.982+0530","caller":"jobmanager/JobSummaryManager.go:113","msg":"    Cumulative Time Consumed:             3m44s"}
{"level":"info","time":"2026-06-11T11:02:17.982+0530","caller":"jobmanager/JobSummaryManager.go:113","msg":"    Total Stages:                         6"}
{"level":"info","time":"2026-06-11T11:02:17.982+0530","caller":"jobmanager/JobSummaryManager.go:113","msg":"    Pass discovery stage percentage:      100.00%"}
{"level":"info","time":"2026-06-11T11:02:17.982+0530","caller":"jobmanager/JobSummaryManager.go:113","msg":"    Failed discovery stage percentage:    0.00%"}
{"level":"info","time":"2026-06-11T11:02:17.982+0530","caller":"jobmanager/JobSummaryManager.go:113","msg":"    Pass pre stage percentage:            100.00%"}
{"level":"info","time":"2026-06-11T11:02:17.982+0530","caller":"jobmanager/JobSummaryManager.go:113","msg":"    Failed pre stage percentage:          0.00%"}
{"level":"info","time":"2026-06-11T11:02:17.983+0530","caller":"jobmanager/JobSummaryManager.go:113","msg":"    Pass test stage percentage:           100.00%"}
{"level":"info","time":"2026-06-11T11:02:17.983+0530","caller":"jobmanager/JobSummaryManager.go:113","msg":"    Failed test stage percentage:         0.00%"}
{"level":"info","time":"2026-06-11T11:02:17.983+0530","caller":"jobmanager/JobSummaryManager.go:113","msg":"    Pass post stage percentage:           0.00%"}
{"level":"info","time":"2026-06-11T11:02:17.983+0530","caller":"jobmanager/JobSummaryManager.go:113","msg":"    Failed post stage percentage:         0.00%"}
{"level":"info","time":"2026-06-11T11:02:17.983+0530","caller":"jobmanager/JobSummaryManager.go:113","msg":"    Failed Tasks:                         0"}
{"level":"info","time":"2026-06-11T11:02:17.983+0530","caller":"jobmanager/JobSummaryManager.go:58","msg":""}
{"level":"debug","time":"2026-06-11T11:02:17.985+0530","caller":"core/lifecycle.go:933","msg":"Context canceled"}
{"level":"info","time":"2026-06-11T11:02:17.985+0530","caller":"core/lifecycle.go:936","msg":"Stopping pipeline gracefully"}
{"level":"info","time":"2026-06-11T11:02:17.985+0530","caller":"events/manager.go:338","msg":"context done and stopping SSE"}
{"level":"debug","time":"2026-06-11T11:02:17.987+0530","caller":"events/manager.go:256","msg":"Stopping event manager"}
{"level":"info","time":"2026-06-11T11:02:17.986+0530","caller":"jobmanager/manager.go:138","msg":"Job Link: https://hyperexecute.lambdatest.com/hyperexecute/task?jobId=62eb4691-7f66-4aa5-aba7-18fbc02763a4\n"}
{"level":"debug","time":"2026-06-11T11:02:17.987+0530","caller":"core/lifecycle.go:75","msg":"Quit requested from main goroutine...."}
{"level":"debug","time":"2026-06-11T11:02:17.987+0530","caller":"core/lifecycle.go:76","msg":"Waiting for the goroutines to exit"}
{"level":"debug","time":"2026-06-11T11:02:17.987+0530","caller":"core/lifecycle.go:79","msg":"All lifecycle goroutines exited"}
{"level":"debug","time":"2026-06-11T11:02:17.987+0530","caller":"cmd/bin.go:361","msg":"main: all goroutines have finished."}
{"level":"debug","time":"2026-06-11T11:19:34.580+0530","caller":"cmd/bin.go:145","msg":"cli os: windows, cli arch: amd64"}
{"level":"debug","time":"2026-06-11T11:19:35.286+0530","caller":"cmd/bin.go:154","msg":"Upstream version details: {Name:cli Min:0.2.265 Max:0.2.343} "}
{"level":"info","time":"2026-06-11T11:19:35.286+0530","caller":"cmd/bin.go:202","msg":"Generating TraceID for tracking request: 01KTTKN2ZWERM0HS8B6BDGTB2B \n"}
{"level":"warn","time":"2026-06-11T11:19:35.311+0530","caller":"globalconfigvalidator/setup.go:45","msg":"Found user credentials in env and cli flag both, credentials in env will be ignored"}
{"level":"warn","time":"2026-06-11T11:19:35.311+0530","caller":"globalconfigvalidator/setup.go:50","msg":"Found key credentials in env and cli flag both, credentials in env will be ignored"}
{"level":"debug","time":"2026-06-11T11:19:38.467+0530","caller":"core/lifecycle.go:123","msg":"Setting environment"}
{"level":"debug","time":"2026-06-11T11:19:38.467+0530","caller":"core/lifecycle.go:126","msg":"Parsing config"}
{"level":"debug","time":"2026-06-11T11:19:38.468+0530","caller":"yamlconfigmanager/setup.go:725","msg":"Custom location for .hyperexecute.yaml specified. Using: ./yaml/win/.hyperexecute_autosplits.yaml"}
{"level":"debug","time":"2026-06-11T11:19:38.468+0530","caller":"yamlconfigmanager/setup.go:117","msg":"using hyperexecute config from : ./yaml/win/.hyperexecute_autosplits.yaml"}
{"level":"debug","time":"2026-06-11T11:19:40.398+0530","caller":"yamlconfigmanager/setup.go:2153","msg":"Autodetecting test type in files of path : C:\\PW102\\HyperExecute-Playwright-Vanilla-Javascript-main"}
{"level":"debug","time":"2026-06-11T11:19:40.427+0530","caller":"yamlconfigmanager/setup.go:2195","msg":"File in which test type is detected - C:\\PW102\\HyperExecute-Playwright-Vanilla-Javascript-main/package.json"}
{"level":"debug","time":"2026-06-11T11:19:40.427+0530","caller":"yamlconfigmanager/setup.go:2196","msg":"Pre command in which test type is detected - npx playwright install"}
{"level":"debug","time":"2026-06-11T11:19:40.427+0530","caller":"yamlconfigmanager/setup.go:515","msg":"Automatic test type detected - playwright"}
{"level":"debug","time":"2026-06-11T11:19:40.427+0530","caller":"yamlconfigmanager/setup.go:547","msg":"Tunnel: false"}
{"level":"info","time":"2026-06-11T11:19:40.427+0530","caller":"models/HypertestYamlConfig.go:974","msg":"\n\u001b[4m\u001b[1m\u001b[97mExecution Plan\u001b[0m\u001b[22m\u001b[24m"}
{"level":"info","time":"2026-06-11T11:19:40.427+0530","caller":"models/HypertestYamlConfig.go:775","msg":"Mode:    \u001b[36mautosplit\u001b[0m"}
{"level":"info","time":"2026-06-11T11:19:40.427+0530","caller":"models/HypertestYamlConfig.go:835","msg":"Runson:    \u001b[36mwin\u001b[0m"}
{"level":"info","time":"2026-06-11T11:19:40.428+0530","caller":"models/HypertestYamlConfig.go:843","msg":"Concurrency:    \u001b[36m2\u001b[0m"}
{"level":"info","time":"2026-06-11T11:19:40.428+0530","caller":"models/HypertestYamlConfig.go:907","msg":"Report:    \u001b[36menabled\u001b[0m"}
{"level":"info","time":"2026-06-11T11:19:40.428+0530","caller":"models/HypertestYamlConfig.go:921","msg":"Artefacts:"}
{"level":"info","time":"2026-06-11T11:19:40.428+0530","caller":"models/HypertestYamlConfig.go:924","msg":"    Executed-Job-Artifacts:    \u001b[36mplaywright-report/index.html\u001b[0m"}
{"level":"info","time":"2026-06-11T11:19:40.428+0530","caller":"models/HypertestYamlConfig.go:924","msg":"    My-Job-Artifacts:    \u001b[36msrc/collect/info.html\u001b[0m"}
{"level":"info","time":"2026-06-11T11:19:40.428+0530","caller":"models/HypertestYamlConfig.go:939","msg":"Cache Directories:"}
{"level":"info","time":"2026-06-11T11:19:40.429+0530","caller":"models/HypertestYamlConfig.go:941","msg":"    \u001b[36mnode_modules\u001b[0m"}
{"level":"info","time":"2026-06-11T11:19:40.429+0530","caller":"models/HypertestYamlConfig.go:987","msg":""}
{"level":"debug","time":"2026-06-11T11:19:40.429+0530","caller":"filevalidator/setup.go:49","msg":"Warning: Checking data.json file in current directory, no dataJsonPath found in .hyperexecute.yaml"}
{"level":"debug","time":"2026-06-11T11:19:40.429+0530","caller":"filevalidator/setup.go:53","msg":"Warning: data.json file doesn't exist"}
{"level":"info","time":"2026-06-11T11:19:43.691+0530","caller":"core/lifecycle.go:457","msg":"\u001b[102m\u001b[1m\u001b[30mYou've consumed 27.33 % of your limit. Free trial mins left - 218.00\u001b[0m\u001b[22m\u001b[0m"}
{"level":"debug","time":"2026-06-11T11:19:43.692+0530","caller":"core/lifecycle.go:536","msg":"Job ID: db7f5a62-0f08-46f4-b641-c97fb0eeefe1"}
{"level":"debug","time":"2026-06-11T11:19:43.692+0530","caller":"core/lifecycle.go:539","msg":"User - musharrafali17696, triggered job with ID db7f5a62-0f08-46f4-b641-c97fb0eeefe1 from CLI"}
{"level":"debug","time":"2026-06-11T11:19:43.692+0530","caller":"core/lifecycle.go:542","msg":"User has provided playwright as test type for the job with ID db7f5a62-0f08-46f4-b641-c97fb0eeefe1"}
{"level":"debug","time":"2026-06-11T11:19:43.692+0530","caller":"events/manager.go:97","msg":"Starting event manager"}
{"level":"debug","time":"2026-06-11T11:19:43.692+0530","caller":"events/manager.go:99","msg":"SSE enabled, getting SSE connection"}
{"level":"debug","time":"2026-06-11T11:19:43.695+0530","caller":"archivemanager/setup.go:339","msg":"digestMap: map[]"}
{"level":"debug","time":"2026-06-11T11:19:43.695+0530","caller":"archivemanager/setup.go:345","msg":"Creating archive of target directory: C:\\PW102\\HyperExecute-Playwright-Vanilla-Javascript-main"}
{"level":"debug","time":"2026-06-11T11:19:45.826+0530","caller":"core/lifecycle.go:693","msg":"Zip file size: 11.48 MB"}
{"level":"debug","time":"2026-06-11T11:19:45.826+0530","caller":"core/lifecycle.go:703","msg":"Archive location: C:\\PW102\\HyperExecute-Playwright-Vanilla-Javascript-main\\hyperexecute-code-db7f5a62-0f08-46f4-b641-c97fb0eeefe1.zip\n"}
{"level":"debug","time":"2026-06-11T11:19:45.857+0530","caller":"storage/azure.go:60","msg":"Payload size: 11.48 MB, source path C:\\PW102\\HyperExecute-Playwright-Vanilla-Javascript-main\\hyperexecute-code-db7f5a62-0f08-46f4-b641-c97fb0eeefe1.zip"}
{"level":"debug","time":"2026-06-11T11:19:54.056+0530","caller":"storage/azure.go:84","msg":"Azcopy output: \n\r0.0 %, 0 Done, 0 Failed, 1 Pending, 0 Skipped, 1 Total, 2-sec Throughput (Mb/s): 45.9197\r26.9 %, 0 Done, 0 Failed, 1 Pending, 0 Skipped, 1 Total,                                \r100.0 %, 1 Done, 0 Failed, 0 Pending, 0 Skipped, 1 Total, \nTotal time taken to upload(min) :0.1\n, stderr: "}
{"level":"info","time":"2026-06-11T11:19:54.056+0530","caller":"storage/azure.go:123","msg":"File: C:\\PW102\\HyperExecute-Playwright-Vanilla-Javascript-main\\hyperexecute-code-db7f5a62-0f08-46f4-b641-c97fb0eeefe1.zip upload completed in 8.2300443s"}
{"level":"debug","time":"2026-06-11T11:19:54.057+0530","caller":"receptionmanager/setup.go:274","msg":"number of entries in runtimes: 0, switching to new yaml format"}
{"level":"debug","time":"2026-06-11T11:19:54.057+0530","caller":"receptionmanager/setup.go:303","msg":"number of entries in partialreports: 0, switching to new yaml format"}
{"level":"debug","time":"2026-06-11T11:19:54.058+0530","caller":"receptionmanager/setup.go:188","msg":"Uploading yaml : C:\\PW102\\HyperExecute-Playwright-Vanilla-Javascript-main\\.updatedhyperexecute.yaml"}
{"level":"debug","time":"2026-06-11T11:19:54.083+0530","caller":"storage/azure.go:60","msg":"Payload size: 4.50 kB, source path C:\\PW102\\HyperExecute-Playwright-Vanilla-Javascript-main\\.updatedhyperexecute.yaml"}
{"level":"debug","time":"2026-06-11T11:19:58.117+0530","caller":"storage/azure.go:84","msg":"Azcopy output: \n\r100.0 %, 1 Done, 0 Failed, 0 Pending, 0 Skipped, 1 Total, 2-sec Throughput (Mb/s): 0.018\nTotal time taken to upload(min) :0.0333\n, stderr: "}
{"level":"info","time":"2026-06-11T11:19:58.117+0530","caller":"storage/azure.go:123","msg":"File: C:\\PW102\\HyperExecute-Playwright-Vanilla-Javascript-main\\.updatedhyperexecute.yaml upload completed in 4.0587152s"}
{"level":"debug","time":"2026-06-11T11:19:58.121+0530","caller":"core/lifecycle.go:730","msg":"Successfully deleted code archive: C:\\PW102\\HyperExecute-Playwright-Vanilla-Javascript-main\\hyperexecute-code-db7f5a62-0f08-46f4-b641-c97fb0eeefe1.zip\n"}
{"level":"debug","time":"2026-06-11T11:19:58.151+0530","caller":"storage/azure.go:60","msg":"Payload size: 804 B, source path yaml\\win\\mask-db7f5a62-0f08-46f4-b641-c97fb0eeefe1.yaml"}
{"level":"debug","time":"2026-06-11T11:20:02.141+0530","caller":"storage/azure.go:84","msg":"Azcopy output: \n\r100.0 %, 1 Done, 0 Failed, 0 Pending, 0 Skipped, 1 Total, 2-sec Throughput (Mb/s): 0.0032\nTotal time taken to upload(min) :0.0333\n, stderr: "}
{"level":"info","time":"2026-06-11T11:20:02.141+0530","caller":"storage/azure.go:123","msg":"File: yaml\\win\\mask-db7f5a62-0f08-46f4-b641-c97fb0eeefe1.yaml upload completed in 4.0183365s"}
{"level":"debug","time":"2026-06-11T11:20:13.693+0530","caller":"events/manager.go:356","msg":"No new messages received from SSE for jobID: db7f5a62-0f08-46f4-b641-c97fb0eeefe1. Fetching from APIs"}
{"level":"info","time":"2026-06-11T11:20:14.467+0530","caller":"jobmanager/sse_setup.go:84","msg":"\nJob db7f5a62-0f08-46f4-b641-c97fb0eeefe1 has started RUNNING"}
{"level":"info","time":"2026-06-11T11:20:14.467+0530","caller":"jobmanager/manager.go:138","msg":"Job Link: https://hyperexecute.lambdatest.com/hyperexecute/task?jobId=db7f5a62-0f08-46f4-b641-c97fb0eeefe1\n"}
{"level":"info","time":"2026-06-11T11:20:15.107+0530","caller":"terminal/terminal.go:187","msg":"✔ [1]  cache-download (1s)\n"}
{"level":"info","time":"2026-06-11T11:20:15.108+0530","caller":"terminal/terminal.go:187","msg":"✔ [2]  cache-download (1s)\n"}
{"level":"debug","time":"2026-06-11T11:20:45.105+0530","caller":"events/manager.go:356","msg":"No new messages received from SSE for jobID: db7f5a62-0f08-46f4-b641-c97fb0eeefe1. Fetching from APIs"}
{"level":"info","time":"2026-06-11T11:20:46.589+0530","caller":"terminal/terminal.go:187","msg":"✔ [1]  pre (38s)\n"}
{"level":"info","time":"2026-06-11T11:20:46.591+0530","caller":"terminal/terminal.go:187","msg":"✔ [1]  discovery (0s)\n"}
{"level":"info","time":"2026-06-11T11:20:46.592+0530","caller":"terminal/terminal.go:187","msg":"✔ [2]  pre (38s)\n"}
{"level":"info","time":"2026-06-11T11:20:46.594+0530","caller":"terminal/terminal.go:187","msg":"✔ [2]  discovery (1s)\n"}
{"level":"debug","time":"2026-06-11T11:21:16.587+0530","caller":"events/manager.go:356","msg":"No new messages received from SSE for jobID: db7f5a62-0f08-46f4-b641-c97fb0eeefe1. Fetching from APIs"}
{"level":"info","time":"2026-06-11T11:21:18.068+0530","caller":"terminal/terminal.go:187","msg":"✔ [2]  tests/test_3.spec.js (18s)\n"}
{"level":"debug","time":"2026-06-11T11:21:48.066+0530","caller":"events/manager.go:356","msg":"No new messages received from SSE for jobID: db7f5a62-0f08-46f4-b641-c97fb0eeefe1. Fetching from APIs"}
{"level":"info","time":"2026-06-11T11:21:49.527+0530","caller":"terminal/terminal.go:187","msg":"✔ [1]  tests/test_1.spec.js (28s)\n"}
{"level":"debug","time":"2026-06-11T11:22:19.525+0530","caller":"events/manager.go:356","msg":"No new messages received from SSE for jobID: db7f5a62-0f08-46f4-b641-c97fb0eeefe1. Fetching from APIs"}
{"level":"debug","time":"2026-06-11T11:22:21.111+0530","caller":"jobmanager/sse_setup.go:134","msg":"\n\nJob status"}
{"level":"info","time":"2026-06-11T11:22:21.867+0530","caller":"jobmanager/JobSummaryManager.go:54","msg":"\n COMPLETED \n"}
{"level":"info","time":"2026-06-11T11:22:21.867+0530","caller":"jobmanager/JobSummaryManager.go:113","msg":"    Test Execution Time:                  15s"}
{"level":"info","time":"2026-06-11T11:22:21.867+0530","caller":"jobmanager/JobSummaryManager.go:113","msg":"    Job Duration Time:                    1m53s"}
{"level":"info","time":"2026-06-11T11:22:21.867+0530","caller":"jobmanager/JobSummaryManager.go:113","msg":"    Total Tasks:                          2"}
{"level":"info","time":"2026-06-11T11:22:21.868+0530","caller":"jobmanager/JobSummaryManager.go:113","msg":"    Cumulative Time Consumed:             3m36s"}
{"level":"info","time":"2026-06-11T11:22:21.868+0530","caller":"jobmanager/JobSummaryManager.go:113","msg":"    Total Stages:                         6"}
{"level":"info","time":"2026-06-11T11:22:21.868+0530","caller":"jobmanager/JobSummaryManager.go:113","msg":"    Pass discovery stage percentage:      100.00%"}
{"level":"info","time":"2026-06-11T11:22:21.868+0530","caller":"jobmanager/JobSummaryManager.go:113","msg":"    Failed discovery stage percentage:    0.00%"}
{"level":"info","time":"2026-06-11T11:22:21.868+0530","caller":"jobmanager/JobSummaryManager.go:113","msg":"    Pass pre stage percentage:            100.00%"}
{"level":"info","time":"2026-06-11T11:22:21.869+0530","caller":"jobmanager/JobSummaryManager.go:113","msg":"    Failed pre stage percentage:          0.00%"}
{"level":"info","time":"2026-06-11T11:22:21.869+0530","caller":"jobmanager/JobSummaryManager.go:113","msg":"    Pass test stage percentage:           100.00%"}
{"level":"info","time":"2026-06-11T11:22:21.869+0530","caller":"jobmanager/JobSummaryManager.go:113","msg":"    Failed test stage percentage:         0.00%"}
{"level":"info","time":"2026-06-11T11:22:21.870+0530","caller":"jobmanager/JobSummaryManager.go:113","msg":"    Pass post stage percentage:           0.00%"}
{"level":"info","time":"2026-06-11T11:22:21.870+0530","caller":"jobmanager/JobSummaryManager.go:113","msg":"    Failed post stage percentage:         0.00%"}
{"level":"info","time":"2026-06-11T11:22:21.870+0530","caller":"jobmanager/JobSummaryManager.go:113","msg":"    Failed Tasks:                         0"}
{"level":"info","time":"2026-06-11T11:22:21.870+0530","caller":"jobmanager/JobSummaryManager.go:58","msg":""}
{"level":"debug","time":"2026-06-11T11:22:21.872+0530","caller":"core/lifecycle.go:933","msg":"Context canceled"}
{"level":"info","time":"2026-06-11T11:22:21.872+0530","caller":"events/manager.go:338","msg":"context done and stopping SSE"}
{"level":"debug","time":"2026-06-11T11:22:21.873+0530","caller":"events/manager.go:256","msg":"Stopping event manager"}
{"level":"info","time":"2026-06-11T11:22:21.872+0530","caller":"core/lifecycle.go:936","msg":"Stopping pipeline gracefully"}
{"level":"info","time":"2026-06-11T11:22:21.873+0530","caller":"jobmanager/manager.go:138","msg":"Job Link: https://hyperexecute.lambdatest.com/hyperexecute/task?jobId=db7f5a62-0f08-46f4-b641-c97fb0eeefe1\n"}
{"level":"debug","time":"2026-06-11T11:22:21.873+0530","caller":"core/lifecycle.go:75","msg":"Quit requested from main goroutine...."}
{"level":"debug","time":"2026-06-11T11:22:21.873+0530","caller":"core/lifecycle.go:76","msg":"Waiting for the goroutines to exit"}
{"level":"debug","time":"2026-06-11T11:22:21.873+0530","caller":"core/lifecycle.go:79","msg":"All lifecycle goroutines exited"}
{"level":"debug","time":"2026-06-11T11:22:21.873+0530","caller":"cmd/bin.go:361","msg":"main: all goroutines have finished."}
{"level":"debug","time":"2026-06-11T13:40:52.617+0530","caller":"cmd/bin.go:145","msg":"cli os: windows, cli arch: amd64"}
{"level":"debug","time":"2026-06-11T13:40:53.381+0530","caller":"cmd/bin.go:154","msg":"Upstream version details: {Name:cli Min:0.2.265 Max:0.2.343} "}
{"level":"info","time":"2026-06-11T13:40:53.381+0530","caller":"cmd/bin.go:202","msg":"Generating TraceID for tracking request: 01KTTVQTDADJC5BY94HZ8B46ET \n"}
{"level":"warn","time":"2026-06-11T13:40:53.408+0530","caller":"globalconfigvalidator/setup.go:45","msg":"Found user credentials in env and cli flag both, credentials in env will be ignored"}
{"level":"warn","time":"2026-06-11T13:40:53.409+0530","caller":"globalconfigvalidator/setup.go:50","msg":"Found key credentials in env and cli flag both, credentials in env will be ignored"}
{"level":"debug","time":"2026-06-11T13:40:57.293+0530","caller":"core/lifecycle.go:123","msg":"Setting environment"}
{"level":"debug","time":"2026-06-11T13:40:57.293+0530","caller":"core/lifecycle.go:126","msg":"Parsing config"}
{"level":"debug","time":"2026-06-11T13:40:57.293+0530","caller":"yamlconfigmanager/setup.go:725","msg":"Custom location for .hyperexecute.yaml specified. Using: ./yaml/win/.hyperexecute_autosplits.yaml"}
{"level":"debug","time":"2026-06-11T13:40:57.295+0530","caller":"yamlconfigmanager/setup.go:117","msg":"using hyperexecute config from : ./yaml/win/.hyperexecute_autosplits.yaml"}
{"level":"debug","time":"2026-06-11T13:40:59.374+0530","caller":"yamlconfigmanager/setup.go:2153","msg":"Autodetecting test type in files of path : C:\\PW102\\HyperExecute-Playwright-Vanilla-Javascript-main"}
{"level":"debug","time":"2026-06-11T13:40:59.413+0530","caller":"yamlconfigmanager/setup.go:2195","msg":"File in which test type is detected - C:\\PW102\\HyperExecute-Playwright-Vanilla-Javascript-main/package.json"}
{"level":"debug","time":"2026-06-11T13:40:59.413+0530","caller":"yamlconfigmanager/setup.go:2196","msg":"Pre command in which test type is detected - npx playwright install"}
{"level":"debug","time":"2026-06-11T13:40:59.414+0530","caller":"yamlconfigmanager/setup.go:515","msg":"Automatic test type detected - playwright"}
{"level":"debug","time":"2026-06-11T13:40:59.414+0530","caller":"yamlconfigmanager/setup.go:547","msg":"Tunnel: false"}
{"level":"info","time":"2026-06-11T13:40:59.414+0530","caller":"models/HypertestYamlConfig.go:974","msg":"\n\u001b[4m\u001b[1m\u001b[97mExecution Plan\u001b[0m\u001b[22m\u001b[24m"}
{"level":"info","time":"2026-06-11T13:40:59.414+0530","caller":"models/HypertestYamlConfig.go:775","msg":"Mode:    \u001b[36mautosplit\u001b[0m"}
{"level":"info","time":"2026-06-11T13:40:59.414+0530","caller":"models/HypertestYamlConfig.go:835","msg":"Runson:    \u001b[36mwin\u001b[0m"}
{"level":"info","time":"2026-06-11T13:40:59.414+0530","caller":"models/HypertestYamlConfig.go:843","msg":"Concurrency:    \u001b[36m2\u001b[0m"}
{"level":"info","time":"2026-06-11T13:40:59.415+0530","caller":"models/HypertestYamlConfig.go:907","msg":"Report:    \u001b[36menabled\u001b[0m"}
{"level":"info","time":"2026-06-11T13:40:59.415+0530","caller":"models/HypertestYamlConfig.go:921","msg":"Artefacts:"}
{"level":"info","time":"2026-06-11T13:40:59.415+0530","caller":"models/HypertestYamlConfig.go:924","msg":"    Executed-Job-Artifacts:    \u001b[36mplaywright-report/index.html\u001b[0m"}
{"level":"info","time":"2026-06-11T13:40:59.415+0530","caller":"models/HypertestYamlConfig.go:924","msg":"    My-Job-Artifacts:    \u001b[36msrc/collect/info.html\u001b[0m"}
{"level":"info","time":"2026-06-11T13:40:59.415+0530","caller":"models/HypertestYamlConfig.go:939","msg":"Cache Directories:"}
{"level":"info","time":"2026-06-11T13:40:59.415+0530","caller":"models/HypertestYamlConfig.go:941","msg":"    \u001b[36mnode_modules\u001b[0m"}
{"level":"info","time":"2026-06-11T13:40:59.416+0530","caller":"models/HypertestYamlConfig.go:987","msg":""}
{"level":"debug","time":"2026-06-11T13:40:59.416+0530","caller":"filevalidator/setup.go:49","msg":"Warning: Checking data.json file in current directory, no dataJsonPath found in .hyperexecute.yaml"}
{"level":"debug","time":"2026-06-11T13:40:59.416+0530","caller":"filevalidator/setup.go:53","msg":"Warning: data.json file doesn't exist"}
{"level":"info","time":"2026-06-11T13:41:02.810+0530","caller":"core/lifecycle.go:457","msg":"\u001b[102m\u001b[1m\u001b[30mYou've consumed 31.00 % of your limit. Free trial mins left - 207.00\u001b[0m\u001b[22m\u001b[0m"}
{"level":"debug","time":"2026-06-11T13:41:02.811+0530","caller":"core/lifecycle.go:536","msg":"Job ID: c6a97bac-14e4-4419-a713-1aa84528fbc4"}
{"level":"debug","time":"2026-06-11T13:41:02.811+0530","caller":"core/lifecycle.go:539","msg":"User - musharrafali17696, triggered job with ID c6a97bac-14e4-4419-a713-1aa84528fbc4 from CLI"}
{"level":"debug","time":"2026-06-11T13:41:02.811+0530","caller":"core/lifecycle.go:542","msg":"User has provided playwright as test type for the job with ID c6a97bac-14e4-4419-a713-1aa84528fbc4"}
{"level":"debug","time":"2026-06-11T13:41:02.811+0530","caller":"events/manager.go:97","msg":"Starting event manager"}
{"level":"debug","time":"2026-06-11T13:41:02.812+0530","caller":"events/manager.go:99","msg":"SSE enabled, getting SSE connection"}
{"level":"debug","time":"2026-06-11T13:41:02.827+0530","caller":"archivemanager/setup.go:339","msg":"digestMap: map[]"}
{"level":"debug","time":"2026-06-11T13:41:02.827+0530","caller":"archivemanager/setup.go:345","msg":"Creating archive of target directory: C:\\PW102\\HyperExecute-Playwright-Vanilla-Javascript-main"}
{"level":"debug","time":"2026-06-11T13:41:05.560+0530","caller":"core/lifecycle.go:693","msg":"Zip file size: 11.49 MB"}
{"level":"debug","time":"2026-06-11T13:41:05.561+0530","caller":"core/lifecycle.go:703","msg":"Archive location: C:\\PW102\\HyperExecute-Playwright-Vanilla-Javascript-main\\hyperexecute-code-c6a97bac-14e4-4419-a713-1aa84528fbc4.zip\n"}
{"level":"debug","time":"2026-06-11T13:41:05.589+0530","caller":"storage/azure.go:60","msg":"Payload size: 11.49 MB, source path C:\\PW102\\HyperExecute-Playwright-Vanilla-Javascript-main\\hyperexecute-code-c6a97bac-14e4-4419-a713-1aa84528fbc4.zip"}
{"level":"debug","time":"2026-06-11T13:41:07.717+0530","caller":"storage/azure.go:60","msg":"Payload size: 6.89 kB, source path C:\\Users\\MMUSHA~1\\AppData\\Local\\Temp\\git.diff"}
{"level":"debug","time":"2026-06-11T13:41:12.401+0530","caller":"storage/azure.go:84","msg":"Azcopy output: \n\r100.0 %, 1 Done, 0 Failed, 0 Pending, 0 Skipped, 1 Total, 2-sec Throughput (Mb/s): 0.0276\nTotal time taken to upload(min) :0.0333\n, stderr: "}
{"level":"info","time":"2026-06-11T13:41:12.402+0530","caller":"storage/azure.go:123","msg":"File: C:\\Users\\MMUSHA~1\\AppData\\Local\\Temp\\git.diff upload completed in 4.7373321s"}
{"level":"debug","time":"2026-06-11T13:41:24.122+0530","caller":"storage/azure.go:84","msg":"Azcopy output: \n\r0.0 %, 0 Done, 0 Failed, 1 Pending, 0 Skipped, 1 Total, 2-sec Throughput (Mb/s): 45.9357\r0.0 %, 0 Done, 0 Failed, 1 Pending, 0 Skipped, 1 Total,                                 \r0.0 %, 0 Done, 0 Failed, 1 Pending, 0 Skipped, 1 Total, \r0.0 %, 0 Done, 0 Failed, 1 Pending, 0 Skipped, 1 Total, \r0.0 %, 0 Done, 0 Failed, 1 Pending, 0 Skipped, 1 Total, \r27.0 %, 0 Done, 0 Failed, 1 Pending, 0 Skipped, 1 Total, \r27.0 %, 0 Done, 0 Failed, 1 Pending, 0 Skipped, 1 Total, \r100.0 %, 1 Done, 0 Failed, 0 Pending, 0 Skipped, 1 Total, \nTotal time taken to upload(min) :0.2667\n, stderr: "}
{"level":"info","time":"2026-06-11T13:41:24.122+0530","caller":"storage/azure.go:123","msg":"File: C:\\PW102\\HyperExecute-Playwright-Vanilla-Javascript-main\\hyperexecute-code-c6a97bac-14e4-4419-a713-1aa84528fbc4.zip upload completed in 18.5616938s"}
{"level":"debug","time":"2026-06-11T13:41:24.124+0530","caller":"receptionmanager/setup.go:274","msg":"number of entries in runtimes: 0, switching to new yaml format"}
{"level":"debug","time":"2026-06-11T13:41:24.124+0530","caller":"receptionmanager/setup.go:303","msg":"number of entries in partialreports: 0, switching to new yaml format"}
{"level":"debug","time":"2026-06-11T13:41:24.126+0530","caller":"receptionmanager/setup.go:188","msg":"Uploading yaml : C:\\PW102\\HyperExecute-Playwright-Vanilla-Javascript-main\\.updatedhyperexecute.yaml"}
{"level":"debug","time":"2026-06-11T13:41:24.158+0530","caller":"storage/azure.go:60","msg":"Payload size: 4.50 kB, source path C:\\PW102\\HyperExecute-Playwright-Vanilla-Javascript-main\\.updatedhyperexecute.yaml"}
{"level":"debug","time":"2026-06-11T13:41:28.314+0530","caller":"storage/azure.go:84","msg":"Azcopy output: \n\r100.0 %, 1 Done, 0 Failed, 0 Pending, 0 Skipped, 1 Total, 2-sec Throughput (Mb/s): 0.018\nTotal time taken to upload(min) :0.0333\n, stderr: "}
{"level":"info","time":"2026-06-11T13:41:28.314+0530","caller":"storage/azure.go:123","msg":"File: C:\\PW102\\HyperExecute-Playwright-Vanilla-Javascript-main\\.updatedhyperexecute.yaml upload completed in 4.188848s"}
{"level":"debug","time":"2026-06-11T13:41:28.318+0530","caller":"core/lifecycle.go:730","msg":"Successfully deleted code archive: C:\\PW102\\HyperExecute-Playwright-Vanilla-Javascript-main\\hyperexecute-code-c6a97bac-14e4-4419-a713-1aa84528fbc4.zip\n"}
{"level":"debug","time":"2026-06-11T13:41:28.348+0530","caller":"storage/azure.go:60","msg":"Payload size: 804 B, source path yaml\\win\\mask-c6a97bac-14e4-4419-a713-1aa84528fbc4.yaml"}
{"level":"debug","time":"2026-06-11T13:41:32.625+0530","caller":"storage/azure.go:84","msg":"Azcopy output: \n\r100.0 %, 1 Done, 0 Failed, 0 Pending, 0 Skipped, 1 Total, 2-sec Throughput (Mb/s): 0.0032\nTotal time taken to upload(min) :0.0334\n, stderr: "}
{"level":"info","time":"2026-06-11T13:41:32.625+0530","caller":"storage/azure.go:123","msg":"File: yaml\\win\\mask-c6a97bac-14e4-4419-a713-1aa84528fbc4.yaml upload completed in 4.3039616s"}
{"level":"debug","time":"2026-06-11T13:41:32.813+0530","caller":"events/manager.go:356","msg":"No new messages received from SSE for jobID: c6a97bac-14e4-4419-a713-1aa84528fbc4. Fetching from APIs"}
{"level":"info","time":"2026-06-11T13:41:34.055+0530","caller":"jobmanager/sse_setup.go:86","msg":"\nJob c6a97bac-14e4-4419-a713-1aa84528fbc4 has INITIATED"}
{"level":"info","time":"2026-06-11T13:41:34.056+0530","caller":"jobmanager/manager.go:138","msg":"Job Link: https://hyperexecute.lambdatest.com/hyperexecute/task?jobId=c6a97bac-14e4-4419-a713-1aa84528fbc4\n"}
{"level":"debug","time":"2026-06-11T13:42:04.326+0530","caller":"events/manager.go:356","msg":"No new messages received from SSE for jobID: c6a97bac-14e4-4419-a713-1aa84528fbc4. Fetching from APIs"}
{"level":"info","time":"2026-06-11T13:42:05.883+0530","caller":"terminal/terminal.go:187","msg":"✔ [1]  cache-download (1s)\n"}
{"level":"info","time":"2026-06-11T13:42:05.885+0530","caller":"terminal/terminal.go:187","msg":"✔ [2]  cache-download (1s)\n"}
{"level":"debug","time":"2026-06-11T13:42:35.882+0530","caller":"events/manager.go:356","msg":"No new messages received from SSE for jobID: c6a97bac-14e4-4419-a713-1aa84528fbc4. Fetching from APIs"}
{"level":"info","time":"2026-06-11T13:42:37.558+0530","caller":"terminal/terminal.go:187","msg":"✔ [1]  pre (34s)\n"}
{"level":"info","time":"2026-06-11T13:42:37.560+0530","caller":"terminal/terminal.go:187","msg":"✔ [1]  discovery (0s)\n"}
{"level":"info","time":"2026-06-11T13:42:37.562+0530","caller":"terminal/terminal.go:187","msg":"✔ [2]  pre (35s)\n"}
{"level":"info","time":"2026-06-11T13:42:37.564+0530","caller":"terminal/terminal.go:187","msg":"✔ [2]  discovery (0s)\n"}
{"level":"info","time":"2026-06-11T13:42:37.565+0530","caller":"terminal/terminal.go:187","msg":"x [2]  tests/test_2.spec.js (2s)\n"}
{"level":"debug","time":"2026-06-11T13:43:07.558+0530","caller":"events/manager.go:356","msg":"No new messages received from SSE for jobID: c6a97bac-14e4-4419-a713-1aa84528fbc4. Fetching from APIs"}
{"level":"info","time":"2026-06-11T13:43:09.185+0530","caller":"terminal/terminal.go:187","msg":"✔ [1]  tests/test_1.spec.js (30s)\n"}
{"level":"info","time":"2026-06-11T13:43:09.187+0530","caller":"terminal/terminal.go:187","msg":"✔ [1]  tests/test_3.spec.js (9s)\n"}
{"level":"debug","time":"2026-06-11T13:43:39.184+0530","caller":"events/manager.go:356","msg":"No new messages received from SSE for jobID: c6a97bac-14e4-4419-a713-1aa84528fbc4. Fetching from APIs"}
{"level":"debug","time":"2026-06-11T13:44:10.803+0530","caller":"events/manager.go:356","msg":"No new messages received from SSE for jobID: c6a97bac-14e4-4419-a713-1aa84528fbc4. Fetching from APIs"}
{"level":"debug","time":"2026-06-11T13:44:12.516+0530","caller":"jobmanager/sse_setup.go:134","msg":"\n\nJob status"}
{"level":"info","time":"2026-06-11T13:44:12.517+0530","caller":"core/lifecycle.go:820","msg":"taskId:HYPW-3042128-1781165493698443133MPS has failed with remark: Job failed as encountered a Test level failure\n"}
{"level":"info","time":"2026-06-11T13:44:13.271+0530","caller":"jobmanager/JobSummaryManager.go:54","msg":"\n FAILED \n"}
{"level":"info","time":"2026-06-11T13:44:13.272+0530","caller":"jobmanager/JobSummaryManager.go:113","msg":"    Test Execution Time:                  23s"}
{"level":"info","time":"2026-06-11T13:44:13.272+0530","caller":"jobmanager/JobSummaryManager.go:113","msg":"    Job Duration Time:                    2m6s"}
{"level":"info","time":"2026-06-11T13:44:13.272+0530","caller":"jobmanager/JobSummaryManager.go:113","msg":"    Total Tasks:                          2"}
{"level":"info","time":"2026-06-11T13:44:13.273+0530","caller":"jobmanager/JobSummaryManager.go:113","msg":"    Cumulative Time Consumed:             2m57s"}
{"level":"info","time":"2026-06-11T13:44:13.273+0530","caller":"jobmanager/JobSummaryManager.go:113","msg":"    Total Stages:                         7"}
{"level":"info","time":"2026-06-11T13:44:13.273+0530","caller":"jobmanager/JobSummaryManager.go:113","msg":"    Pass discovery stage percentage:      100.00%"}
{"level":"info","time":"2026-06-11T13:44:13.273+0530","caller":"jobmanager/JobSummaryManager.go:113","msg":"    Failed discovery stage percentage:    0.00%"}
{"level":"info","time":"2026-06-11T13:44:13.273+0530","caller":"jobmanager/JobSummaryManager.go:113","msg":"    Pass pre stage percentage:            100.00%"}
{"level":"info","time":"2026-06-11T13:44:13.273+0530","caller":"jobmanager/JobSummaryManager.go:113","msg":"    Failed pre stage percentage:          0.00%"}
{"level":"info","time":"2026-06-11T13:44:13.273+0530","caller":"jobmanager/JobSummaryManager.go:113","msg":"    Pass test stage percentage:           66.67%"}
{"level":"info","time":"2026-06-11T13:44:13.273+0530","caller":"jobmanager/JobSummaryManager.go:113","msg":"    Failed test stage percentage:         33.33%"}
{"level":"info","time":"2026-06-11T13:44:13.274+0530","caller":"jobmanager/JobSummaryManager.go:113","msg":"    Pass post stage percentage:           0.00%"}
{"level":"info","time":"2026-06-11T13:44:13.274+0530","caller":"jobmanager/JobSummaryManager.go:113","msg":"    Failed post stage percentage:         0.00%"}
{"level":"info","time":"2026-06-11T13:44:13.274+0530","caller":"jobmanager/JobSummaryManager.go:113","msg":"    Failed Tasks:                         1"}
{"level":"info","time":"2026-06-11T13:44:13.274+0530","caller":"jobmanager/JobSummaryManager.go:58","msg":""}
{"level":"debug","time":"2026-06-11T13:44:13.285+0530","caller":"core/lifecycle.go:933","msg":"Context canceled"}
{"level":"info","time":"2026-06-11T13:44:13.285+0530","caller":"events/manager.go:338","msg":"context done and stopping SSE"}
{"level":"debug","time":"2026-06-11T13:44:13.286+0530","caller":"events/manager.go:256","msg":"Stopping event manager"}
{"level":"info","time":"2026-06-11T13:44:13.285+0530","caller":"core/lifecycle.go:936","msg":"Stopping pipeline gracefully"}
{"level":"error","time":"2026-06-11T13:44:13.286+0530","caller":"core/lifecycle.go:939","msg":"2026-06-11T13:40:51+05:30    error    Exiting with error: Failed tasks found."}
{"level":"info","time":"2026-06-11T13:44:13.286+0530","caller":"jobmanager/manager.go:138","msg":"Job Link: https://hyperexecute.lambdatest.com/hyperexecute/task?jobId=c6a97bac-14e4-4419-a713-1aa84528fbc4\n"}
{"level":"debug","time":"2026-06-11T13:44:13.286+0530","caller":"core/lifecycle.go:75","msg":"Quit requested from main goroutine...."}
{"level":"debug","time":"2026-06-11T13:44:13.286+0530","caller":"core/lifecycle.go:76","msg":"Waiting for the goroutines to exit"}
{"level":"debug","time":"2026-06-11T13:44:13.286+0530","caller":"core/lifecycle.go:79","msg":"All lifecycle goroutines exited"}
{"level":"debug","time":"2026-06-11T13:44:13.286+0530","caller":"cmd/bin.go:361","msg":"main: all goroutines have finished."}
{"level":"debug","time":"2026-06-11T13:44:13.286+0530","caller":"cmd/bin.go:400","msg":"Exiting application due to error Failed tasks found."}
{"level":"debug","time":"2026-06-11T13:45:11.438+0530","caller":"cmd/bin.go:145","msg":"cli os: windows, cli arch: amd64"}
{"level":"debug","time":"2026-06-11T13:45:12.235+0530","caller":"cmd/bin.go:154","msg":"Upstream version details: {Name:cli Min:0.2.265 Max:0.2.343} "}
{"level":"info","time":"2026-06-11T13:45:12.235+0530","caller":"cmd/bin.go:202","msg":"Generating TraceID for tracking request: 01KTTVZQ6GJ3TQVVFK8BDS50XQ \n"}
{"level":"warn","time":"2026-06-11T13:45:12.238+0530","caller":"globalconfigvalidator/setup.go:45","msg":"Found user credentials in env and cli flag both, credentials in env will be ignored"}
{"level":"warn","time":"2026-06-11T13:45:12.239+0530","caller":"globalconfigvalidator/setup.go:50","msg":"Found key credentials in env and cli flag both, credentials in env will be ignored"}
{"level":"debug","time":"2026-06-11T13:45:15.862+0530","caller":"core/lifecycle.go:123","msg":"Setting environment"}
{"level":"debug","time":"2026-06-11T13:45:15.862+0530","caller":"core/lifecycle.go:126","msg":"Parsing config"}
{"level":"debug","time":"2026-06-11T13:45:15.862+0530","caller":"yamlconfigmanager/setup.go:725","msg":"Custom location for .hyperexecute.yaml specified. Using: ./yaml/win/.hyperexecute_autosplits.yaml"}
{"level":"debug","time":"2026-06-11T13:45:15.863+0530","caller":"yamlconfigmanager/setup.go:117","msg":"using hyperexecute config from : ./yaml/win/.hyperexecute_autosplits.yaml"}
{"level":"debug","time":"2026-06-11T13:45:17.894+0530","caller":"yamlconfigmanager/setup.go:2153","msg":"Autodetecting test type in files of path : C:\\PW102\\HyperExecute-Playwright-Vanilla-Javascript-main"}
{"level":"debug","time":"2026-06-11T13:45:17.896+0530","caller":"yamlconfigmanager/setup.go:2195","msg":"File in which test type is detected - C:\\PW102\\HyperExecute-Playwright-Vanilla-Javascript-main/package.json"}
{"level":"debug","time":"2026-06-11T13:45:17.896+0530","caller":"yamlconfigmanager/setup.go:2196","msg":"Pre command in which test type is detected - npx playwright install"}
{"level":"debug","time":"2026-06-11T13:45:17.896+0530","caller":"yamlconfigmanager/setup.go:515","msg":"Automatic test type detected - playwright"}
{"level":"debug","time":"2026-06-11T13:45:17.896+0530","caller":"yamlconfigmanager/setup.go:547","msg":"Tunnel: false"}
{"level":"info","time":"2026-06-11T13:45:17.896+0530","caller":"models/HypertestYamlConfig.go:974","msg":"\n\u001b[4m\u001b[1m\u001b[97mExecution Plan\u001b[0m\u001b[22m\u001b[24m"}
{"level":"info","time":"2026-06-11T13:45:17.896+0530","caller":"models/HypertestYamlConfig.go:775","msg":"Mode:    \u001b[36mautosplit\u001b[0m"}
{"level":"info","time":"2026-06-11T13:45:17.896+0530","caller":"models/HypertestYamlConfig.go:835","msg":"Runson:    \u001b[36mwin\u001b[0m"}
{"level":"info","time":"2026-06-11T13:45:17.897+0530","caller":"models/HypertestYamlConfig.go:843","msg":"Concurrency:    \u001b[36m2\u001b[0m"}
{"level":"info","time":"2026-06-11T13:45:17.897+0530","caller":"models/HypertestYamlConfig.go:907","msg":"Report:    \u001b[36menabled\u001b[0m"}
{"level":"info","time":"2026-06-11T13:45:17.897+0530","caller":"models/HypertestYamlConfig.go:921","msg":"Artefacts:"}
{"level":"info","time":"2026-06-11T13:45:17.897+0530","caller":"models/HypertestYamlConfig.go:924","msg":"    Executed-Job-Artifacts:    \u001b[36mplaywright-report/index.html\u001b[0m"}
{"level":"info","time":"2026-06-11T13:45:17.897+0530","caller":"models/HypertestYamlConfig.go:924","msg":"    My-Job-Artifacts:    \u001b[36msrc/collect/info.html\u001b[0m"}
{"level":"info","time":"2026-06-11T13:45:17.898+0530","caller":"models/HypertestYamlConfig.go:939","msg":"Cache Directories:"}
{"level":"info","time":"2026-06-11T13:45:17.899+0530","caller":"models/HypertestYamlConfig.go:941","msg":"    \u001b[36mnode_modules\u001b[0m"}
{"level":"info","time":"2026-06-11T13:45:17.899+0530","caller":"models/HypertestYamlConfig.go:987","msg":""}
{"level":"debug","time":"2026-06-11T13:45:17.899+0530","caller":"filevalidator/setup.go:49","msg":"Warning: Checking data.json file in current directory, no dataJsonPath found in .hyperexecute.yaml"}
{"level":"debug","time":"2026-06-11T13:45:17.900+0530","caller":"filevalidator/setup.go:53","msg":"Warning: data.json file doesn't exist"}
{"level":"info","time":"2026-06-11T13:45:21.508+0530","caller":"core/lifecycle.go:457","msg":"\u001b[102m\u001b[1m\u001b[30mYou've consumed 32.00 % of your limit. Free trial mins left - 204.00\u001b[0m\u001b[22m\u001b[0m"}
{"level":"debug","time":"2026-06-11T13:45:21.508+0530","caller":"core/lifecycle.go:536","msg":"Job ID: 627e6eb1-3b84-4630-a27a-f538446b9eb6"}
{"level":"debug","time":"2026-06-11T13:45:21.508+0530","caller":"core/lifecycle.go:539","msg":"User - musharrafali17696, triggered job with ID 627e6eb1-3b84-4630-a27a-f538446b9eb6 from CLI"}
{"level":"debug","time":"2026-06-11T13:45:21.508+0530","caller":"events/manager.go:97","msg":"Starting event manager"}
{"level":"debug","time":"2026-06-11T13:45:21.508+0530","caller":"events/manager.go:99","msg":"SSE enabled, getting SSE connection"}
{"level":"debug","time":"2026-06-11T13:45:21.508+0530","caller":"core/lifecycle.go:542","msg":"User has provided playwright as test type for the job with ID 627e6eb1-3b84-4630-a27a-f538446b9eb6"}
{"level":"debug","time":"2026-06-11T13:45:21.509+0530","caller":"archivemanager/setup.go:339","msg":"digestMap: map[]"}
{"level":"debug","time":"2026-06-11T13:45:21.509+0530","caller":"archivemanager/setup.go:345","msg":"Creating archive of target directory: C:\\PW102\\HyperExecute-Playwright-Vanilla-Javascript-main"}
{"level":"debug","time":"2026-06-11T13:45:23.130+0530","caller":"core/lifecycle.go:693","msg":"Zip file size: 11.49 MB"}
{"level":"debug","time":"2026-06-11T13:45:23.130+0530","caller":"core/lifecycle.go:703","msg":"Archive location: C:\\PW102\\HyperExecute-Playwright-Vanilla-Javascript-main\\hyperexecute-code-627e6eb1-3b84-4630-a27a-f538446b9eb6.zip\n"}
{"level":"debug","time":"2026-06-11T13:45:23.169+0530","caller":"storage/azure.go:60","msg":"Payload size: 11.49 MB, source path C:\\PW102\\HyperExecute-Playwright-Vanilla-Javascript-main\\hyperexecute-code-627e6eb1-3b84-4630-a27a-f538446b9eb6.zip"}
{"level":"debug","time":"2026-06-11T13:45:25.841+0530","caller":"storage/azure.go:60","msg":"Payload size: 23.89 kB, source path C:\\Users\\MMUSHA~1\\AppData\\Local\\Temp\\git.diff"}
{"level":"debug","time":"2026-06-11T13:45:30.223+0530","caller":"storage/azure.go:84","msg":"Azcopy output: \n\r100.0 %, 1 Done, 0 Failed, 0 Pending, 0 Skipped, 1 Total, 2-sec Throughput (Mb/s): 0.0956\nTotal time taken to upload(min) :0.0333\n, stderr: "}
{"level":"info","time":"2026-06-11T13:45:30.223+0530","caller":"storage/azure.go:123","msg":"File: C:\\Users\\MMUSHA~1\\AppData\\Local\\Temp\\git.diff upload completed in 4.4158904s"}
{"level":"debug","time":"2026-06-11T13:45:33.576+0530","caller":"storage/azure.go:84","msg":"Azcopy output: \n\r0.0 %, 0 Done, 0 Failed, 1 Pending, 0 Skipped, 1 Total, 2-sec Throughput (Mb/s): 45.9363\r0.0 %, 0 Done, 0 Failed, 1 Pending, 0 Skipped, 1 Total,                                 \r27.0 %, 0 Done, 0 Failed, 1 Pending, 0 Skipped, 1 Total, \r100.0 %, 1 Done, 0 Failed, 0 Pending, 0 Skipped, 1 Total, \nTotal time taken to upload(min) :0.1334\n, stderr: "}
{"level":"info","time":"2026-06-11T13:45:33.576+0530","caller":"storage/azure.go:123","msg":"File: C:\\PW102\\HyperExecute-Playwright-Vanilla-Javascript-main\\hyperexecute-code-627e6eb1-3b84-4630-a27a-f538446b9eb6.zip upload completed in 10.4454813s"}
{"level":"debug","time":"2026-06-11T13:45:33.577+0530","caller":"receptionmanager/setup.go:274","msg":"number of entries in runtimes: 0, switching to new yaml format"}
{"level":"debug","time":"2026-06-11T13:45:33.577+0530","caller":"receptionmanager/setup.go:303","msg":"number of entries in partialreports: 0, switching to new yaml format"}
{"level":"debug","time":"2026-06-11T13:45:33.579+0530","caller":"receptionmanager/setup.go:188","msg":"Uploading yaml : C:\\PW102\\HyperExecute-Playwright-Vanilla-Javascript-main\\.updatedhyperexecute.yaml"}
{"level":"debug","time":"2026-06-11T13:45:33.609+0530","caller":"storage/azure.go:60","msg":"Payload size: 4.50 kB, source path C:\\PW102\\HyperExecute-Playwright-Vanilla-Javascript-main\\.updatedhyperexecute.yaml"}
{"level":"debug","time":"2026-06-11T13:45:37.785+0530","caller":"storage/azure.go:84","msg":"Azcopy output: \n\r100.0 %, 1 Done, 0 Failed, 0 Pending, 0 Skipped, 1 Total, 2-sec Throughput (Mb/s): 0.018\nTotal time taken to upload(min) :0.0333\n, stderr: "}
{"level":"info","time":"2026-06-11T13:45:37.785+0530","caller":"storage/azure.go:123","msg":"File: C:\\PW102\\HyperExecute-Playwright-Vanilla-Javascript-main\\.updatedhyperexecute.yaml upload completed in 4.2064799s"}
{"level":"debug","time":"2026-06-11T13:45:37.789+0530","caller":"core/lifecycle.go:730","msg":"Successfully deleted code archive: C:\\PW102\\HyperExecute-Playwright-Vanilla-Javascript-main\\hyperexecute-code-627e6eb1-3b84-4630-a27a-f538446b9eb6.zip\n"}
{"level":"debug","time":"2026-06-11T13:45:37.797+0530","caller":"storage/azure.go:60","msg":"Payload size: 804 B, source path yaml\\win\\mask-627e6eb1-3b84-4630-a27a-f538446b9eb6.yaml"}
{"level":"debug","time":"2026-06-11T13:45:42.070+0530","caller":"storage/azure.go:84","msg":"Azcopy output: \n\r100.0 %, 1 Done, 0 Failed, 0 Pending, 0 Skipped, 1 Total, 2-sec Throughput (Mb/s): 0.0032\nTotal time taken to upload(min) :0.0333\n, stderr: "}
{"level":"info","time":"2026-06-11T13:45:42.070+0530","caller":"storage/azure.go:123","msg":"File: yaml\\win\\mask-627e6eb1-3b84-4630-a27a-f538446b9eb6.yaml upload completed in 4.2769926s"}
{"level":"debug","time":"2026-06-11T13:45:51.508+0530","caller":"events/manager.go:356","msg":"No new messages received from SSE for jobID: 627e6eb1-3b84-4630-a27a-f538446b9eb6. Fetching from APIs"}
{"level":"info","time":"2026-06-11T13:45:52.485+0530","caller":"jobmanager/sse_setup.go:84","msg":"\nJob 627e6eb1-3b84-4630-a27a-f538446b9eb6 has started RUNNING"}
{"level":"info","time":"2026-06-11T13:45:52.485+0530","caller":"jobmanager/manager.go:138","msg":"Job Link: https://hyperexecute.lambdatest.com/hyperexecute/task?jobId=627e6eb1-3b84-4630-a27a-f538446b9eb6\n"}
{"level":"info","time":"2026-06-11T13:45:53.270+0530","caller":"terminal/terminal.go:187","msg":"✔ [1]  cache-download (1s)\n"}
{"level":"info","time":"2026-06-11T13:45:53.272+0530","caller":"terminal/terminal.go:187","msg":"✔ [2]  cache-download (1s)\n"}
{"level":"debug","time":"2026-06-11T13:46:23.269+0530","caller":"events/manager.go:356","msg":"No new messages received from SSE for jobID: 627e6eb1-3b84-4630-a27a-f538446b9eb6. Fetching from APIs"}
{"level":"debug","time":"2026-06-11T13:46:54.853+0530","caller":"events/manager.go:356","msg":"No new messages received from SSE for jobID: 627e6eb1-3b84-4630-a27a-f538446b9eb6. Fetching from APIs"}
{"level":"info","time":"2026-06-11T13:46:56.527+0530","caller":"terminal/terminal.go:187","msg":"✔ [1]  pre (1m1s)\n"}
{"level":"info","time":"2026-06-11T13:46:56.528+0530","caller":"terminal/terminal.go:187","msg":"✔ [1]  discovery (0s)\n"}
{"level":"info","time":"2026-06-11T13:46:56.531+0530","caller":"terminal/terminal.go:187","msg":"✔ [2]  pre (42s)\n"}
{"level":"info","time":"2026-06-11T13:46:56.533+0530","caller":"terminal/terminal.go:187","msg":"✔ [2]  discovery (0s)\n"}
{"level":"debug","time":"2026-06-11T13:47:26.526+0530","caller":"events/manager.go:356","msg":"No new messages received from SSE for jobID: 627e6eb1-3b84-4630-a27a-f538446b9eb6. Fetching from APIs"}
{"level":"info","time":"2026-06-11T13:47:28.219+0530","caller":"terminal/terminal.go:187","msg":"✔ [1]  tests/test_1.spec.js (30s)\n"}
{"level":"debug","time":"2026-06-11T13:47:58.218+0530","caller":"events/manager.go:356","msg":"No new messages received from SSE for jobID: 627e6eb1-3b84-4630-a27a-f538446b9eb6. Fetching from APIs"}
{"level":"info","time":"2026-06-11T13:47:59.883+0530","caller":"terminal/terminal.go:187","msg":"✔ [1]  tests/test_3.spec.js (9s)\n"}
{"level":"debug","time":"2026-06-11T13:48:29.882+0530","caller":"events/manager.go:356","msg":"No new messages received from SSE for jobID: 627e6eb1-3b84-4630-a27a-f538446b9eb6. Fetching from APIs"}
{"level":"debug","time":"2026-06-11T13:49:01.619+0530","caller":"events/manager.go:356","msg":"No new messages received from SSE for jobID: 627e6eb1-3b84-4630-a27a-f538446b9eb6. Fetching from APIs"}
{"level":"debug","time":"2026-06-11T13:49:33.275+0530","caller":"events/manager.go:356","msg":"No new messages received from SSE for jobID: 627e6eb1-3b84-4630-a27a-f538446b9eb6. Fetching from APIs"}
{"level":"debug","time":"2026-06-11T13:50:04.915+0530","caller":"events/manager.go:356","msg":"No new messages received from SSE for jobID: 627e6eb1-3b84-4630-a27a-f538446b9eb6. Fetching from APIs"}
{"level":"debug","time":"2026-06-11T13:50:36.618+0530","caller":"events/manager.go:356","msg":"No new messages received from SSE for jobID: 627e6eb1-3b84-4630-a27a-f538446b9eb6. Fetching from APIs"}
{"level":"error","time":"2026-06-11T13:50:38.228+0530","caller":"jobmanager/sse_setup.go:104","msg":"2026-06-11T13:45:10+05:30    error    ERR::JOB::STS     Job aborted!"}
{"level":"debug","time":"2026-06-11T13:50:38.229+0530","caller":"jobmanager/sse_setup.go:134","msg":"\n\nJob status"}
{"level":"info","time":"2026-06-11T13:50:39.023+0530","caller":"jobmanager/JobSummaryManager.go:54","msg":"\n ABORTED \n"}
{"level":"info","time":"2026-06-11T13:50:39.024+0530","caller":"jobmanager/JobSummaryManager.go:113","msg":"    Test Execution Time:                  20s"}
{"level":"info","time":"2026-06-11T13:50:39.024+0530","caller":"jobmanager/JobSummaryManager.go:113","msg":"    Job Duration Time:                    4m58s"}
{"level":"info","time":"2026-06-11T13:50:39.024+0530","caller":"jobmanager/JobSummaryManager.go:113","msg":"    Total Tasks:                          2"}
{"level":"info","time":"2026-06-11T13:50:39.025+0530","caller":"jobmanager/JobSummaryManager.go:113","msg":"    Cumulative Time Consumed:             7m5s"}
{"level":"info","time":"2026-06-11T13:50:39.025+0530","caller":"jobmanager/JobSummaryManager.go:113","msg":"    Total Stages:                         7"}
{"level":"info","time":"2026-06-11T13:50:39.025+0530","caller":"jobmanager/JobSummaryManager.go:113","msg":"    Pass discovery stage percentage:      100.00%"}
{"level":"info","time":"2026-06-11T13:50:39.025+0530","caller":"jobmanager/JobSummaryManager.go:113","msg":"    Failed discovery stage percentage:    0.00%"}
{"level":"info","time":"2026-06-11T13:50:39.025+0530","caller":"jobmanager/JobSummaryManager.go:113","msg":"    Pass pre stage percentage:            100.00%"}
{"level":"info","time":"2026-06-11T13:50:39.025+0530","caller":"jobmanager/JobSummaryManager.go:113","msg":"    Failed pre stage percentage:          0.00%"}
{"level":"info","time":"2026-06-11T13:50:39.025+0530","caller":"jobmanager/JobSummaryManager.go:113","msg":"    Pass test stage percentage:           66.67%"}
{"level":"info","time":"2026-06-11T13:50:39.025+0530","caller":"jobmanager/JobSummaryManager.go:113","msg":"    Failed test stage percentage:         33.33%"}
{"level":"info","time":"2026-06-11T13:50:39.025+0530","caller":"jobmanager/JobSummaryManager.go:113","msg":"    Pass post stage percentage:           0.00%"}
{"level":"info","time":"2026-06-11T13:50:39.026+0530","caller":"jobmanager/JobSummaryManager.go:113","msg":"    Failed post stage percentage:         0.00%"}
{"level":"info","time":"2026-06-11T13:50:39.026+0530","caller":"jobmanager/JobSummaryManager.go:113","msg":"    Failed Tasks:                         0"}
{"level":"info","time":"2026-06-11T13:50:39.026+0530","caller":"jobmanager/JobSummaryManager.go:58","msg":""}
{"level":"debug","time":"2026-06-11T13:50:39.029+0530","caller":"core/lifecycle.go:933","msg":"Context canceled"}
{"level":"info","time":"2026-06-11T13:50:39.029+0530","caller":"events/manager.go:338","msg":"context done and stopping SSE"}
{"level":"debug","time":"2026-06-11T13:50:39.029+0530","caller":"events/manager.go:256","msg":"Stopping event manager"}
{"level":"info","time":"2026-06-11T13:50:39.029+0530","caller":"core/lifecycle.go:936","msg":"Stopping pipeline gracefully"}
{"level":"error","time":"2026-06-11T13:50:39.029+0530","caller":"core/lifecycle.go:939","msg":"2026-06-11T13:45:10+05:30    error    Exiting with error: Job aborted."}
{"level":"info","time":"2026-06-11T13:50:39.029+0530","caller":"jobmanager/manager.go:138","msg":"Job Link: https://hyperexecute.lambdatest.com/hyperexecute/task?jobId=627e6eb1-3b84-4630-a27a-f538446b9eb6\n"}
{"level":"debug","time":"2026-06-11T13:50:39.029+0530","caller":"core/lifecycle.go:75","msg":"Quit requested from main goroutine...."}
{"level":"debug","time":"2026-06-11T13:50:39.029+0530","caller":"core/lifecycle.go:76","msg":"Waiting for the goroutines to exit"}
{"level":"debug","time":"2026-06-11T13:50:39.029+0530","caller":"core/lifecycle.go:79","msg":"All lifecycle goroutines exited"}
{"level":"debug","time":"2026-06-11T13:50:39.029+0530","caller":"cmd/bin.go:361","msg":"main: all goroutines have finished."}
{"level":"debug","time":"2026-06-11T13:50:39.030+0530","caller":"cmd/bin.go:400","msg":"Exiting application due to error Job aborted."}
{"level":"debug","time":"2026-06-11T13:54:25.225+0530","caller":"cmd/bin.go:145","msg":"cli os: windows, cli arch: amd64"}
{"level":"debug","time":"2026-06-11T13:54:25.877+0530","caller":"cmd/bin.go:154","msg":"Upstream version details: {Name:cli Min:0.2.265 Max:0.2.343} "}
{"level":"info","time":"2026-06-11T13:54:25.877+0530","caller":"cmd/bin.go:202","msg":"Generating TraceID for tracking request: 01KTTWGKSJJJDAHVQZJ6JZAG1Q \n"}
{"level":"warn","time":"2026-06-11T13:54:25.911+0530","caller":"globalconfigvalidator/setup.go:45","msg":"Found user credentials in env and cli flag both, credentials in env will be ignored"}
{"level":"warn","time":"2026-06-11T13:54:25.912+0530","caller":"globalconfigvalidator/setup.go:50","msg":"Found key credentials in env and cli flag both, credentials in env will be ignored"}
{"level":"debug","time":"2026-06-11T13:54:29.778+0530","caller":"core/lifecycle.go:123","msg":"Setting environment"}
{"level":"debug","time":"2026-06-11T13:54:29.778+0530","caller":"core/lifecycle.go:126","msg":"Parsing config"}
{"level":"debug","time":"2026-06-11T13:54:29.778+0530","caller":"yamlconfigmanager/setup.go:725","msg":"Custom location for .hyperexecute.yaml specified. Using: ./yaml/win/.hyperexecute_autosplits.yaml"}
{"level":"debug","time":"2026-06-11T13:54:29.778+0530","caller":"yamlconfigmanager/setup.go:117","msg":"using hyperexecute config from : ./yaml/win/.hyperexecute_autosplits.yaml"}
{"level":"debug","time":"2026-06-11T13:54:31.858+0530","caller":"yamlconfigmanager/setup.go:2153","msg":"Autodetecting test type in files of path : C:\\PW102\\HyperExecute-Playwright-Vanilla-Javascript-main"}
{"level":"debug","time":"2026-06-11T13:54:31.889+0530","caller":"yamlconfigmanager/setup.go:2195","msg":"File in which test type is detected - C:\\PW102\\HyperExecute-Playwright-Vanilla-Javascript-main/package.json"}
{"level":"debug","time":"2026-06-11T13:54:31.889+0530","caller":"yamlconfigmanager/setup.go:2196","msg":"Pre command in which test type is detected - npx playwright install"}
{"level":"debug","time":"2026-06-11T13:54:31.889+0530","caller":"yamlconfigmanager/setup.go:515","msg":"Automatic test type detected - playwright"}
{"level":"debug","time":"2026-06-11T13:54:31.889+0530","caller":"yamlconfigmanager/setup.go:547","msg":"Tunnel: false"}
{"level":"info","time":"2026-06-11T13:54:31.890+0530","caller":"models/HypertestYamlConfig.go:974","msg":"\n\u001b[4m\u001b[1m\u001b[97mExecution Plan\u001b[0m\u001b[22m\u001b[24m"}
{"level":"info","time":"2026-06-11T13:54:31.890+0530","caller":"models/HypertestYamlConfig.go:775","msg":"Mode:    \u001b[36mautosplit\u001b[0m"}
{"level":"info","time":"2026-06-11T13:54:31.890+0530","caller":"models/HypertestYamlConfig.go:835","msg":"Runson:    \u001b[36mwin\u001b[0m"}
{"level":"info","time":"2026-06-11T13:54:31.890+0530","caller":"models/HypertestYamlConfig.go:843","msg":"Concurrency:    \u001b[36m2\u001b[0m"}
{"level":"info","time":"2026-06-11T13:54:31.890+0530","caller":"models/HypertestYamlConfig.go:907","msg":"Report:    \u001b[36menabled\u001b[0m"}
{"level":"info","time":"2026-06-11T13:54:31.890+0530","caller":"models/HypertestYamlConfig.go:921","msg":"Artefacts:"}
{"level":"info","time":"2026-06-11T13:54:31.890+0530","caller":"models/HypertestYamlConfig.go:924","msg":"    Executed-Job-Artifacts:    \u001b[36mplaywright-report/index.html\u001b[0m"}
{"level":"info","time":"2026-06-11T13:54:31.891+0530","caller":"models/HypertestYamlConfig.go:924","msg":"    My-Job-Artifacts:    \u001b[36msrc/collect/info.html\u001b[0m"}
{"level":"info","time":"2026-06-11T13:54:31.891+0530","caller":"models/HypertestYamlConfig.go:939","msg":"Cache Directories:"}
{"level":"info","time":"2026-06-11T13:54:31.891+0530","caller":"models/HypertestYamlConfig.go:941","msg":"    \u001b[36mnode_modules\u001b[0m"}
{"level":"info","time":"2026-06-11T13:54:31.891+0530","caller":"models/HypertestYamlConfig.go:987","msg":""}
{"level":"debug","time":"2026-06-11T13:54:31.892+0530","caller":"filevalidator/setup.go:49","msg":"Warning: Checking data.json file in current directory, no dataJsonPath found in .hyperexecute.yaml"}
{"level":"debug","time":"2026-06-11T13:54:31.892+0530","caller":"filevalidator/setup.go:53","msg":"Warning: data.json file doesn't exist"}
{"level":"info","time":"2026-06-11T13:54:35.461+0530","caller":"core/lifecycle.go:457","msg":"\u001b[102m\u001b[1m\u001b[30mYou've consumed 34.33 % of your limit. Free trial mins left - 197.00\u001b[0m\u001b[22m\u001b[0m"}
{"level":"debug","time":"2026-06-11T13:54:35.461+0530","caller":"core/lifecycle.go:536","msg":"Job ID: b902c8e0-6705-4b09-96eb-025e6f4b12b6"}
{"level":"debug","time":"2026-06-11T13:54:35.461+0530","caller":"core/lifecycle.go:539","msg":"User - musharrafali17696, triggered job with ID b902c8e0-6705-4b09-96eb-025e6f4b12b6 from CLI"}
{"level":"debug","time":"2026-06-11T13:54:35.461+0530","caller":"events/manager.go:97","msg":"Starting event manager"}
{"level":"debug","time":"2026-06-11T13:54:35.462+0530","caller":"events/manager.go:99","msg":"SSE enabled, getting SSE connection"}
{"level":"debug","time":"2026-06-11T13:54:35.461+0530","caller":"core/lifecycle.go:542","msg":"User has provided playwright as test type for the job with ID b902c8e0-6705-4b09-96eb-025e6f4b12b6"}
{"level":"debug","time":"2026-06-11T13:54:35.464+0530","caller":"archivemanager/setup.go:339","msg":"digestMap: map[]"}
{"level":"debug","time":"2026-06-11T13:54:35.464+0530","caller":"archivemanager/setup.go:345","msg":"Creating archive of target directory: C:\\PW102\\HyperExecute-Playwright-Vanilla-Javascript-main"}
{"level":"debug","time":"2026-06-11T13:54:38.522+0530","caller":"core/lifecycle.go:693","msg":"Zip file size: 11.49 MB"}
{"level":"debug","time":"2026-06-11T13:54:38.523+0530","caller":"core/lifecycle.go:703","msg":"Archive location: C:\\PW102\\HyperExecute-Playwright-Vanilla-Javascript-main\\hyperexecute-code-b902c8e0-6705-4b09-96eb-025e6f4b12b6.zip\n"}
{"level":"debug","time":"2026-06-11T13:54:38.564+0530","caller":"storage/azure.go:60","msg":"Payload size: 11.49 MB, source path C:\\PW102\\HyperExecute-Playwright-Vanilla-Javascript-main\\hyperexecute-code-b902c8e0-6705-4b09-96eb-025e6f4b12b6.zip"}
{"level":"debug","time":"2026-06-11T13:54:40.449+0530","caller":"storage/azure.go:60","msg":"Payload size: 41.28 kB, source path C:\\Users\\MMUSHA~1\\AppData\\Local\\Temp\\git.diff"}
{"level":"debug","time":"2026-06-11T13:54:47.137+0530","caller":"storage/azure.go:84","msg":"Azcopy output: \n\r100.0 %, 0 Done, 0 Failed, 1 Pending, 0 Skipped, 1 Total, 2-sec Throughput (Mb/s): 0.1651\r100.0 %, 1 Done, 0 Failed, 0 Pending, 0 Skipped, 1 Total,                                \nTotal time taken to upload(min) :0.0667\n, stderr: "}
{"level":"info","time":"2026-06-11T13:54:47.137+0530","caller":"storage/azure.go:123","msg":"File: C:\\Users\\MMUSHA~1\\AppData\\Local\\Temp\\git.diff upload completed in 6.721492s"}
{"level":"debug","time":"2026-06-11T13:54:51.036+0530","caller":"storage/azure.go:84","msg":"Azcopy output: \n\r0.0 %, 0 Done, 0 Failed, 1 Pending, 0 Skipped, 1 Total, 2-sec Throughput (Mb/s): 45.9103\r0.0 %, 0 Done, 0 Failed, 1 Pending, 0 Skipped, 1 Total,                                 \r27.0 %, 0 Done, 0 Failed, 1 Pending, 0 Skipped, 1 Total, \r100.0 %, 0 Done, 0 Failed, 1 Pending, 0 Skipped, 1 Total, \r100.0 %, 1 Done, 0 Failed, 0 Pending, 0 Skipped, 1 Total, \nTotal time taken to upload(min) :0.1667\n, stderr: "}
{"level":"info","time":"2026-06-11T13:54:51.036+0530","caller":"storage/azure.go:123","msg":"File: C:\\PW102\\HyperExecute-Playwright-Vanilla-Javascript-main\\hyperexecute-code-b902c8e0-6705-4b09-96eb-025e6f4b12b6.zip upload completed in 12.5135154s"}
{"level":"debug","time":"2026-06-11T13:54:51.038+0530","caller":"receptionmanager/setup.go:274","msg":"number of entries in runtimes: 0, switching to new yaml format"}
{"level":"debug","time":"2026-06-11T13:54:51.038+0530","caller":"receptionmanager/setup.go:303","msg":"number of entries in partialreports: 0, switching to new yaml format"}
{"level":"debug","time":"2026-06-11T13:54:51.039+0530","caller":"receptionmanager/setup.go:188","msg":"Uploading yaml : C:\\PW102\\HyperExecute-Playwright-Vanilla-Javascript-main\\.updatedhyperexecute.yaml"}
{"level":"debug","time":"2026-06-11T13:54:51.078+0530","caller":"storage/azure.go:60","msg":"Payload size: 4.50 kB, source path C:\\PW102\\HyperExecute-Playwright-Vanilla-Javascript-main\\.updatedhyperexecute.yaml"}
{"level":"debug","time":"2026-06-11T13:54:55.390+0530","caller":"storage/azure.go:84","msg":"Azcopy output: \n\r100.0 %, 1 Done, 0 Failed, 0 Pending, 0 Skipped, 1 Total, 2-sec Throughput (Mb/s): 0.018\nTotal time taken to upload(min) :0.0334\n, stderr: "}
{"level":"info","time":"2026-06-11T13:54:55.390+0530","caller":"storage/azure.go:123","msg":"File: C:\\PW102\\HyperExecute-Playwright-Vanilla-Javascript-main\\.updatedhyperexecute.yaml upload completed in 4.3511502s"}
{"level":"debug","time":"2026-06-11T13:54:55.394+0530","caller":"core/lifecycle.go:730","msg":"Successfully deleted code archive: C:\\PW102\\HyperExecute-Playwright-Vanilla-Javascript-main\\hyperexecute-code-b902c8e0-6705-4b09-96eb-025e6f4b12b6.zip\n"}
{"level":"debug","time":"2026-06-11T13:54:55.429+0530","caller":"storage/azure.go:60","msg":"Payload size: 804 B, source path yaml\\win\\mask-b902c8e0-6705-4b09-96eb-025e6f4b12b6.yaml"}
{"level":"debug","time":"2026-06-11T13:54:59.721+0530","caller":"storage/azure.go:84","msg":"Azcopy output: \n\r100.0 %, 1 Done, 0 Failed, 0 Pending, 0 Skipped, 1 Total, 2-sec Throughput (Mb/s): 0.0032\nTotal time taken to upload(min) :0.0333\n, stderr: "}
{"level":"info","time":"2026-06-11T13:54:59.721+0530","caller":"storage/azure.go:123","msg":"File: yaml\\win\\mask-b902c8e0-6705-4b09-96eb-025e6f4b12b6.yaml upload completed in 4.3220059s"}
{"level":"debug","time":"2026-06-11T13:55:05.462+0530","caller":"events/manager.go:356","msg":"No new messages received from SSE for jobID: b902c8e0-6705-4b09-96eb-025e6f4b12b6. Fetching from APIs"}
{"level":"info","time":"2026-06-11T13:55:06.335+0530","caller":"jobmanager/sse_setup.go:84","msg":"\nJob b902c8e0-6705-4b09-96eb-025e6f4b12b6 has started RUNNING"}
{"level":"info","time":"2026-06-11T13:55:06.336+0530","caller":"jobmanager/manager.go:138","msg":"Job Link: https://hyperexecute.lambdatest.com/hyperexecute/task?jobId=b902c8e0-6705-4b09-96eb-025e6f4b12b6\n"}
{"level":"info","time":"2026-06-11T13:55:07.101+0530","caller":"terminal/terminal.go:187","msg":"✔ [1]  cache-download (1s)\n"}
{"level":"info","time":"2026-06-11T13:55:07.103+0530","caller":"terminal/terminal.go:187","msg":"✔ [2]  cache-download (1s)\n"}
{"level":"debug","time":"2026-06-11T13:55:37.100+0530","caller":"events/manager.go:356","msg":"No new messages received from SSE for jobID: b902c8e0-6705-4b09-96eb-025e6f4b12b6. Fetching from APIs"}
{"level":"debug","time":"2026-06-11T13:56:08.678+0530","caller":"events/manager.go:356","msg":"No new messages received from SSE for jobID: b902c8e0-6705-4b09-96eb-025e6f4b12b6. Fetching from APIs"}
{"level":"info","time":"2026-06-11T13:56:10.340+0530","caller":"terminal/terminal.go:187","msg":"✔ [1]  pre (38s)\n"}
{"level":"info","time":"2026-06-11T13:56:10.342+0530","caller":"terminal/terminal.go:187","msg":"✔ [1]  discovery (0s)\n"}
{"level":"info","time":"2026-06-11T13:56:10.345+0530","caller":"terminal/terminal.go:187","msg":"✔ [2]  pre (48s)\n"}
{"level":"info","time":"2026-06-11T13:56:10.346+0530","caller":"terminal/terminal.go:187","msg":"✔ [2]  discovery (0s)\n"}
{"level":"debug","time":"2026-06-11T13:56:40.340+0530","caller":"events/manager.go:356","msg":"No new messages received from SSE for jobID: b902c8e0-6705-4b09-96eb-025e6f4b12b6. Fetching from APIs"}
{"level":"info","time":"2026-06-11T13:56:41.996+0530","caller":"terminal/terminal.go:187","msg":"✔ [1]  tests/test_1.spec.js (28s)\n"}
{"level":"info","time":"2026-06-11T13:56:41.999+0530","caller":"terminal/terminal.go:187","msg":"✔ [1]  tests/test_3.spec.js (9s)\n"}
{"level":"info","time":"2026-06-11T13:56:42.000+0530","caller":"terminal/terminal.go:187","msg":"✔ [2]  tests/test_2.spec.js (15s)\n"}
{"level":"debug","time":"2026-06-11T13:57:11.995+0530","caller":"events/manager.go:356","msg":"No new messages received from SSE for jobID: b902c8e0-6705-4b09-96eb-025e6f4b12b6. Fetching from APIs"}
{"level":"debug","time":"2026-06-11T13:57:13.651+0530","caller":"jobmanager/sse_setup.go:134","msg":"\n\nJob status"}
{"level":"info","time":"2026-06-11T13:57:14.412+0530","caller":"jobmanager/JobSummaryManager.go:54","msg":"\n PARTIALLY COMPLETED \n"}
{"level":"info","time":"2026-06-11T13:57:14.412+0530","caller":"jobmanager/JobSummaryManager.go:113","msg":"    Test Execution Time:                  20s"}
{"level":"info","time":"2026-06-11T13:57:14.412+0530","caller":"jobmanager/JobSummaryManager.go:113","msg":"    Job Duration Time:                    2m6s"}
{"level":"info","time":"2026-06-11T13:57:14.413+0530","caller":"jobmanager/JobSummaryManager.go:113","msg":"    Total Tasks:                          2"}
{"level":"info","time":"2026-06-11T13:57:14.413+0530","caller":"jobmanager/JobSummaryManager.go:113","msg":"    Cumulative Time Consumed:             3m24s"}
{"level":"info","time":"2026-06-11T13:57:14.413+0530","caller":"jobmanager/JobSummaryManager.go:113","msg":"    Total Stages:                         7"}
{"level":"info","time":"2026-06-11T13:57:14.414+0530","caller":"jobmanager/JobSummaryManager.go:113","msg":"    Pass discovery stage percentage:      100.00%"}
{"level":"info","time":"2026-06-11T13:57:14.414+0530","caller":"jobmanager/JobSummaryManager.go:113","msg":"    Failed discovery stage percentage:    0.00%"}
{"level":"info","time":"2026-06-11T13:57:14.414+0530","caller":"jobmanager/JobSummaryManager.go:113","msg":"    Pass pre stage percentage:            100.00%"}
{"level":"info","time":"2026-06-11T13:57:14.414+0530","caller":"jobmanager/JobSummaryManager.go:113","msg":"    Failed pre stage percentage:          0.00%"}
{"level":"info","time":"2026-06-11T13:57:14.414+0530","caller":"jobmanager/JobSummaryManager.go:113","msg":"    Pass test stage percentage:           100.00%"}
{"level":"info","time":"2026-06-11T13:57:14.414+0530","caller":"jobmanager/JobSummaryManager.go:113","msg":"    Failed test stage percentage:         0.00%"}
{"level":"info","time":"2026-06-11T13:57:14.414+0530","caller":"jobmanager/JobSummaryManager.go:113","msg":"    Pass post stage percentage:           0.00%"}
{"level":"info","time":"2026-06-11T13:57:14.415+0530","caller":"jobmanager/JobSummaryManager.go:113","msg":"    Failed post stage percentage:         0.00%"}
{"level":"info","time":"2026-06-11T13:57:14.415+0530","caller":"jobmanager/JobSummaryManager.go:113","msg":"    Failed Tasks:                         0"}
{"level":"info","time":"2026-06-11T13:57:14.415+0530","caller":"jobmanager/JobSummaryManager.go:58","msg":""}
{"level":"debug","time":"2026-06-11T13:57:14.419+0530","caller":"core/lifecycle.go:933","msg":"Context canceled"}
{"level":"info","time":"2026-06-11T13:57:14.419+0530","caller":"events/manager.go:338","msg":"context done and stopping SSE"}
{"level":"debug","time":"2026-06-11T13:57:14.420+0530","caller":"events/manager.go:256","msg":"Stopping event manager"}
{"level":"info","time":"2026-06-11T13:57:14.419+0530","caller":"core/lifecycle.go:936","msg":"Stopping pipeline gracefully"}
{"level":"info","time":"2026-06-11T13:57:14.420+0530","caller":"jobmanager/manager.go:138","msg":"Job Link: https://hyperexecute.lambdatest.com/hyperexecute/task?jobId=b902c8e0-6705-4b09-96eb-025e6f4b12b6\n"}
{"level":"debug","time":"2026-06-11T13:57:14.420+0530","caller":"core/lifecycle.go:75","msg":"Quit requested from main goroutine...."}
{"level":"debug","time":"2026-06-11T13:57:14.420+0530","caller":"core/lifecycle.go:76","msg":"Waiting for the goroutines to exit"}
{"level":"debug","time":"2026-06-11T13:57:14.420+0530","caller":"core/lifecycle.go:79","msg":"All lifecycle goroutines exited"}
{"level":"debug","time":"2026-06-11T13:57:14.420+0530","caller":"cmd/bin.go:361","msg":"main: all goroutines have finished."}
{"level":"debug","time":"2026-09-26T23:15:03.523+0530","caller":"cmd/bin.go:145","msg":"cli os: windows, cli arch: amd64"}
{"level":"debug","time":"2026-09-26T23:15:04.238+0530","caller":"cmd/bin.go:154","msg":"Upstream version details: {Name:cli Min:0.2.265 Max:0.2.357} "}
{"level":"info","time":"2026-09-26T23:15:04.239+0530","caller":"cmd/bin.go:163","msg":"Current binary version 0.2.343 is less than max upstream version 0.2.357."}
{"level":"info","time":"2026-09-26T23:15:04.240+0530","caller":"updater/updater.go:58","msg":"Auto updating binary ..................."}
{"level":"debug","time":"2026-09-26T23:15:04.265+0530","caller":"updater/updater.go:59","msg":"Download url: https://downloads.hyperexecute.cloud/hyperexecute/cli/0.2.357/windows/hyperexecute.exe"}
{"level":"debug","time":"2026-09-26T23:15:15.800+0530","caller":"updater/updater.go:80","msg":"New binary downloaded successfully "}
{"level":"info","time":"2026-09-26T23:15:15.802+0530","caller":"cmd/bin.go:175","msg":"Update successfully installed. Restarting the binary..."}
{"level":"debug","time":"2026-09-26T23:15:22.454+0530","caller":"cmd/bin.go:138","msg":"cli os: windows, cli arch: amd64"}
{"level":"debug","time":"2026-09-26T23:15:22.457+0530","caller":"cmd/bin.go:139","msg":"Current binary version: 0.2.357, Environment: prod"}
{"level":"debug","time":"2026-09-26T23:15:23.139+0530","caller":"cmd/bin.go:148","msg":"Upstream version details: {Name:cli Min:0.2.265 Max:0.2.357} "}
{"level":"info","time":"2026-09-26T23:15:23.140+0530","caller":"cmd/bin.go:196","msg":"Generating TraceID for tracking request: 01M3FD4NATA8ZSSHMB15JXWBAV \n"}
{"level":"debug","time":"2026-09-26T23:15:26.618+0530","caller":"core/lifecycle.go:124","msg":"Setting environment"}
{"level":"debug","time":"2026-09-26T23:15:26.620+0530","caller":"core/lifecycle.go:127","msg":"Parsing config"}
{"level":"debug","time":"2026-09-26T23:15:26.620+0530","caller":"yamlconfigmanager/setup.go:746","msg":"Custom location for .hyperexecute.yaml specified. Using: RELATIVE_PATH_OF_YOUR_YAML_FILE"}
{"level":"error","time":"2026-09-26T23:15:26.620+0530","caller":"core/lifecycle.go:132","msg":"2026-09-26T23:15:21+05:30    error    \u001b[91mERR::NO::HTY\u001b[0m     Unable to find hyperexecute config file.    No file found at location RELATIVE_PATH_OF_YOUR_YAML_FILE"}
{"level":"debug","time":"2026-09-26T23:15:26.623+0530","caller":"core/lifecycle.go:76","msg":"Quit requested from main goroutine...."}
{"level":"debug","time":"2026-09-26T23:15:26.624+0530","caller":"core/lifecycle.go:77","msg":"Waiting for the goroutines to exit"}
{"level":"debug","time":"2026-09-26T23:15:26.624+0530","caller":"core/lifecycle.go:80","msg":"All lifecycle goroutines exited"}
{"level":"debug","time":"2026-09-26T23:15:26.624+0530","caller":"cmd/bin.go:348","msg":"main: all goroutines have finished."}
{"level":"debug","time":"2026-09-26T23:15:26.624+0530","caller":"cmd/bin.go:387","msg":"Exiting application due to error \u001b[91mERR::NO::HTY\u001b[0m     Unable to find hyperexecute config file.    No file found at location RELATIVE_PATH_OF_YOUR_YAML_FILE"}
{"level":"debug","time":"2026-09-26T23:15:27.011+0530","caller":"cmd/bin.go:195","msg":"Child binary process exited with error: exit status 1"}
{"level":"debug","time":"2026-09-26T23:15:33.882+0530","caller":"cmd/bin.go:138","msg":"cli os: windows, cli arch: amd64"}
{"level":"debug","time":"2026-09-26T23:15:33.884+0530","caller":"cmd/bin.go:139","msg":"Current binary version: 0.2.357, Environment: prod"}
{"level":"debug","time":"2026-09-26T23:15:34.535+0530","caller":"cmd/bin.go:148","msg":"Upstream version details: {Name:cli Min:0.2.265 Max:0.2.357} "}
{"level":"info","time":"2026-09-26T23:15:34.535+0530","caller":"cmd/bin.go:196","msg":"Generating TraceID for tracking request: 01M3FD50M5YWTXE34ASSP55N54 \n"}
{"level":"debug","time":"2026-09-26T23:15:36.938+0530","caller":"core/lifecycle.go:124","msg":"Setting environment"}
{"level":"debug","time":"2026-09-26T23:15:36.938+0530","caller":"core/lifecycle.go:127","msg":"Parsing config"}
{"level":"debug","time":"2026-09-26T23:15:36.939+0530","caller":"yamlconfigmanager/setup.go:746","msg":"Custom location for .hyperexecute.yaml specified. Using: RELATIVE_PATH_OF_YOUR_YAML_FILE"}
{"level":"error","time":"2026-09-26T23:15:36.939+0530","caller":"core/lifecycle.go:132","msg":"2026-09-26T23:15:33+05:30    error    \u001b[91mERR::NO::HTY\u001b[0m     Unable to find hyperexecute config file.    No file found at location RELATIVE_PATH_OF_YOUR_YAML_FILE"}
{"level":"debug","time":"2026-09-26T23:15:36.940+0530","caller":"core/lifecycle.go:76","msg":"Quit requested from main goroutine...."}
{"level":"debug","time":"2026-09-26T23:15:36.940+0530","caller":"core/lifecycle.go:77","msg":"Waiting for the goroutines to exit"}
{"level":"debug","time":"2026-09-26T23:15:36.940+0530","caller":"core/lifecycle.go:80","msg":"All lifecycle goroutines exited"}
{"level":"debug","time":"2026-09-26T23:15:36.940+0530","caller":"cmd/bin.go:348","msg":"main: all goroutines have finished."}
{"level":"debug","time":"2026-09-26T23:15:36.940+0530","caller":"cmd/bin.go:387","msg":"Exiting application due to error \u001b[91mERR::NO::HTY\u001b[0m     Unable to find hyperexecute config file.    No file found at location RELATIVE_PATH_OF_YOUR_YAML_FILE"}
{"level":"debug","time":"2026-09-26T23:22:04.565+0530","caller":"cmd/bin.go:138","msg":"cli os: windows, cli arch: amd64"}
{"level":"debug","time":"2026-09-26T23:22:04.566+0530","caller":"cmd/bin.go:139","msg":"Current binary version: 0.2.357, Environment: prod"}
{"level":"debug","time":"2026-09-26T23:22:05.215+0530","caller":"cmd/bin.go:148","msg":"Upstream version details: {Name:cli Min:0.2.265 Max:0.2.357} "}
{"level":"info","time":"2026-09-26T23:22:05.216+0530","caller":"cmd/bin.go:196","msg":"Generating TraceID for tracking request: 01M3FDGY5D1DNQX3XFNY4FM7GK \n"}
{"level":"debug","time":"2026-09-26T23:22:08.184+0530","caller":"core/lifecycle.go:124","msg":"Setting environment"}
{"level":"debug","time":"2026-09-26T23:22:08.185+0530","caller":"core/lifecycle.go:127","msg":"Parsing config"}
{"level":"debug","time":"2026-09-26T23:22:08.185+0530","caller":"yamlconfigmanager/setup.go:746","msg":"Custom location for .hyperexecute.yaml specified. Using: RELATIVE_PATH_OF_YOUR_YAML_FILE"}
{"level":"error","time":"2026-09-26T23:22:08.186+0530","caller":"core/lifecycle.go:132","msg":"2026-09-26T23:22:03+05:30    error    \u001b[91mERR::NO::HTY\u001b[0m     Unable to find hyperexecute config file.    No file found at location RELATIVE_PATH_OF_YOUR_YAML_FILE"}
{"level":"debug","time":"2026-09-26T23:22:08.187+0530","caller":"core/lifecycle.go:76","msg":"Quit requested from main goroutine...."}
{"level":"debug","time":"2026-09-26T23:22:08.187+0530","caller":"core/lifecycle.go:77","msg":"Waiting for the goroutines to exit"}
{"level":"debug","time":"2026-09-26T23:22:08.187+0530","caller":"core/lifecycle.go:80","msg":"All lifecycle goroutines exited"}
{"level":"debug","time":"2026-09-26T23:22:08.187+0530","caller":"cmd/bin.go:348","msg":"main: all goroutines have finished."}
{"level":"debug","time":"2026-09-26T23:22:08.187+0530","caller":"cmd/bin.go:387","msg":"Exiting application due to error \u001b[91mERR::NO::HTY\u001b[0m     Unable to find hyperexecute config file.    No file found at location RELATIVE_PATH_OF_YOUR_YAML_FILE"}
{"level":"debug","time":"2026-09-26T23:23:50.267+0530","caller":"cmd/bin.go:138","msg":"cli os: windows, cli arch: amd64"}
{"level":"debug","time":"2026-09-26T23:23:50.269+0530","caller":"cmd/bin.go:139","msg":"Current binary version: 0.2.357, Environment: prod"}
{"level":"debug","time":"2026-09-26T23:23:50.916+0530","caller":"cmd/bin.go:148","msg":"Upstream version details: {Name:cli Min:0.2.265 Max:0.2.357} "}
{"level":"info","time":"2026-09-26T23:23:50.916+0530","caller":"cmd/bin.go:196","msg":"Generating TraceID for tracking request: 01M3FDM5DB51FZ97NAP2VH2KNH \n"}
{"level":"debug","time":"2026-09-26T23:23:54.305+0530","caller":"core/lifecycle.go:124","msg":"Setting environment"}
{"level":"debug","time":"2026-09-26T23:23:54.306+0530","caller":"core/lifecycle.go:127","msg":"Parsing config"}
{"level":"debug","time":"2026-09-26T23:23:54.306+0530","caller":"yamlconfigmanager/setup.go:746","msg":"Custom location for .hyperexecute.yaml specified. Using: RELATIVE_PATH_OF_YOUR_YAML_FILE"}
{"level":"error","time":"2026-09-26T23:23:54.306+0530","caller":"core/lifecycle.go:132","msg":"2026-09-26T23:23:49+05:30    error    \u001b[91mERR::NO::HTY\u001b[0m     Unable to find hyperexecute config file.    No file found at location RELATIVE_PATH_OF_YOUR_YAML_FILE"}
{"level":"debug","time":"2026-09-26T23:23:54.307+0530","caller":"core/lifecycle.go:76","msg":"Quit requested from main goroutine...."}
{"level":"debug","time":"2026-09-26T23:23:54.307+0530","caller":"core/lifecycle.go:77","msg":"Waiting for the goroutines to exit"}
{"level":"debug","time":"2026-09-26T23:23:54.307+0530","caller":"core/lifecycle.go:80","msg":"All lifecycle goroutines exited"}
{"level":"debug","time":"2026-09-26T23:23:54.307+0530","caller":"cmd/bin.go:348","msg":"main: all goroutines have finished."}
{"level":"debug","time":"2026-09-26T23:23:54.307+0530","caller":"cmd/bin.go:387","msg":"Exiting application due to error \u001b[91mERR::NO::HTY\u001b[0m     Unable to find hyperexecute config file.    No file found at location RELATIVE_PATH_OF_YOUR_YAML_FILE"}
{"level":"debug","time":"2026-09-26T23:26:32.083+0530","caller":"cmd/bin.go:138","msg":"cli os: windows, cli arch: amd64"}
{"level":"debug","time":"2026-09-26T23:26:32.084+0530","caller":"cmd/bin.go:139","msg":"Current binary version: 0.2.357, Environment: prod"}
{"level":"debug","time":"2026-09-26T23:26:32.735+0530","caller":"cmd/bin.go:148","msg":"Upstream version details: {Name:cli Min:0.2.265 Max:0.2.357} "}
{"level":"info","time":"2026-09-26T23:26:32.736+0530","caller":"cmd/bin.go:196","msg":"Generating TraceID for tracking request: 01M3FDS3D6J82JM4FXYBD0HRVE \n"}
{"level":"debug","time":"2026-09-26T23:26:36.050+0530","caller":"core/lifecycle.go:124","msg":"Setting environment"}
{"level":"debug","time":"2026-09-26T23:26:36.051+0530","caller":"core/lifecycle.go:127","msg":"Parsing config"}
{"level":"debug","time":"2026-09-26T23:26:36.051+0530","caller":"yamlconfigmanager/setup.go:746","msg":"Custom location for .hyperexecute.yaml specified. Using: RELATIVE_PATH_OF_YOUR_YAML_FILE"}
{"level":"error","time":"2026-09-26T23:26:36.052+0530","caller":"core/lifecycle.go:132","msg":"2026-09-26T23:26:31+05:30    error    \u001b[91mERR::NO::HTY\u001b[0m     Unable to find hyperexecute config file.    No file found at location RELATIVE_PATH_OF_YOUR_YAML_FILE"}
{"level":"debug","time":"2026-09-26T23:26:36.052+0530","caller":"core/lifecycle.go:76","msg":"Quit requested from main goroutine...."}
{"level":"debug","time":"2026-09-26T23:26:36.052+0530","caller":"core/lifecycle.go:77","msg":"Waiting for the goroutines to exit"}
{"level":"debug","time":"2026-09-26T23:26:36.053+0530","caller":"core/lifecycle.go:80","msg":"All lifecycle goroutines exited"}
{"level":"debug","time":"2026-09-26T23:26:36.053+0530","caller":"cmd/bin.go:348","msg":"main: all goroutines have finished."}
{"level":"debug","time":"2026-09-26T23:26:36.053+0530","caller":"cmd/bin.go:387","msg":"Exiting application due to error \u001b[91mERR::NO::HTY\u001b[0m     Unable to find hyperexecute config file.    No file found at location RELATIVE_PATH_OF_YOUR_YAML_FILE"}
{"level":"debug","time":"2026-09-26T23:27:46.460+0530","caller":"cmd/bin.go:138","msg":"cli os: windows, cli arch: amd64"}
{"level":"debug","time":"2026-09-26T23:27:46.462+0530","caller":"cmd/bin.go:139","msg":"Current binary version: 0.2.357, Environment: prod"}
{"level":"debug","time":"2026-09-26T23:27:47.112+0530","caller":"cmd/bin.go:148","msg":"Upstream version details: {Name:cli Min:0.2.265 Max:0.2.357} "}
{"level":"info","time":"2026-09-26T23:27:47.112+0530","caller":"cmd/bin.go:196","msg":"Generating TraceID for tracking request: 01M3FDVC19QBR068P95C9G5VXY \n"}
{"level":"debug","time":"2026-09-26T23:27:50.545+0530","caller":"core/lifecycle.go:124","msg":"Setting environment"}
{"level":"debug","time":"2026-09-26T23:27:50.545+0530","caller":"core/lifecycle.go:127","msg":"Parsing config"}
{"level":"debug","time":"2026-09-26T23:27:50.546+0530","caller":"yamlconfigmanager/setup.go:746","msg":"Custom location for .hyperexecute.yaml specified. Using: /.hyperexecute.yaml"}
{"level":"error","time":"2026-09-26T23:27:50.546+0530","caller":"core/lifecycle.go:132","msg":"2026-09-26T23:27:45+05:30    error    \u001b[91mERR::NO::HTY\u001b[0m     Unable to find hyperexecute config file.    No file found at location /.hyperexecute.yaml"}
{"level":"debug","time":"2026-09-26T23:27:50.547+0530","caller":"core/lifecycle.go:76","msg":"Quit requested from main goroutine...."}
{"level":"debug","time":"2026-09-26T23:27:50.547+0530","caller":"core/lifecycle.go:77","msg":"Waiting for the goroutines to exit"}
{"level":"debug","time":"2026-09-26T23:27:50.547+0530","caller":"core/lifecycle.go:80","msg":"All lifecycle goroutines exited"}
{"level":"debug","time":"2026-09-26T23:27:50.547+0530","caller":"cmd/bin.go:348","msg":"main: all goroutines have finished."}
{"level":"debug","time":"2026-09-26T23:27:50.547+0530","caller":"cmd/bin.go:387","msg":"Exiting application due to error \u001b[91mERR::NO::HTY\u001b[0m     Unable to find hyperexecute config file.    No file found at location /.hyperexecute.yaml"}
{"level":"debug","time":"2026-09-26T23:27:59.978+0530","caller":"cmd/bin.go:138","msg":"cli os: windows, cli arch: amd64"}
{"level":"debug","time":"2026-09-26T23:27:59.980+0530","caller":"cmd/bin.go:139","msg":"Current binary version: 0.2.357, Environment: prod"}
{"level":"debug","time":"2026-09-26T23:28:00.632+0530","caller":"cmd/bin.go:148","msg":"Upstream version details: {Name:cli Min:0.2.265 Max:0.2.357} "}
{"level":"info","time":"2026-09-26T23:28:00.633+0530","caller":"cmd/bin.go:196","msg":"Generating TraceID for tracking request: 01M3FDVS6FZY3RD8G2R7KWE2T6 \n"}
{"level":"debug","time":"2026-09-26T23:28:04.104+0530","caller":"core/lifecycle.go:124","msg":"Setting environment"}
{"level":"debug","time":"2026-09-26T23:28:04.105+0530","caller":"core/lifecycle.go:127","msg":"Parsing config"}
{"level":"debug","time":"2026-09-26T23:28:04.105+0530","caller":"yamlconfigmanager/setup.go:746","msg":"Custom location for .hyperexecute.yaml specified. Using: .hyperexecute.yaml"}
{"level":"debug","time":"2026-09-26T23:28:04.105+0530","caller":"yamlconfigmanager/setup.go:120","msg":"using hyperexecute config from : .hyperexecute.yaml"}
{"level":"debug","time":"2026-09-26T23:28:05.459+0530","caller":"yamlconfigmanager/setup.go:2250","msg":"Autodetecting test type in files of path : E:\\playwright\\102\\Playwright-102-master"}
{"level":"debug","time":"2026-09-26T23:28:05.460+0530","caller":"yamlconfigmanager/setup.go:2292","msg":"File in which test type is detected - E:\\playwright\\102\\Playwright-102-master/package.json"}
{"level":"debug","time":"2026-09-26T23:28:05.460+0530","caller":"yamlconfigmanager/setup.go:2293","msg":"Pre command in which test type is detected - npx playwright install"}
{"level":"debug","time":"2026-09-26T23:28:05.460+0530","caller":"yamlconfigmanager/setup.go:526","msg":"Automatic test type detected - playwright"}
{"level":"debug","time":"2026-09-26T23:28:05.461+0530","caller":"yamlconfigmanager/setup.go:1675","msg":"dynamic discovery redirect: flag off, keeping mode=dynamic"}
{"level":"debug","time":"2026-09-26T23:28:05.461+0530","caller":"yamlconfigmanager/setup.go:570","msg":"Tunnel: false"}
{"level":"info","time":"2026-09-26T23:28:05.461+0530","caller":"models/HypertestYamlConfig.go:993","msg":"\n\u001b[4m\u001b[1m\u001b[97mExecution Plan\u001b[0m\u001b[22m\u001b[24m"}
{"level":"info","time":"2026-09-26T23:28:05.462+0530","caller":"models/HypertestYamlConfig.go:794","msg":"Mode:    \u001b[36mautosplit\u001b[0m"}
{"level":"info","time":"2026-09-26T23:28:05.462+0530","caller":"models/HypertestYamlConfig.go:854","msg":"Runson:    \u001b[36mwin\u001b[0m"}
{"level":"info","time":"2026-09-26T23:28:05.463+0530","caller":"models/HypertestYamlConfig.go:862","msg":"Concurrency:    \u001b[36m2\u001b[0m"}
{"level":"info","time":"2026-09-26T23:28:05.464+0530","caller":"models/HypertestYamlConfig.go:926","msg":"Report:    \u001b[36menabled\u001b[0m"}
{"level":"info","time":"2026-09-26T23:28:05.464+0530","caller":"models/HypertestYamlConfig.go:940","msg":"Artefacts:"}
{"level":"info","time":"2026-09-26T23:28:05.465+0530","caller":"models/HypertestYamlConfig.go:943","msg":"    Executed-Job-Artifacts:    \u001b[36mplaywright-report/index.html\u001b[0m"}
{"level":"info","time":"2026-09-26T23:28:05.466+0530","caller":"models/HypertestYamlConfig.go:943","msg":"    My-Job-Artifacts:    \u001b[36msrc/collect/info.html\u001b[0m"}
{"level":"info","time":"2026-09-26T23:28:05.466+0530","caller":"models/HypertestYamlConfig.go:958","msg":"Cache Directories:"}
{"level":"info","time":"2026-09-26T23:28:05.467+0530","caller":"models/HypertestYamlConfig.go:960","msg":"    \u001b[36mnode_modules\u001b[0m"}
{"level":"info","time":"2026-09-26T23:28:05.468+0530","caller":"models/HypertestYamlConfig.go:1006","msg":""}
{"level":"debug","time":"2026-09-26T23:28:05.469+0530","caller":"filevalidator/setup.go:50","msg":"Warning: Checking data.json file in current directory, no dataJsonPath found in .hyperexecute.yaml"}
{"level":"debug","time":"2026-09-26T23:28:05.469+0530","caller":"filevalidator/setup.go:54","msg":"Warning: data.json file doesn't exist"}
{"level":"info","time":"2026-09-26T23:28:11.309+0530","caller":"core/lifecycle.go:318","msg":"\u001b[102m\u001b[1m\u001b[30mYou've consumed 0.00 % of your limit. Free trial mins left - 300.00\u001b[0m\u001b[22m\u001b[0m"}
{"level":"debug","time":"2026-09-26T23:28:11.310+0530","caller":"core/lifecycle.go:397","msg":"Job ID: df0c0717-29de-4acc-8e09-384b1e4d3ab9"}
{"level":"debug","time":"2026-09-26T23:28:11.311+0530","caller":"core/lifecycle.go:400","msg":"User - hemanthsridevikrishna, triggered job with ID df0c0717-29de-4acc-8e09-384b1e4d3ab9 from CLI"}
{"level":"debug","time":"2026-09-26T23:28:11.311+0530","caller":"core/lifecycle.go:403","msg":"User has provided playwright as test type for the job with ID df0c0717-29de-4acc-8e09-384b1e4d3ab9"}
{"level":"debug","time":"2026-09-26T23:28:11.310+0530","caller":"events/manager.go:97","msg":"Starting event manager"}
{"level":"debug","time":"2026-09-26T23:28:11.311+0530","caller":"events/manager.go:99","msg":"SSE enabled, getting SSE connection"}
{"level":"debug","time":"2026-09-26T23:28:11.318+0530","caller":"archivemanager/setup.go:341","msg":"digestMap: map[]"}
{"level":"debug","time":"2026-09-26T23:28:11.318+0530","caller":"archivemanager/setup.go:347","msg":"Creating archive of target directory: E:\\playwright\\102\\Playwright-102-master"}
{"level":"debug","time":"2026-09-26T23:28:12.279+0530","caller":"events/manager.go:288","msg":"connection to hyperexecute server established successfully."}
{"level":"debug","time":"2026-09-26T23:28:12.974+0530","caller":"core/lifecycle.go:554","msg":"Zip file size: 201.31 kB"}
{"level":"debug","time":"2026-09-26T23:28:13.107+0530","caller":"core/lifecycle.go:564","msg":"Archive location: E:\\playwright\\102\\Playwright-102-master\\hyperexecute-code-df0c0717-29de-4acc-8e09-384b1e4d3ab9.zip\n"}
{"level":"debug","time":"2026-09-26T23:28:13.125+0530","caller":"receptionmanager/setup.go:441","msg":"number of entries in runtimes: 0, switching to new yaml format"}
{"level":"debug","time":"2026-09-26T23:28:13.126+0530","caller":"receptionmanager/setup.go:470","msg":"number of entries in partialreports: 0, switching to new yaml format"}
{"level":"debug","time":"2026-09-26T23:28:13.126+0530","caller":"receptionmanager/setup.go:221","msg":"policy enforce: feature flag off, skipping enforcement"}
{"level":"debug","time":"2026-09-26T23:28:13.451+0530","caller":"receptionmanager/setup.go:355","msg":"Uploading yaml : E:\\playwright\\102\\Playwright-102-master\\.updatedhyperexecute.yaml"}
{"level":"debug","time":"2026-09-26T23:28:13.451+0530","caller":"storage/azure.go:59","msg":"Payload size: 4.48 kB, source path E:\\playwright\\102\\Playwright-102-master\\.updatedhyperexecute.yaml"}
{"level":"debug","time":"2026-09-26T23:28:13.469+0530","caller":"utils/azcopy.go:133","msg":"Downloading dependency binary ..................."}
{"level":"debug","time":"2026-09-26T23:28:14.433+0530","caller":"utils/azcopy.go:90","msg":"Downloading dependency to upload files"}
{"level":"info","time":"2026-09-26T23:28:26.655+0530","caller":"utils/azcopy.go:108","msg":"✔ Dependency binary downloaded successfully"}
{"level":"debug","time":"2026-09-26T23:28:26.668+0530","caller":"utils/azcopy.go:184","msg":"returning from fallback"}
{"level":"debug","time":"2026-09-26T23:28:36.826+0530","caller":"storage/azure.go:83","msg":"Azcopy output: \n\r100.0 %, 1 Done, 0 Failed, 0 Pending, 0 Skipped, 1 Total, 2-sec Throughput (Mb/s): 0.0179\nTotal time taken to upload(min) :0.0334\n, stderr: "}
{"level":"info","time":"2026-09-26T23:28:36.826+0530","caller":"storage/azure.go:122","msg":"File: E:\\playwright\\102\\Playwright-102-master\\.updatedhyperexecute.yaml upload completed in 23.3752353s"}
{"level":"debug","time":"2026-09-26T23:28:36.828+0530","caller":"storage/azure.go:59","msg":"Payload size: 201.31 kB, source path E:\\playwright\\102\\Playwright-102-master\\hyperexecute-code-df0c0717-29de-4acc-8e09-384b1e4d3ab9.zip"}
{"level":"debug","time":"2026-09-26T23:28:41.315+0530","caller":"events/manager.go:356","msg":"No new messages received from SSE for jobID: df0c0717-29de-4acc-8e09-384b1e4d3ab9. Fetching from APIs"}
{"level":"debug","time":"2026-09-26T23:28:47.449+0530","caller":"storage/azure.go:83","msg":"Azcopy output: \n\r0.0 %, 0 Done, 0 Failed, 1 Pending, 0 Skipped, 1 Total, 2-sec Throughput (Mb/s): 0.3836\r100.0 %, 1 Done, 0 Failed, 0 Pending, 0 Skipped, 1 Total, 2-sec Throughput (Mb/s): 0.4117\nTotal time taken to upload(min) :0.0675\n, stderr: "}
{"level":"info","time":"2026-09-26T23:28:47.450+0530","caller":"storage/azure.go:122","msg":"File: E:\\playwright\\102\\Playwright-102-master\\hyperexecute-code-df0c0717-29de-4acc-8e09-384b1e4d3ab9.zip upload completed in 10.6227844s"}
{"level":"debug","time":"2026-09-26T23:28:47.453+0530","caller":"core/lifecycle.go:605","msg":"Successfully deleted code archive: E:\\playwright\\102\\Playwright-102-master\\hyperexecute-code-df0c0717-29de-4acc-8e09-384b1e4d3ab9.zip\n"}
{"level":"debug","time":"2026-09-26T23:28:47.606+0530","caller":"storage/azure.go:59","msg":"Payload size: 804 B, source path mask-df0c0717-29de-4acc-8e09-384b1e4d3ab9.yaml"}
{"level":"debug","time":"2026-09-26T23:28:57.536+0530","caller":"storage/azure.go:83","msg":"Azcopy output: \n\r100.0 %, 0 Done, 0 Failed, 1 Pending, 0 Skipped, 1 Total, 2-sec Throughput (Mb/s): 0.0032\r100.0 %, 1 Done, 0 Failed, 0 Pending, 0 Skipped, 1 Total,                                \nTotal time taken to upload(min) :0.0667\n, stderr: "}
{"level":"info","time":"2026-09-26T23:28:57.536+0530","caller":"storage/azure.go:122","msg":"File: mask-df0c0717-29de-4acc-8e09-384b1e4d3ab9.yaml upload completed in 9.9306204s"}
{"level":"debug","time":"2026-09-26T23:28:57.539+0530","caller":"httpclient/client.go:45","msg":"[DEBUG] POST https://api-hyperexecute.lambdatest.com/dispatcher/api/dispatcher"}
{"level":"info","time":"2026-09-26T23:28:59.008+0530","caller":"dispatchermanager/setup.go:94","msg":"Dispatch attempt to https://api-hyperexecute.lambdatest.com/dispatcher returned status 200"}
{"level":"info","time":"2026-09-26T23:28:59.010+0530","caller":"jobmanager/sse_setup.go:86","msg":"\nJob df0c0717-29de-4acc-8e09-384b1e4d3ab9 has INITIATED"}
{"level":"info","time":"2026-09-26T23:28:59.011+0530","caller":"jobmanager/manager.go:136","msg":"Job Link: https://hyperexecute.lambdatest.com/hyperexecute/task?jobId=df0c0717-29de-4acc-8e09-384b1e4d3ab9\n"}
{"level":"debug","time":"2026-09-26T23:28:59.915+0530","caller":"jobmanager/sse_setup.go:192","msg":"Task id: HYPW-1236776-1790445540536560354XPG"}
{"level":"debug","time":"2026-09-26T23:28:59.915+0530","caller":"jobmanager/sse_setup.go:193","msg":"Sending new task alert to stage manager for taskId: HYPW-1236776-1790445540536560354XPG"}
{"level":"debug","time":"2026-09-26T23:28:59.915+0530","caller":"jobmanager/sse_setup.go:192","msg":"Task id: HYPW-1236776-1790445540541115824GGS"}
{"level":"debug","time":"2026-09-26T23:28:59.915+0530","caller":"jobmanager/sse_setup.go:193","msg":"Sending new task alert to stage manager for taskId: HYPW-1236776-1790445540541115824GGS"}
{"level":"info","time":"2026-09-26T23:29:02.182+0530","caller":"terminal/terminal.go:187","msg":"✔ [1]  cache-download (1s)\n"}
{"level":"info","time":"2026-09-26T23:29:03.098+0530","caller":"terminal/terminal.go:187","msg":"✔ [2]  cache-download (1s)\n"}
{"level":"info","time":"2026-09-26T23:29:33.247+0530","caller":"terminal/terminal.go:187","msg":"✔ [1]  pre (31s)\n"}
{"level":"info","time":"2026-09-26T23:29:33.587+0530","caller":"terminal/terminal.go:187","msg":"✔ [1]  discovery (0s)\n"}
{"level":"info","time":"2026-09-26T23:29:41.383+0530","caller":"terminal/terminal.go:187","msg":"✔ [2]  pre (39s)\n"}
{"level":"info","time":"2026-09-26T23:29:41.464+0530","caller":"terminal/terminal.go:187","msg":"✔ [2]  discovery (0s)\n"}
{"level":"info","time":"2026-09-26T23:30:09.846+0530","caller":"terminal/terminal.go:187","msg":"✔ [1]  tests/test_1.spec.js (28s)\n"}
{"level":"debug","time":"2026-09-26T23:30:39.864+0530","caller":"events/manager.go:356","msg":"No new messages received from SSE for jobID: df0c0717-29de-4acc-8e09-384b1e4d3ab9. Fetching from APIs"}
{"level":"debug","time":"2026-09-26T23:30:49.388+0530","caller":"jobmanager/sse_setup.go:134","msg":"\n\nJob status"}
{"level":"info","time":"2026-09-26T23:30:50.060+0530","caller":"jobmanager/JobSummaryManager.go:54","msg":"\n COMPLETED \n"}
{"level":"info","time":"2026-09-26T23:30:50.061+0530","caller":"jobmanager/JobSummaryManager.go:113","msg":"    Test Execution Time:                  15s"}
{"level":"info","time":"2026-09-26T23:30:50.061+0530","caller":"jobmanager/JobSummaryManager.go:113","msg":"    Job Duration Time:                    1m46s"}
{"level":"info","time":"2026-09-26T23:30:50.062+0530","caller":"jobmanager/JobSummaryManager.go:113","msg":"    Total Tasks:                          2"}
{"level":"info","time":"2026-09-26T23:30:50.063+0530","caller":"jobmanager/JobSummaryManager.go:113","msg":"    Cumulative Time Consumed:             2m25s"}
{"level":"info","time":"2026-09-26T23:30:50.063+0530","caller":"jobmanager/JobSummaryManager.go:113","msg":"    Total Stages:                         5"}
{"level":"info","time":"2026-09-26T23:30:50.064+0530","caller":"jobmanager/JobSummaryManager.go:113","msg":"    Pass discovery stage percentage:      100.00%"}
{"level":"info","time":"2026-09-26T23:30:50.065+0530","caller":"jobmanager/JobSummaryManager.go:113","msg":"    Failed discovery stage percentage:    0.00%"}
{"level":"info","time":"2026-09-26T23:30:50.066+0530","caller":"jobmanager/JobSummaryManager.go:113","msg":"    Pass pre stage percentage:            100.00%"}
{"level":"info","time":"2026-09-26T23:30:50.067+0530","caller":"jobmanager/JobSummaryManager.go:113","msg":"    Failed pre stage percentage:          0.00%"}
{"level":"info","time":"2026-09-26T23:30:50.068+0530","caller":"jobmanager/JobSummaryManager.go:113","msg":"    Pass test stage percentage:           100.00%"}
{"level":"info","time":"2026-09-26T23:30:50.069+0530","caller":"jobmanager/JobSummaryManager.go:113","msg":"    Failed test stage percentage:         0.00%"}
{"level":"info","time":"2026-09-26T23:30:50.071+0530","caller":"jobmanager/JobSummaryManager.go:113","msg":"    Pass post stage percentage:           0.00%"}
{"level":"info","time":"2026-09-26T23:30:50.075+0530","caller":"jobmanager/JobSummaryManager.go:113","msg":"    Failed post stage percentage:         0.00%"}
{"level":"info","time":"2026-09-26T23:30:50.077+0530","caller":"jobmanager/JobSummaryManager.go:113","msg":"    Failed Tasks:                         0"}
{"level":"info","time":"2026-09-26T23:30:50.081+0530","caller":"jobmanager/JobSummaryManager.go:58","msg":""}
{"level":"debug","time":"2026-09-26T23:30:50.415+0530","caller":"core/lifecycle.go:821","msg":"Context canceled"}
{"level":"info","time":"2026-09-26T23:30:50.416+0530","caller":"core/lifecycle.go:824","msg":"Stopping pipeline gracefully"}
{"level":"info","time":"2026-09-26T23:30:50.416+0530","caller":"events/manager.go:338","msg":"context done and stopping SSE"}
{"level":"debug","time":"2026-09-26T23:30:50.420+0530","caller":"events/manager.go:256","msg":"Stopping event manager"}
{"level":"info","time":"2026-09-26T23:30:50.420+0530","caller":"jobmanager/manager.go:136","msg":"Job Link: https://hyperexecute.lambdatest.com/hyperexecute/task?jobId=df0c0717-29de-4acc-8e09-384b1e4d3ab9\n"}
{"level":"debug","time":"2026-09-26T23:30:50.421+0530","caller":"core/lifecycle.go:76","msg":"Quit requested from main goroutine...."}
{"level":"debug","time":"2026-09-26T23:30:50.421+0530","caller":"core/lifecycle.go:77","msg":"Waiting for the goroutines to exit"}
{"level":"debug","time":"2026-09-26T23:30:50.422+0530","caller":"core/lifecycle.go:80","msg":"All lifecycle goroutines exited"}
{"level":"debug","time":"2026-09-26T23:30:50.422+0530","caller":"cmd/bin.go:348","msg":"main: all goroutines have finished."}
